id,name,name_en,place,population,is_in,source,adm1_name,adm2_name
way/391965812,,,,,,,Zambezi,Kabbe
way/1242807280,,,,,,,Zambezi,Kabbe
way/316531153,Ivilivinzi,,,,,,Zambezi,Kabbe
node/12171825925,Ilalangwena,,village,,,,Zambezi,Kabbe
way/1242807281,Ivilivinzi,,,,,,Zambezi,Kabbe
way/1315042595,IVILIVINZI,,village,,,,Zambezi,Kabbe
node/12171825924,Sintimbwi,,village,,,,Zambezi,Kabbe
way/1242807282,Ivilivinzi,,,,,,Zambezi,Kabbe
node/12171825890,Isikili,,village,,,,Zambezi,Kabbe
way/392134287,,,,,,,Zambezi,Kabbe
relation/18290951,,,,,,,Zambezi,Kabbe
way/392152983,,,,,,,Zambezi,Kabbe
relation/18290950,Makoma Makoma,,,,,,Zambezi,Kabbe
way/1334250580,,,,,,,Zambezi,Kabbe
way/392152982,Makoma Makoma,,,,,,Zambezi,Kabbe
way/346942615,,,,,,,Zambezi,Katima Mulilo Rural
node/13957631257,Makusi,,hamlet,,,,Zambezi,Katima Mulilo Rural
way/392150659,,,,,,,Zambezi,Katima Mulilo Rural
way/392150657,,,,,,,Zambezi,Katima Mulilo Rural
node/13957631258,Sizimbukwa,,village,,,,Zambezi,Katima Mulilo Rural
node/13957631256,Kapolota,,hamlet,,,,Zambezi,Katima Mulilo Rural
node/5289060017,Mungweze,,hamlet,,,,Zambezi,Katima Mulilo Rural
node/13957631250,Maritzburg,,village,,,,Zambezi,Katima Mulilo Rural
node/13957631247,Kachepati,,hamlet,,,,Zambezi,Katima Mulilo Rural
node/13957631249,Kasikili,,hamlet,,,,Zambezi,Katima Mulilo Rural
node/13957631248,Kabula,,hamlet,,,,Zambezi,Katima Mulilo Rural
way/794251545,,,,,,,Zambezi,Katima Mulilo Rural
way/794251546,,,,,,,Zambezi,Katima Mulilo Rural
node/9754812614,Ngoma,,village,,,,Zambezi,Katima Mulilo Rural
node/2469647268,Ngoma Bridge,,hamlet,,,,,
node/13957631251,Isuswa,,village,,,,Zambezi,Katima Mulilo Rural
node/13957631252,Ioma,,village,,,,Zambezi,Katima Mulilo Rural
node/3216076242,,,hamlet,,,,Zambezi,Katima Mulilo Rural
way/409440456,,,,,,,Zambezi,Katima Mulilo Rural
node/3216076445,Ikumwe,,village,,,,Zambezi,Katima Mulilo Rural
way/346942607,,,,,,,Zambezi,Katima Mulilo Rural
node/3948675505,Kazalui,,hamlet,,,,Zambezi,Katima Mulilo Rural
node/9747573466,Silumbi,,village,,,,Zambezi,Katima Mulilo Rural
node/9747566767,Kabubwana,,hamlet,,,,Zambezi,Katima Mulilo Rural
node/13957631260,Libuyu,,village,,,,Zambezi,Katima Mulilo Rural
way/416445103,,,,,,,Zambezi,Katima Mulilo Rural
way/417946340,,,,,,,Zambezi,Katima Mulilo Rural
node/5316199343,Muyako,,village,,,,Zambezi,Katima Mulilo Rural
way/1060372853,,,hamlet,,,,Zambezi,Katima Mulilo Rural
node/900940421,Iseke,,village,,,,Zambezi,Katima Mulilo Rural
way/410317198,Chincimane,,,,,,Zambezi,Sibbinda
way/1242975162,,,,,,,Zambezi,Sibbinda
way/1242975163,,,,,,,Zambezi,Sibbinda
way/1242975164,,,,,,,Zambezi,Sibbinda
way/1242975165,,,,,,,Zambezi,Sibbinda
way/1242975161,,,,,,,Zambezi,Sibbinda
way/1242975160,,,,,,,Zambezi,Sibbinda
way/1242975183,,,,,,,Zambezi,Sibbinda
way/1242975185,,,,,,,Zambezi,Sibbinda
way/1242975190,,,,,,,Zambezi,Sibbinda
way/1242975189,,,,,,,Zambezi,Sibbinda
way/1242975188,,,,,,,Zambezi,Sibbinda
way/1242975187,,,,,,,Zambezi,Sibbinda
way/1242975186,,,,,,,Zambezi,Sibbinda
way/1242975191,,,,,,,Zambezi,Sibbinda
node/8749906019,Lusu,,hamlet,,,,Zambezi,Sibbinda
way/384981513,,,,,,,Zambezi,Sibbinda
way/1242975177,,,,,,,Zambezi,Sibbinda
way/1242975180,,,,,,,Zambezi,Sibbinda
way/1242975181,,,,,,,Zambezi,Sibbinda
way/1242975184,,,,,,,Zambezi,Sibbinda
node/5289029310,Malundu,,hamlet,,,,Zambezi,Sibbinda
way/1242975182,,,,,,,Zambezi,Sibbinda
way/1242975179,,,,,,,Zambezi,Sibbinda
way/1242975178,,,,,,,Zambezi,Sibbinda
way/1242975176,,,,,,,Zambezi,Sibbinda
way/1242975172,,,,,,,Zambezi,Sibbinda
way/1242975173,,,,,,,Zambezi,Sibbinda
way/1242975175,,,,,,,Zambezi,Sibbinda
node/5289029311,Kanono,,village,,,,Zambezi,Sibbinda
way/1242975174,,,,,,,Zambezi,Sibbinda
way/1242975171,,,,,,,Zambezi,Sibbinda
way/1242975157,,,,,,,Zambezi,Sibbinda
way/1242975158,,,,,,,Zambezi,Sibbinda
way/1242975159,,,,,,,Zambezi,Sibbinda
way/1242975170,,,,,,,Zambezi,Sibbinda
node/8749958074,Kakoma,,hamlet,,,,Zambezi,Sibbinda
way/1242975169,,,,,,,Zambezi,Sibbinda
way/1242975168,,,,,,,Zambezi,Sibbinda
way/1242975167,,,,,,,Zambezi,Sibbinda
node/5289029373,Shaile,,hamlet,,,,Zambezi,Sibbinda
way/1242975166,,,,,,,Zambezi,Sibbinda
way/945115906,,,,,,,Zambezi,Sibbinda
way/416445939,,,,,,,Zambezi,Sibbinda
way/416445937,,,,,,,Zambezi,Sibbinda
way/416444522,,,,,,,Zambezi,Katima Mulilo Rural
way/416445104,,,,,,,Zambezi,Sibbinda
way/416445105,,,,,,,Zambezi,Sibbinda
way/416445936,,,,,,,Zambezi,Sibbinda
way/416445938,,,,,,,Zambezi,Sibbinda
way/416444521,,,,,,,Zambezi,Katima Mulilo Rural
node/5321445892,Kaliangile,,hamlet,,,,Zambezi,Kongola
way/1036112229,Makusi,,,,,,Zambezi,Sibbinda
way/1053928840,Sibbinda,,village,,,,Zambezi,Linyanti
way/1053931263,,,,,,,Zambezi,Linyanti
way/1198588501,Solar village,,,,,,Zambezi,Linyanti
way/249062375,Makanga,,village,,,,Zambezi,Linyanti
way/1255459043,,,,,,,Zambezi,Linyanti
way/1303844103,,,,,,,Zambezi,Linyanti
node/12074878227,Golden Halfway,,hamlet,,,,Zambezi,Linyanti
way/1303844102,,,,,,,Zambezi,Linyanti
way/1303844101,,,,,,,Zambezi,Linyanti
way/1053709393,Masida,,,,,,Zambezi,Linyanti
way/1303844099,,,,,,,Zambezi,Linyanti
way/1303844100,,,,,,,Zambezi,Linyanti
way/1053934301,Kansoko,,,,,,Zambezi,Linyanti
way/1053926662,Sitanta,,,,,,Zambezi,Linyanti
way/1303844097,,,,,,,Zambezi,Linyanti
way/1303844098,,,,,,,Zambezi,Linyanti
node/12073735491,,,isolated_dwelling,,,,Zambezi,Linyanti
node/3215883271,,,hamlet,,,,Zambezi,Linyanti
node/12074878471,,,isolated_dwelling,,,,Zambezi,Linyanti
node/12073735094,,,isolated_dwelling,,,,Zambezi,Linyanti
node/12073734962,,,isolated_dwelling,,,,Zambezi,Linyanti
node/12073734870,,,hamlet,,,,Zambezi,Linyanti
node/11551945105,Samulandela,,hamlet,,,,Zambezi,Linyanti
way/955495314,Singobeka,,,,,,Zambezi,Linyanti
way/1242975198,,,,,,,Zambezi,Linyanti
way/1242975196,,,,,,,Zambezi,Linyanti
way/1242975195,,,,,,,Zambezi,Linyanti
way/1242975199,,,,,,,Zambezi,Linyanti
way/1242975194,,,,,,,Zambezi,Linyanti
way/1242975193,,,,,,,Zambezi,Linyanti
way/1242975192,,,,,,,Zambezi,Linyanti
way/1242975200,,,,,,,Zambezi,Linyanti
node/5318475103,Kapani,,village,,,,Zambezi,Linyanti
way/1242975201,,,,,,,Zambezi,Linyanti
way/1242975197,,,,,,,Zambezi,Linyanti
node/3215893776,,,hamlet,,,,Zambezi,Linyanti
node/5289029374,Muketela,,hamlet,,,,Zambezi,Sibbinda
way/410939245,,,,,,,Zambezi,Sibbinda
node/3215893530,Kikiya,,hamlet,,,,Zambezi,Sibbinda
way/410939247,,,,,,,Zambezi,Sibbinda
way/410939246,,,,,,,Zambezi,Sibbinda
node/3215893798,Sabelo,,hamlet,,,,Zambezi,Linyanti
way/315470572,Linyanti,,village,,,,Zambezi,Linyanti
node/3215883478,Maunga,,hamlet,,,,Zambezi,Linyanti
way/955495309,,,,,,,Zambezi,Linyanti
way/955495310,,,,,,,Zambezi,Linyanti
way/552872626,Batubaja,,,,,,Zambezi,Linyanti
node/11551945106,Batubaja,,hamlet,,,,Zambezi,Linyanti
node/11551945107,Mbilajwe,,hamlet,,,,Zambezi,Linyanti
way/955491738,Mbilajwe,,,,,,Zambezi,Linyanti
way/955491737,,,,,,,Zambezi,Linyanti
way/955491739,,,,,,,Zambezi,Linyanti
node/8843298820,Silonga,,hamlet,,,,Zambezi,Linyanti
node/8843255385,Tokomela,,hamlet,,,,Zambezi,Linyanti
way/955491735,,,,,,,Zambezi,Linyanti
way/955492831,,,,,,,Zambezi,Linyanti
way/955492832,Samudono,,,,,,Zambezi,Linyanti
way/955495304,,,,,,,Zambezi,Linyanti
way/955495307,Lupito,,,,,,Zambezi,Linyanti
node/7227646545,Masiye,,hamlet,,,,Zambezi,Linyanti
way/953081082,,,,,,,Zambezi,Linyanti
way/955491740,Malengalenga,,,,,,Zambezi,Linyanti
node/11551945108,Malengalenga,,village,,,,Zambezi,Linyanti
node/4919598000,,,hamlet,,,,Omaheke,Kalahari
node/2766834460,,,village,,,,Omaheke,Aminius
node/2766834466,,,village,,,,Omaheke,Aminius
node/3186773426,,,hamlet,,,,Omaheke,Aminius
node/3186757137,,,hamlet,,,,Omaheke,Aminius
node/3186757086,,,hamlet,,,,Omaheke,Aminius
node/2763846372,,,hamlet,,,,Omaheke,Aminius
node/2763846768,,,village,,,,Omaheke,Aminius
node/2763846500,,,isolated_dwelling,,,,Omaheke,Aminius
node/2763846206,Okomboha,,village,,,,Omaheke,Aminius
node/2763846196,Aroams Oos,,village,,,,Omaheke,Aminius
node/2763846219,Otjiungukwa,,village,,,,Omaheke,Aminius
node/2763847817,,,hamlet,,,,Omaheke,Aminius
node/2763846215,Okoukambe,,village,,,,Omaheke,Aminius
node/2766585683,Okomungondo,,village,,,,Omaheke,Aminius
node/2766585692,Okonyama,,village,,,,Omaheke,Aminius
node/2766585710,Omutumbondudu,,hamlet,,,,Omaheke,Aminius
node/2766585721,Otjituwe,,hamlet,,,,Omaheke,Aminius
node/2766585732,Otjongombe,,hamlet,,,,Omaheke,Aminius
node/2766585699,Omitiomire,,hamlet,,,,Omaheke,Aminius
node/2766585726,Otjombungu,,village,,,,Omaheke,Aminius
node/2766585675,Okombepera,,village,,,,Omaheke,Aminius
node/2766587733,,,isolated_dwelling,,,,Omaheke,Aminius
node/2766585742,Otjoruharwi,,village,,,,Omaheke,Aminius
node/2137291612,Otjomukona,,hamlet,,,,Omaheke,Aminius
node/2763846217,Otjikoto,,hamlet,,,,Omaheke,Aminius
way/978243071,,,,,,,Omaheke,Aminius
node/260779501,Onderombapa,,village,,,,Omaheke,Aminius
node/2763847617,,,isolated_dwelling,,,,Omaheke,Aminius
node/2763847523,,,hamlet,,,,Omaheke,Aminius
node/2763846213,Okomumbonde,,hamlet,,,,Omaheke,Aminius
node/2763846204,Okaseta,,village,,,,Omaheke,Aminius
node/2763846199,Aroams,,village,,,,Omaheke,Aminius
node/2763846202,Klein Aroams,,hamlet,,,,Omaheke,Aminius
node/11676843164,,,isolated_dwelling,,,,Omaheke,Aminius
node/2137291609,Oreviya,,village,,,,Omaheke,Aminius
node/3186867181,,,hamlet,,,,Omaheke,Kalahari
node/3186757121,,,hamlet,,,,Omaheke,Kalahari
node/7250089886,Tsjaka,,village,,,,Omaheke,Kalahari
way/978429476,,,,,,,Omaheke,Kalahari
node/2137291611,Otjipandjarwa,,village,,,,Omaheke,Aminius
node/2137291887,,,village,,,,Omaheke,Aminius
node/3188612439,,,hamlet,,,,Omaheke,Kalahari
node/3172470748,,,hamlet,,,,Omaheke,Gobabis
node/3172469995,,,hamlet,,,,Omaheke,Gobabis
way/389555122,Farm Schellenberg,,,,,,Omaheke,Gobabis
node/3927225832,Farm Schellenberg,,isolated_dwelling,,,,Omaheke,Gobabis
node/260776440,Gross Ums,,hamlet,,,,Omaheke,Aminius
way/308953323,,,,,,,Omaheke,Aminius
node/2137295264,Sarie Maré,,hamlet,,,,Omaheke,Aminius
way/308953339,,,,,,,Omaheke,Aminius
node/2137291610,Otjihozevi,,village,,,,Omaheke,Aminius
node/2137291608,Okahiokaapa,,village,,,,Omaheke,Aminius
node/2766585704,Omitivine,,village,,,,Omaheke,Aminius
node/2766588449,,,isolated_dwelling,,,,Omaheke,Aminius
node/2766588457,,,isolated_dwelling,,,,Omaheke,Aminius
node/2766588784,,,isolated_dwelling,,,,Omaheke,Aminius
node/2766589127,Ozondjiva,,village,,,,Omaheke,Aminius
node/2766834449,Otjovakombe,,village,,,,Omaheke,Aminius
node/2766834379,Oahava,,village,,,,Omaheke,Aminius
way/1494526168,,,,,,,Omaheke,Aminius
way/1493232754,,,,,,,Omaheke,Aminius
way/1493232751,,,,,,,Omaheke,Aminius
way/1497195996,,,,,,,Omaheke,Aminius
way/1493232771,,,,,,,Omaheke,Aminius
way/1493210333,,,,,,,Omaheke,Aminius
way/1493232747,,,,,,,Omaheke,Aminius
way/1493210338,,,,,,,Omaheke,Aminius
way/1493210335,,,,,,,Omaheke,Aminius
way/1493232768,,,,,,,Omaheke,Aminius
way/308953342,,,,,,,Omaheke,Aminius
way/1496560010,,,,,,,Omaheke,Aminius
way/1497186407,,,,,,,Omaheke,Aminius
way/1497186406,,,,,,,Omaheke,Aminius
way/1497186408,,,,,,,Omaheke,Aminius
way/1493239517,,,,,,,Omaheke,Aminius
way/1497186409,,,,,,,Omaheke,Aminius
way/1496560007,,,,,,,Omaheke,Aminius
way/1493239520,,,,,,,Omaheke,Aminius
way/1494064346,,,,,,,Omaheke,Aminius
way/1494064344,,,,,,,Omaheke,Aminius
way/1494074289,,,,,,,Omaheke,Aminius
way/1494064380,,,,,,,Omaheke,Aminius
way/1494064379,,,,,,,Omaheke,Aminius
way/1494074299,,,,,,,Omaheke,Aminius
way/946778007,,,,,,,Omaheke,Aminius
way/1494074300,,,,,,,Omaheke,Aminius
way/308953317,,,,,,,Omaheke,Aminius
node/260782808,Aminuis,,village,,,,Omaheke,Aminius
way/1494074294,,,,,,,Omaheke,Aminius
way/1494074293,,,,,,,Omaheke,Aminius
way/1494074292,,,,,,,Omaheke,Aminius
way/1494074297,,,,,,,Omaheke,Aminius
way/1493232732,,,,,,,Omaheke,Aminius
way/1493232731,,,,,,,Omaheke,Aminius
way/1493232728,,,,,,,Omaheke,Aminius
way/1493232727,,,,,,,Omaheke,Aminius
way/1493232718,,,,,,,Omaheke,Aminius
way/1494074291,,,,,,,Omaheke,Aminius
way/1493232773,,,,,,,Omaheke,Aminius
way/1493232724,,,,,,,Omaheke,Aminius
way/1493232740,,,,,,,Omaheke,Aminius
way/1495250724,,,,,,,Omaheke,Aminius
way/1495250726,,,,,,,Omaheke,Aminius
way/1495250727,,,,,,,Omaheke,Aminius
way/1495250728,,,,,,,Omaheke,Aminius
way/1495250725,,,,,,,Omaheke,Aminius
way/1494074290,,,,,,,Omaheke,Aminius
way/1494064334,,,,,,,Omaheke,Aminius
way/1494064343,,,,,,,Omaheke,Aminius
way/1494064376,,,,,,,Omaheke,Aminius
way/1494074288,,,,,,,Omaheke,Aminius
way/1493239503,,,,,,,Omaheke,Aminius
way/1493239511,,,,,,,Omaheke,Aminius
way/1497186419,,,,,,,Omaheke,Aminius
way/1497186435,,,,,,,Omaheke,Aminius
way/1497186444,,,,,,,Omaheke,Aminius
way/1497186443,,,,,,,Omaheke,Aminius
way/1498070326,,,,,,,Omaheke,Aminius
way/1498070328,,,,,,,Omaheke,Aminius
way/1498070331,,,,,,,Omaheke,Aminius
way/1498072748,,,,,,,Omaheke,Aminius
way/1498072752,,,,,,,Omaheke,Aminius
way/1498072746,,,,,,,Omaheke,Aminius
way/1498072742,,,,,,,Omaheke,Aminius
way/1498072741,,,,,,,Omaheke,Aminius
way/1498072740,,,,,,,Omaheke,Aminius
way/1498072738,,,,,,,Omaheke,Aminius
way/1498072739,,,,,,,Omaheke,Aminius
way/1498072731,,,,,,,Omaheke,Aminius
way/1498072730,,,,,,,Omaheke,Aminius
way/1498072718,,,,,,,Omaheke,Aminius
way/1498072736,,,,,,,Omaheke,Aminius
way/1498072734,,,,,,,Omaheke,Aminius
way/1498072717,,,,,,,Omaheke,Aminius
way/1498072722,,,,,,,Omaheke,Aminius
way/1498072728,,,,,,,Omaheke,Aminius
way/1498072725,,,,,,,Omaheke,Aminius
way/1498075297,,,,,,,Omaheke,Aminius
way/1498072723,,,,,,,Omaheke,Aminius
way/1498075284,,,,,,,Omaheke,Aminius
way/1498075286,,,,,,,Omaheke,Aminius
way/1498075288,,,,,,,Omaheke,Aminius
way/1498075290,,,,,,,Omaheke,Aminius
way/1498075292,,,,,,,Omaheke,Aminius
way/1498075316,,,,,,,Omaheke,Aminius
way/1498075280,,,,,,,Omaheke,Aminius
way/1498072803,,,,,,,Omaheke,Aminius
way/1498072804,,,,,,,Omaheke,Aminius
way/1498075303,,,,,,,Omaheke,Aminius
way/1498075304,,,,,,,Omaheke,Aminius
way/1498075306,,,,,,,Omaheke,Aminius
way/1498072806,,,,,,,Omaheke,Aminius
way/1498072810,,,,,,,Omaheke,Aminius
way/1498072812,,,,,,,Omaheke,Aminius
way/1498072814,,,,,,,Omaheke,Aminius
way/1498072813,,,,,,,Omaheke,Aminius
way/1498072799,,,,,,,Omaheke,Aminius
way/1498072796,,,,,,,Omaheke,Aminius
way/1498072801,,,,,,,Omaheke,Aminius
way/1498072792,,,,,,,Omaheke,Aminius
way/1498072793,,,,,,,Omaheke,Aminius
way/1498072782,,,,,,,Omaheke,Aminius
way/1498072778,,,,,,,Omaheke,Aminius
way/1498072784,,,,,,,Omaheke,Aminius
way/1498072777,,,,,,,Omaheke,Aminius
way/1498072775,,,,,,,Omaheke,Aminius
way/1498072770,,,,,,,Omaheke,Aminius
way/1498072766,,,,,,,Omaheke,Aminius
way/1498072764,,,,,,,Omaheke,Aminius
way/1498072765,,,,,,,Omaheke,Aminius
way/1498072763,,,,,,,Omaheke,Aminius
way/1498072771,,,,,,,Omaheke,Aminius
way/1498072767,,,,,,,Omaheke,Aminius
way/1498072785,,,,,,,Omaheke,Aminius
way/1498072781,,,,,,,Omaheke,Aminius
way/1498075311,,,,,,,Omaheke,Aminius
way/1497304000,,,,,,,Omaheke,Aminius
way/1497360962,,,,,,,Omaheke,Aminius
way/1497303997,,,,,,,Omaheke,Aminius
way/1497303998,,,,,,,Omaheke,Aminius
way/1497303999,,,,,,,Omaheke,Aminius
way/1497303996,,,,,,,Omaheke,Aminius
way/1497303995,,,,,,,Omaheke,Aminius
way/1497360958,,,,,,,Omaheke,Aminius
node/2766834374,Mokaleng,,village,,,,Omaheke,Aminius
relation/18374195,,,,,,,Omaheke,Aminius
way/1498075329,,,,,,,Omaheke,Aminius
way/1498075339,,,,,,,Omaheke,Aminius
way/1498075345,,,,,,,Omaheke,Aminius
way/1498075354,,,,,,,Omaheke,Aminius
way/1498075343,,,,,,,Omaheke,Aminius
way/1498075353,,,,,,,Omaheke,Aminius
way/1498075352,,,,,,,Omaheke,Aminius
way/1498075355,,,,,,,Omaheke,Aminius
node/2061470759,Hugus,,hamlet,,,,Omaheke,Aminius
way/1498075323,,,,,,,Omaheke,Aminius
way/1498075309,,,,,,,Omaheke,Aminius
way/1498070263,,,,,,,Omaheke,Aminius
way/1498070278,,,,,,,Omaheke,Aminius
way/1498070277,,,,,,,Omaheke,Aminius
way/1498070267,,,,,,,Omaheke,Aminius
way/1498070269,,,,,,,Omaheke,Aminius
way/1498070270,,,,,,,Omaheke,Aminius
way/1498070271,,,,,,,Omaheke,Aminius
way/1498070272,,,,,,,Omaheke,Aminius
way/1498070274,,,,,,,Omaheke,Aminius
way/1498070281,,,,,,,Omaheke,Aminius
way/1498070280,,,,,,,Omaheke,Aminius
way/1498070284,,,,,,,Omaheke,Aminius
way/1498070289,,,,,,,Omaheke,Aminius
way/1498070288,,,,,,,Omaheke,Aminius
node/2061470760,Otjongwe,,hamlet,,,,Omaheke,Aminius
way/1498070317,,,,,,,Omaheke,Aminius
way/1498070322,,,,,,,Omaheke,Aminius
way/1498070315,,,,,,,Omaheke,Aminius
way/1498070297,,,,,,,Omaheke,Aminius
way/1498070294,,,,,,,Omaheke,Aminius
way/1498070254,,,,,,,Omaheke,Aminius
way/1498070251,,,,,,,Omaheke,Aminius
way/1498070296,,,,,,,Omaheke,Aminius
way/1498070256,,,,,,,Omaheke,Aminius
way/1498070260,,,,,,,Omaheke,Aminius
way/1498070290,,,,,,,Omaheke,Aminius
way/1498070293,,,,,,,Omaheke,Aminius
way/1498070292,,,,,,,Omaheke,Aminius
way/1498070291,,,,,,,Omaheke,Aminius
way/1498070295,,,,,,,Omaheke,Aminius
way/1498070261,,,,,,,Omaheke,Aminius
way/1498070262,,,,,,,Omaheke,Aminius
way/1498070300,,,,,,,Hardap,Mariental Rural
way/1498070301,,,,,,,Hardap,Mariental Rural
way/1498070308,,,,,,,Hardap,Mariental Rural
way/1498070314,,,,,,,Hardap,Mariental Rural
way/1498070318,,,,,,,Omaheke,Aminius
way/312601039,,,,,,,Omaheke,Aminius
way/218999420,,,,,,,Omaheke,Aminius
way/218999383,,,,,,,Omaheke,Aminius
node/243765022,Leonardville,,village,,,,Omaheke,Aminius
node/3186974293,,,hamlet,,,,Hardap,Mariental Rural
node/3188466354,,,hamlet,,,,Hardap,Mariental Rural
node/3174298986,,,hamlet,,,,Hardap,Mariental Rural
node/3170438041,,,hamlet,,,,Hardap,Mariental Rural
node/3170438049,,,hamlet,,,,Hardap,Mariental Rural
way/218241663,,,,,,,Hardap,Mariental Rural
way/218241668,,,,,,,Hardap,Mariental Rural
node/243746400,Aranos,,town,3683,,,Hardap,Mariental Rural
way/218241656,,,,,,,Hardap,Mariental Rural
node/3184688076,,,hamlet,,,,Hardap,Mariental Rural
node/3184688363,,,hamlet,,,,Hardap,Mariental Rural
node/3184688100,,,hamlet,,,,Hardap,Mariental Rural
way/308953327,,,,,,,Hardap,Mariental Rural
way/310704121,,,,,,,Hardap,Mariental Rural
node/3161600865,,,hamlet,,,,Hardap,Mariental Rural
way/310706709,,,,,,,Hardap,Mariental Rural
way/695646949,,,,,,,Hardap,Mariental Rural
way/695646953,,,,,,,Hardap,Mariental Rural
way/695646952,,,,,,,Hardap,Mariental Rural
way/695646956,,,,,,,Hardap,Mariental Rural
way/1497198447,,,,,,,Omaheke,Aminius
way/1497352957,,,,,,,Omaheke,Aminius
way/1497304005,,,,,,,Omaheke,Aminius
way/1497304006,,,,,,,Omaheke,Aminius
way/1497304009,,,,,,,Omaheke,Aminius
way/1497352961,,,,,,,Omaheke,Aminius
way/1497352963,,,,,,,Omaheke,Aminius
way/1497198467,,,,,,,Omaheke,Aminius
way/1497198457,,,,,,,Omaheke,Aminius
way/1497198468,,,,,,,Omaheke,Aminius
way/1497198455,,,,,,,Omaheke,Aminius
way/1497198452,,,,,,,Omaheke,Aminius
way/1497360935,,,,,,,Omaheke,Aminius
way/1497355381,,,,,,,Omaheke,Aminius
way/1497355386,,,,,,,Omaheke,Aminius
way/1497353007,,,,,,,Omaheke,Aminius
way/1497353005,,,,,,,Omaheke,Aminius
way/1497352994,,,,,,,Omaheke,Aminius
way/1497352992,,,,,,,Omaheke,Aminius
way/1497352988,,,,,,,Omaheke,Aminius
way/1497353006,,,,,,,Omaheke,Aminius
way/1497352984,,,,,,,Omaheke,Aminius
way/1497355377,,,,,,,Omaheke,Aminius
way/1497303971,,,,,,,Omaheke,Aminius
way/1497352974,,,,,,,Omaheke,Aminius
way/1497352976,,,,,,,Omaheke,Aminius
way/1497352980,,,,,,,Omaheke,Aminius
way/1497353027,,,,,,,Omaheke,Aminius
way/1497352973,,,,,,,Omaheke,Aminius
way/1497304012,,,,,,,Omaheke,Aminius
way/1497352967,,,,,,,Omaheke,Aminius
way/1497353029,,,,,,,Omaheke,Aminius
way/1497353018,,,,,,,Omaheke,Aminius
way/1497355392,,,,,,,Omaheke,Aminius
way/1497353016,,,,,,,Omaheke,Aminius
way/1497353017,,,,,,,Omaheke,Aminius
way/1497353014,,,,,,,Omaheke,Aminius
way/1497353015,,,,,,,Omaheke,Aminius
way/1497353012,,,,,,,Omaheke,Aminius
way/1497353008,,,,,,,Omaheke,Aminius
way/1497353009,,,,,,,Omaheke,Aminius
way/1497353010,,,,,,,Omaheke,Aminius
way/1497353011,,,,,,,Omaheke,Aminius
way/1497303993,,,,,,,Omaheke,Aminius
way/1497355395,,,,,,,Omaheke,Aminius
way/1497355390,,,,,,,Omaheke,Aminius
way/1497303987,,,,,,,Omaheke,Aminius
way/1497353013,,,,,,,Omaheke,Aminius
way/1497303989,,,,,,,Omaheke,Aminius
way/1497303952,,,,,,,Omaheke,Aminius
way/1497303957,,,,,,,Omaheke,Aminius
way/1497303968,,,,,,,Omaheke,Aminius
way/1497360953,,,,,,,Omaheke,Aminius
way/1497360943,,,,,,,Omaheke,Aminius
way/1497360947,,,,,,,Omaheke,Aminius
way/1497198513,,,,,,,Omaheke,Aminius
way/1497198512,,,,,,,Omaheke,Aminius
node/2766834398,Okeruru,,village,,,,Omaheke,Aminius
way/1497198502,,,,,,,Omaheke,Aminius
way/1497198505,,,,,,,Omaheke,Aminius
way/1497198504,,,,,,,Omaheke,Aminius
way/1497198496,,,,,,,Omaheke,Aminius
way/1497198495,,,,,,,Omaheke,Aminius
node/2766834405,Okomukaru,,village,,,,Omaheke,Aminius
way/1497198490,,,,,,,Omaheke,Aminius
way/1497198497,,,,,,,Omaheke,Aminius
way/1497198498,,,,,,,Omaheke,Aminius
way/1497198494,,,,,,,Omaheke,Aminius
way/1497198489,,,,,,,Omaheke,Aminius
way/1497198480,,,,,,,Omaheke,Aminius
way/1497198471,,,,,,,Omaheke,Aminius
way/1497198475,,,,,,,Omaheke,Aminius
way/1497198499,,,,,,,Omaheke,Aminius
way/1497198501,,,,,,,Omaheke,Aminius
way/1497198500,,,,,,,Omaheke,Aminius
way/1497198503,,,,,,,Omaheke,Aminius
node/2766834391,Okamuina,,hamlet,,,,Omaheke,Aminius
way/1497198511,,,,,,,Omaheke,Aminius
way/1497198510,,,,,,,Omaheke,Aminius
way/1497198509,,,,,,,Omaheke,Aminius
way/1497198508,,,,,,,Omaheke,Aminius
node/2766834443,Otjinyotjimwe,,hamlet,,,,Omaheke,Aminius
way/1497198506,,,,,,,Omaheke,Aminius
way/1497198507,,,,,,,Omaheke,Aminius
way/1497303920,,,,,,,Omaheke,Aminius
way/1497303925,,,,,,,Omaheke,Aminius
way/1497198441,,,,,,,Omaheke,Aminius
way/1497198440,,,,,,,Omaheke,Aminius
way/1494759977,,,,,,,Omaheke,Aminius
way/1495266165,,,,,,,Omaheke,Aminius
way/1495266166,,,,,,,Omaheke,Aminius
way/1494074306,,,,,,,Omaheke,Aminius
way/1494074305,,,,,,,Omaheke,Aminius
way/946778003,,,,,,,Omaheke,Aminius
way/1495266167,,,,,,,Omaheke,Aminius
way/1495266168,,,,,,,Omaheke,Aminius
way/1495266169,,,,,,,Omaheke,Aminius
way/1495266170,,,,,,,Omaheke,Aminius
way/1495266171,,,,,,,Omaheke,Aminius
way/1495266172,,,,,,,Omaheke,Aminius
node/2766835865,Rietquelle,,hamlet,,,,Omaheke,Aminius
way/1495273242,,,,,,,Omaheke,Aminius
way/1494074304,,,,,,,Omaheke,Aminius
way/1494074303,,,,,,,Omaheke,Aminius
way/1495266173,,,,,,,Omaheke,Aminius
way/1495266174,,,,,,,Omaheke,Aminius
node/2766834410,Okomuvya,,hamlet,,,,Omaheke,Aminius
way/1494746559,,,,,,,Omaheke,Aminius
way/1494526173,,,,,,,Omaheke,Aminius
way/1494746557,,,,,,,Omaheke,Aminius
way/1496541036,,,,,,,Omaheke,Aminius
way/1496541012,,,,,,,Omaheke,Aminius
way/1496541025,,,,,,,Omaheke,Aminius
way/1496541033,,,,,,,Omaheke,Aminius
way/1496541034,,,,,,,Omaheke,Aminius
node/2766589175,Okakuvisa,,village,,,,Omaheke,Aminius
node/2766589032,Otjomungwindi,,village,,,,Omaheke,Aminius
node/2766834432,Otjewe,,hamlet,,,,Omaheke,Aminius
way/695646946,,,,,,,Omaheke,Aminius
way/695646947,,,,,,,Omaheke,Aminius
way/695646945,,,,,,,Omaheke,Aminius
node/2061324913,Okongowa,,hamlet,,,,Omaheke,Aminius
node/2766834384,Okahumandu,,hamlet,,,,Omaheke,Aminius
node/2766834413,Okonyoka,,village,,,,Omaheke,Aminius
node/2061324893,Gunkas,,village,,,,Omaheke,Aminius
node/2061328687,ǂHama-|i-!’oa,,hamlet,,,,Omaheke,Aminius
node/2061324904,Kumu,,hamlet,,,,Omaheke,Aminius
node/2766835448,,,hamlet,,,,Omaheke,Aminius
way/695646943,,,,,,,Omaheke,Aminius
way/695646942,,,,,,,Omaheke,Aminius
way/946761679,Corridor 13,,,,,,Omaheke,Aminius
way/695646939,,,,,,,Omaheke,Aminius
way/695646936,,,,,,,Omaheke,Aminius
way/695646937,,,,,,,Omaheke,Aminius
way/695646938,,,,,,,Omaheke,Aminius
node/2766834841,,,village,,,,Omaheke,Aminius
node/3186615884,Lendepas,,isolated_dwelling,,,,Hardap,Mariental Rural
node/3186647217,,,hamlet,,,,Hardap,Mariental Rural
node/3186647237,,,hamlet,,,,Hardap,Mariental Rural
node/3174200592,,,hamlet,,,,Hardap,Mariental Rural
node/3174232593,,,hamlet,,,,Hardap,Mariental Rural
node/3174232597,,,hamlet,,,,Hardap,Mariental Rural
node/3174232878,,,hamlet,,,,Hardap,Mariental Rural
node/3161573862,,,hamlet,,,,Hardap,Mariental Rural
node/3186647239,,,hamlet,,,,Hardap,Mariental Rural
node/3186660171,,,hamlet,,,,Hardap,Mariental Rural
node/3174299116,,,hamlet,,,,Hardap,Mariental Rural
node/3174298933,,,hamlet,,,,Hardap,Mariental Rural
node/3174299151,,,hamlet,,,,Hardap,Mariental Rural
node/3174299027,,,hamlet,,,,Hardap,Mariental Rural
node/3174298906,,,hamlet,,,,Hardap,Mariental Rural
node/3174298886,,,hamlet,,,,Hardap,Mariental Rural
node/3174299005,,,hamlet,,,,Hardap,Mariental Rural
node/3174298939,,,hamlet,,,,Hardap,Mariental Rural
node/3174299084,,,hamlet,,,,Hardap,Mariental Rural
node/3174298557,,,hamlet,,,,Hardap,Mariental Rural
node/3170507244,,,hamlet,,,,Hardap,Mariental Rural
node/3170494164,,,hamlet,,,,Hardap,Mariental Rural
node/3170469206,,,hamlet,,,,Hardap,Mariental Rural
node/3170499156,,,hamlet,,,,Hardap,Mariental Rural
node/3170469164,,,hamlet,,,,Hardap,Mariental Rural
node/3184573566,,,hamlet,,,,Hardap,Mariental Rural
way/308953331,,,,,,,Hardap,Mariental Rural
node/3184573719,,,hamlet,,,,Hardap,Mariental Rural
node/3184573659,Gemsbok Farm,,hamlet,,,,Hardap,Mariental Rural
way/310531276,,,,,,,Hardap,Mariental Rural
way/310530369,,,,,,,Hardap,Mariental Rural
way/310525383,,,,,,,Hardap,Mariental Rural
way/310525397,,,,,,,Hardap,Mariental Rural
node/261574625,Gochas,,village,,,,Hardap,Mariental Rural
way/310530376,,,,,,,Hardap,Mariental Rural
way/310525385,,,,,,,Hardap,Mariental Rural
node/13555944419,Okampuma,,hamlet,,,,Hardap,Mariental Rural
node/13555944418,Okonjete,,hamlet,,,,Hardap,Mariental Rural
way/310698906,,,,,,,Hardap,Mariental Rural
node/3218100265,,,hamlet,,,,Hardap,Mariental Rural
way/310406407,,,,,,,Hardap,Mariental Rural
node/3160748521,Galloway,,hamlet,,,,Hardap,Mariental Rural
node/3160748489,,,hamlet,,,,Hardap,Mariental Rural
node/3160748581,Inhoek,,hamlet,,,,Hardap,Mariental Rural
node/13573494048,Swartwater,,hamlet,,,,Karas,Berseba
way/310443616,,,,,,,Karas,Keetmanshoop Rural
way/310436813,,,,,,,Karas,Keetmanshoop Rural
node/243736439,Twee Rivier,,hamlet,,,,Hardap,Mariental Rural
node/13617367510,Weg-van-Alles,,isolated_dwelling,,,,Hardap,Mariental Rural
way/203336067,Mata-Mata Rest Camp,,,,,,,
node/3219093284,,,hamlet,,,,Karas,Keetmanshoop Rural
node/3161687504,,,hamlet,,,,Karas,Keetmanshoop Rural
way/477237321,,,,,,,Karas,Keetmanshoop Rural
node/243782397,Koës,,village,,,,Karas,Keetmanshoop Rural
way/218997046,Donkerhoek,,,,,,Karas,Keetmanshoop Rural
node/13904681372,Vredefontein,,hamlet,,,,Karas,Berseba
node/13904681373,Tsamarib,,hamlet,,,,Karas,Berseba
node/3161651541,,,hamlet,,,,Karas,Keetmanshoop Rural
node/3174645299,,,hamlet,,,,Karas,Keetmanshoop Rural
node/3174926177,Narubis,,hamlet,,,,Karas,Keetmanshoop Rural
node/1782024077,Narubus,,isolated_dwelling,,,,Karas,Keetmanshoop Rural
node/3175002330,,,hamlet,,,,Karas,Keetmanshoop Rural
node/3175687802,,,hamlet,,,,Karas,Keetmanshoop Rural
node/3175656095,,,hamlet,,,,Karas,Keetmanshoop Rural
node/3175655628,,,hamlet,,,,Karas,Keetmanshoop Rural
node/243782146,Vredeshoop,,isolated_dwelling,,,,Karas,Keetmanshoop Rural
way/570511259,,,,,,,Karas,Keetmanshoop Rural
node/243781436,Aroab,,village,5000,,,Karas,Keetmanshoop Rural
way/192913397,,,,,,,Karas,Karasburg
node/458742737,Ariamsvlei,,town,,,,Karas,Karasburg
way/1088009852,,,,,,,Karas,Karasburg
way/1088009880,,,,,,,Karas,Karasburg
way/829978045,Ukamas,,,,,,Karas,Karasburg
way/1088009851,,,,,,,Karas,Karasburg
node/458754822,Blydeverwacht,,hamlet,,,,Karas,Karasburg
way/1202431204,,,,,,,Karas,Karasburg
way/1202431212,,,,,,,Karas,Karasburg
way/1202431210,,,,,,,Karas,Karasburg
way/1202431208,,,,,,,Karas,Karasburg
way/1202431206,,,,,,,Karas,Karasburg
way/1202431190,,,,,,,Karas,Karasburg
way/1202431202,,,,,,,Karas,Karasburg
way/1202431214,,,,,,,Karas,Karasburg
way/1202431198,,,,,,,Karas,Karasburg
way/1202431200,,,,,,,Karas,Karasburg
way/1202431192,,,,,,,Karas,Karasburg
way/1202431195,,,,,,,Karas,Karasburg
node/3164336542,Heirachabis,,hamlet,,,,Karas,Karasburg
way/1202431220,,,,,,,Karas,Karasburg
way/1202431188,,,,,,,Karas,Karasburg
way/312308281,,,,,,,Karas,Karasburg
node/3181611553,,,hamlet,,,,Karas,Karasburg
node/3180242819,,,hamlet,,,,Karas,Karasburg
way/478595720,Lordsville,,,,,,Karas,Karasburg
node/4718351776,Satco,,hamlet,,,,Karas,Karasburg
node/3218044622,,,hamlet,,,,Karas,Karasburg
node/5281763512,,,village,,,,Karas,Karasburg
node/5281762949,Wortel,,hamlet,,,,Karas,Karasburg
node/5281762984,,,hamlet,,,,Karas,Karasburg
way/974052108,,,,,,,Karas,Karasburg
node/3166721402,Dreihuk,,hamlet,,,,Karas,Karasburg
node/4718351762,Ubib,,hamlet,,,,Karas,Karasburg
way/478595722,Westerkim,,,,,,Karas,Karasburg
node/243653372,Karasburg,,town,6000,,,Karas,Karasburg
way/478595718,,,,,,,Karas,Karasburg
way/478595716,,,,,,,Karas,Karasburg
node/1384321455,!Gabis,,isolated_dwelling,,,,Karas,Karasburg
node/4224114590,Hamab,,hamlet,,,,Karas,Karasburg
relation/14429525,,,,,,,Karas,Karasburg
node/243654011,Warmbad,,village,,,,Karas,Karasburg
way/1083975159,Rooikoppie,,,,,,Karas,Karasburg
node/3873169354,Eendoorn,,hamlet,,,,Karas,Karasburg
node/2028001648,Umeis,,hamlet,,,,Karas,Karasburg
way/310429808,,,,,,,Karas,Karasburg
way/310427334,,,,,,,,
way/310427343,,,,,,,,
way/310427312,,,,,,,Karas,Karasburg
node/243783485,Onseepkans,,hamlet,,,,Karas,Karasburg
node/3218059001,Jerusalem,,hamlet,,,,Karas,Karasburg
node/5281759293,Jericho,,hamlet,,,,Karas,Karasburg
way/1088223098,Skydrift,,,,,,Karas,Karasburg
way/1088223101,,,,,,,Karas,Karasburg
node/544157624,Usakos,,town,,,,Erongo,Karibib
way/640384189,,,,,,,Erongo,Karibib
way/640384188,,,,,,,Erongo,Karibib
way/640384190,,,,,,,Erongo,Karibib
way/915229156,,,,,,,Erongo,Karibib
way/100456461,,,,,,,Erongo,Karibib
node/6169153253,Goabeb Diary,,isolated_dwelling,,,,Erongo,Karibib
way/659744094,,,,,,,Erongo,Karibib
node/6169087159,Goabeb,,hamlet,,,,Erongo,Karibib
way/1006497338,Gaobeb,,,,,,Erongo,Karibib
way/459357054,,,,,,,Erongo,Karibib
way/459357050,,,,,,,Erongo,Karibib
node/5678492287,Uiba-Oas,,village,,,,Erongo,Karibib
way/459545628,,,,,,,Erongo,Karibib
way/459357063,,,,,,,Erongo,Karibib
way/459357067,Cameron,,,,,,Erongo,Karibib
way/1006215856,,,,,,,Erongo,Daures
node/4022470770,Spitzkoppe,,village,,,,Erongo,Daures
way/385088611,,,,,,,Erongo,Daures
way/385088610,,,,,,,Erongo,Daures
way/1006177555,,,,,,,Erongo,Daures
way/1006177556,Black Range,,,,,,Erongo,Daures
way/1006177554,,,,,,,Erongo,Daures
way/1006177553,,,,,,,Erongo,Daures
node/13546419181,Stinkbank,,hamlet,,,,Erongo,Karibib
node/313473670,Wüstenquell,,hamlet,,,,Erongo,Karibib
node/2150014040,,,hamlet,,,,Erongo,Karibib
node/13930863389,Omusema,,hamlet,,,,Erongo,Karibib
way/724633310,,,,,,,Erongo,Karibib
node/2282020383,Otjimbingwe,,village,,,,Erongo,Karibib
way/724631392,,,,,,,Erongo,Karibib
way/724631393,,,,,,,Erongo,Karibib
node/8345137967,Ondjeombaranga,,hamlet,,,,Erongo,Karibib
node/3192146434,,,hamlet,,,,Erongo,Karibib
node/112255362,Wilhelmstal,,hamlet,,,,Erongo,Karibib
way/657048726,,,,,,,Erongo,Karibib
way/657048725,,,,,,,Erongo,Karibib
way/918407885,,,,,,,Otjozondjupa,Okahandja
way/918407866,,,,,,,Otjozondjupa,Okahandja
node/3192581436,,,hamlet,,,,Otjozondjupa,Okahandja
node/5535443253,Gross Barmen,,hamlet,,,,Otjozondjupa,Okahandja
way/980563960,Ruidenau,,,,,,Otjozondjupa,Okahandja
way/376194191,Baumgartsbrunn,,,,,,Khomas,Windhoek Rural
way/390058989,,,,,,,Khomas,Windhoek Rural
node/3792831522,Neuheusis,,hamlet,,,,Khomas,Windhoek Rural
way/758489446,,,,,,,Khomas,Windhoek West
relation/6520904,Old Hostels,,,,,,Khomas,Windhoek West
relation/6520903,New Hostels,,,,,,Khomas,Windhoek West
relation/6520902,Emona Hostels,,,,,,Khomas,Windhoek West
way/1242203820,,,,,,,Khomas,Windhoek West
way/1242203822,,,,,,,Khomas,Windhoek West
way/1242203827,,,,,,,Khomas,Windhoek West
way/359848912,,,,,,,Khomas,Windhoek West
way/1242203817,,,,,,,Khomas,Windhoek West
way/1242203840,,,,,,,Khomas,Windhoek West
way/365892475,Shangri-La,,,,,,Khomas,Windhoek West
way/905770896,Hochlandrand,,neighbourhood,,,,Khomas,Windhoek West
way/1242208370,,,,,,,Khomas,Windhoek West
way/359601581,West Vale,,,,,,Khomas,Windhoek West
way/431590029,Westlane Residential Apartments,,,,,,Khomas,Windhoek West
way/749139812,,,,,,,Khomas,Windhoek West
way/1247019087,,,,,,,Khomas,Windhoek West
relation/17162773,,,,,,,Khomas,Khomasdal North
way/1190040019,Otjomuise Lifestyle Estate,,,,,,Khomas,Khomasdal North
way/954765333,,,,,,,Khomas,Khomasdal North
way/481425743,,,,,,,Khomas,Windhoek West
way/481425740,,,,,,,Khomas,Windhoek West
way/755289286,,,,,,,Khomas,Windhoek West
way/365889646,Bella Rosa Poitevine,,,,,,Khomas,Windhoek West
way/367973836,Bella Rosa Lamarque,,,,,,Khomas,Windhoek West
way/954765334,,,,,,,Khomas,Windhoek West
way/365889625,Black Rock Court,,,,,,Khomas,Windhoek West
way/453303278,,,,,,,Khomas,Windhoek West
way/453303324,,,,,,,Khomas,Windhoek West
way/453303277,,,,,,,Khomas,Windhoek West
way/453303886,,,,,,,Khomas,Windhoek West
way/770257948,Bella Rosa Carolina,,,,,,Khomas,Windhoek West
way/367973835,Bella Rosa,,,,,,Khomas,Windhoek West
way/365889639,Bella Rosa Celsiana,,,,,,Khomas,Windhoek West
way/367973834,Bella Rosa Carolina,,,,,,Khomas,Windhoek West
way/1242208367,,,,,,,Khomas,Windhoek West
way/1306149230,Aviva Gardens,,,,,,Khomas,Windhoek West
way/1242208369,,,,,,,Khomas,Windhoek West
way/1251109086,,,neighbourhood,,,,Khomas,Windhoek West
way/1242208368,,,neighbourhood,,,,Khomas,Windhoek West
way/481425741,,,,,,,Khomas,Windhoek West
way/365889627,Bella Rosa Gallica,,,,,,Khomas,Windhoek West
way/364633077,Westgate Hill,,,,,,Khomas,Windhoek West
way/481425749,,,,,,,Khomas,Khomasdal North
way/481425750,,,,,,,Khomas,Khomasdal North
way/1232459284,Dorado Valley,,neighbourhood,,,,Khomas,Windhoek West
way/1055474056,,,,,,,Khomas,Windhoek West
way/484315586,,,,,,,Khomas,Windhoek West
way/481427545,,,,,,,Khomas,Khomasdal North
way/481427558,,,,,,,Khomas,Khomasdal North
way/481427546,,,,,,,Khomas,Khomasdal North
way/1055139107,,,,,,,Khomas,Khomasdal North
way/1055109048,Khomas Hill,,,,,,Khomas,Khomasdal North
way/481427559,,,,,,,Khomas,Khomasdal North
way/481427560,,,,,,,Khomas,Khomasdal North
way/481427561,,,,,,,Khomas,Khomasdal North
way/379518755,,,,,,,Khomas,Samora Machel (Wanaheda)
way/484316951,,,,,,,Khomas,Samora Machel (Wanaheda)
way/379518754,,,,,,,Khomas,Samora Machel (Wanaheda)
way/484316947,,,,,,,Khomas,Samora Machel (Wanaheda)
way/484316949,,,,,,,Khomas,Khomasdal North
way/484316950,,,,,,,Khomas,Khomasdal North
way/484316946,,,,,,,Khomas,Samora Machel (Wanaheda)
way/915796458,,,,,,,Khomas,Khomasdal North
way/481427556,,,,,,,Khomas,Khomasdal North
way/484315590,,,,,,,Khomas,Khomasdal North
way/484315589,,,,,,,Khomas,Khomasdal North
way/484318500,,,,,,,Khomas,Khomasdal North
way/904085597,,,,,,,Khomas,Khomasdal North
way/484318508,,,,,,,Khomas,Khomasdal North
way/484318496,,,,,,,Khomas,Khomasdal North
way/904097521,,,,,,,Khomas,Khomasdal North
way/904085598,,,,,,,Khomas,Khomasdal North
way/1232622369,,,,,,,Khomas,Khomasdal North
way/484317708,,,,,,,Khomas,Khomasdal North
way/484799012,,,,,,,Khomas,Khomasdal North
way/484318828,,,,,,,Khomas,Khomasdal North
way/904410593,,,,,,,Khomas,Khomasdal North
way/904410545,,,,,,,Khomas,Khomasdal North
way/1232632984,Freedom Square,,neighbourhood,,,,Khomas,Khomasdal North
way/484812412,,,,,,,Khomas,Khomasdal North
way/484799021,,,,,,,Khomas,Khomasdal North
way/484799027,Single Quarters,,neighbourhood,,,,Khomas,Khomasdal North
way/484799028,,,,,,,Khomas,Khomasdal North
way/918615761,,,,,,,Khomas,John Pandeni (Soweto)
way/484812392,,,,,,,Khomas,Khomasdal North
way/484799019,Grysblock,,neighbourhood,,,,Khomas,Samora Machel (Wanaheda)
way/484799018,,,,,,,Khomas,Khomasdal North
way/484812394,,,,,,,Khomas,Khomasdal North
way/484799017,,,,,,,Khomas,Khomasdal North
way/484316955,,,,,,,Khomas,Khomasdal North
way/484316945,,,,,,,Khomas,Samora Machel (Wanaheda)
way/484316952,,,,,,,Khomas,Samora Machel (Wanaheda)
way/484316948,,,,,,,Khomas,Samora Machel (Wanaheda)
way/485010697,Grysblock,,neighbourhood,,,,Khomas,Samora Machel (Wanaheda)
way/1246816234,,,,,,,Khomas,Khomasdal North
way/939970734,,,,,,,Khomas,Samora Machel (Wanaheda)
way/1247669817,,,,,,,Khomas,Samora Machel (Wanaheda)
relation/17501477,,,neighbourhood,,,,Khomas,Samora Machel (Wanaheda)
way/1184297430,,,,,,,Khomas,Samora Machel (Wanaheda)
way/706469873,,,,,,,Khomas,Moses Garoeb
way/124170914,,,,,,,Khomas,Samora Machel (Wanaheda)
way/481423332,,,,,,,Khomas,Samora Machel (Wanaheda)
way/481423330,,,,,,,Khomas,Moses Garoeb
way/481423326,,,,,,,Khomas,Moses Garoeb
way/481423333,,,,,,,Khomas,John Pandeni (Soweto)
way/707325166,,,,,,,Khomas,John Pandeni (Soweto)
way/1262873508,,,,,,,Khomas,Samora Machel (Wanaheda)
way/485635120,,,,,,,Khomas,Samora Machel (Wanaheda)
way/485635118,,,,,,,Khomas,Samora Machel (Wanaheda)
way/485635119,,,,,,,Khomas,Samora Machel (Wanaheda)
way/897962994,,,,,,,Khomas,Samora Machel (Wanaheda)
way/485635121,,,,,,,Khomas,Samora Machel (Wanaheda)
way/485635114,,,,,,,Khomas,Samora Machel (Wanaheda)
way/485013205,,,,,,,Khomas,Samora Machel (Wanaheda)
way/485013206,,,,,,,Khomas,John Pandeni (Soweto)
way/485010696,,,,,,,Khomas,John Pandeni (Soweto)
way/485013207,,,,,,,Khomas,John Pandeni (Soweto)
way/379400460,Caesars Court,,,,,,Khomas,John Pandeni (Soweto)
way/485635113,,,,,,,Khomas,John Pandeni (Soweto)
way/485635110,,,,,,,Khomas,John Pandeni (Soweto)
way/481423335,,,,,,,Khomas,John Pandeni (Soweto)
way/485635107,,,,,,,Khomas,John Pandeni (Soweto)
way/485635105,,,,,,,Khomas,John Pandeni (Soweto)
way/481423341,,,,,,,Khomas,John Pandeni (Soweto)
way/485010691,,,,,,,Khomas,John Pandeni (Soweto)
way/485010694,,,,,,,Khomas,John Pandeni (Soweto)
way/485010695,,,,,,,Khomas,John Pandeni (Soweto)
way/485010693,,,,,,,Khomas,John Pandeni (Soweto)
way/484812390,,,,,,,Khomas,John Pandeni (Soweto)
way/484812389,,,,,,,Khomas,John Pandeni (Soweto)
way/913136575,,,,,,,Khomas,John Pandeni (Soweto)
way/484817142,,,,,,,Khomas,John Pandeni (Soweto)
way/484812386,,,,,,,Khomas,John Pandeni (Soweto)
way/484815598,,,,,,,Khomas,Khomasdal North
way/484817148,,,,,,,Khomas,Katutura East
way/484817147,,,,,,,Khomas,Katutura East
way/1241608439,,,,,,,Khomas,John Pandeni (Soweto)
way/484817145,,,,,,,Khomas,John Pandeni (Soweto)
way/485010684,Dolam,,neighbourhood,,,,Khomas,John Pandeni (Soweto)
way/484817146,,,,,,,Khomas,John Pandeni (Soweto)
way/484819379,,,,,,,Khomas,Katutura East
way/485010685,,,,,,,Khomas,Katutura East
way/484817144,,,,,,,Khomas,John Pandeni (Soweto)
way/1237071684,,,,,,,Khomas,John Pandeni (Soweto)
way/484817140,,,,,,,Khomas,John Pandeni (Soweto)
way/913982130,,,,,,,Khomas,John Pandeni (Soweto)
way/485010686,,,,,,,Khomas,John Pandeni (Soweto)
way/913982132,,,,,,,Khomas,John Pandeni (Soweto)
way/485010688,,,,,,,Khomas,John Pandeni (Soweto)
way/913982123,,,,,,,Khomas,John Pandeni (Soweto)
way/1267672287,,,,,,,Khomas,John Pandeni (Soweto)
way/485010690,,,,,,,Khomas,John Pandeni (Soweto)
way/481405262,,,,,,,Khomas,Tobias Hainyeko
way/481405261,,,,,,,Khomas,Tobias Hainyeko
way/481419943,,,,,,,Khomas,Tobias Hainyeko
way/481419955,Oshitenda,,neighbourhood,,,,Khomas,Tobias Hainyeko
way/481419964,,,,,,,Khomas,Moses Garoeb
way/481419951,,,,,,,Khomas,John Pandeni (Soweto)
way/928272835,,,,,,,Khomas,John Pandeni (Soweto)
way/481414962,,,,,,,Khomas,John Pandeni (Soweto)
way/481423319,Freedom Land,,neighbourhood,,,,Khomas,John Pandeni (Soweto)
way/481423340,,,,,,,Khomas,John Pandeni (Soweto)
way/481423324,,,,,,,Khomas,John Pandeni (Soweto)
way/481423339,,,,,,,Khomas,John Pandeni (Soweto)
way/481423325,,,,,,,Khomas,John Pandeni (Soweto)
way/481423328,,,,,,,Khomas,Moses Garoeb
way/707588145,,,,,,,Khomas,Moses Garoeb
way/481423329,,,,,,,Khomas,Moses Garoeb
way/481423331,,,,,,,Khomas,Moses Garoeb
way/938221451,,,,,,,Khomas,Moses Garoeb
way/481405258,,,,,,,Khomas,Moses Garoeb
way/481405257,,,,,,,Khomas,Tobias Hainyeko
way/481405256,,,,,,,Khomas,Tobias Hainyeko
way/481405255,,,,,,,Khomas,Tobias Hainyeko
way/1074446498,,,,,,,Khomas,Tobias Hainyeko
way/1074463917,,,,,,,Khomas,Tobias Hainyeko
way/1074445866,,,,,,,Khomas,Tobias Hainyeko
way/1074444564,,,,,,,Khomas,Tobias Hainyeko
way/481405254,,,,,,,Khomas,Tobias Hainyeko
way/983916351,Extension 2,,,,,,Oshana,Ondangwa
relation/16659648,,,,,,,Oshana,Ondangwa
node/259489787,Ondangwa,,town,30000,,,Oshana,Ondangwa
way/983918844,Extension 1,,,,,,Oshana,Ondangwa
way/1204361660,,,,,,,Oshana,Ondangwa
way/983941126,Oluno,,,,,,Oshana,Ondangwa
relation/16630814,,,,,,,Oshikoto,Oniipa
way/983947418,Extension 9,,,,,,Oshana,Ondangwa
way/1219901109,,,,,,,Oshana,Ondangwa
way/978976907,Onambango,,,,,,Oshana,Uukwiyu
way/570268917,,,,,,,Oshana,Ondangwa
way/570268916,,,,,,,Oshana,Ondangwa
way/1204160788,,,,,,,Oshana,Ondangwa
way/1204160339,,,,,,,Oshana,Ondangwa
way/570268915,,,,,,,Oshana,Ondangwa
way/1204158545,,,,,,,Oshana,Ondangwa
way/1204157721,,,,,,,Oshana,Ondangwa
way/1204157188,,,,,,,Oshana,Ondangwa
way/1204159460,,,,,,,Oshana,Ondangwa
way/1219998207,,,,,,,Oshana,Ondangwa
way/978976919,,,,,,,Oshana,Ondangwa
way/570268918,,,,,,,Oshana,Ondangwa
way/1219998209,,,,,,,Oshana,Ondangwa
way/589226115,,,,,,,Oshana,Ondangwa
way/978976920,,,,,,,Oshana,Ondangwa
way/572367876,,,,,,,Oshana,Ondangwa
way/982446950,,,,,,,Oshana,Ondangwa
node/9085944275,Eheke,,village,,,,Oshana,Ondangwa
way/1222627676,,,,,,,Oshana,Ondangwa
way/1330857609,,,,,,,Oshana,Ondangwa
way/1330857612,,,,,,,Oshana,Ondangwa
way/1223969033,,,,,,,Oshana,Ongwediva
way/1030013538,Sky Phase 2,,,,,,Oshana,Ongwediva
way/123306834,Extension 1,,,,,,Oshana,Ongwediva
way/123317184,Extension 4,,,,,,Oshana,Ongwediva
way/123308950,Extension 7,,,,,,Oshana,Ongwediva
way/123310453,Extension 6,,,,,,Oshana,Ongwediva
way/123308902,Extension 8,,,,,,Oshana,Ongwediva
way/123310452,Extension 10,,,,,,Oshana,Ongwediva
way/787551664,Extension 11,,,,,,Oshana,Ongwediva
way/123312897,Extension 3,,,,,,Oshana,Ongwediva
way/123308403,Extension 9,,,,,,Oshana,Ongwediva
way/123312896,Proper,,,,,,Oshana,Ongwediva
way/1133881604,,,,,,,Oshana,Oshakati East
relation/18355975,Okandjengedi South,,,,,,Oshana,Oshakati East
node/1348262190,Ongwediva,Ongwediva,town,20260,,,Oshana,Ongwediva
way/1221617221,,,,,,,Oshana,Ongwediva
way/123314931,Extension 2,,,,,,Oshana,Ongwediva
way/1030013536,Sky Phase 1,,,,,,Oshana,Ongwediva
way/709681074,,,,,,,Oshana,Ongwediva
way/1221627413,,,,,,,Oshana,Ongwediva
way/1221795351,Efidilomulunga,,,,,,Oshana,Ongwediva
way/1146950577,,,,,,,Oshana,Oshakati East
way/1134546734,,,,,,,Oshana,Oshakati West
way/1133495165,,,,,,,Oshana,Oshakati West
way/1133491527,,,,,,,Oshana,Oshakati West
way/1133493258,,,,,,,Oshana,Oshakati West
way/1133491429,,,,,,,Oshana,Oshakati West
way/1133489386,,,,,,,Oshana,Oshakati West
way/1133489389,,,,,,,Oshana,Oshakati West
way/1133520282,,,,,,,Oshana,Oshakati West
way/1133520270,,,,,,,Oshana,Oshakati West
way/1133520284,,,,,,,Oshana,Oshakati West
way/1133520283,,,,,,,Oshana,Oshakati West
way/1133520285,,,,,,,Oshana,Oshakati West
way/1133496616,,,,,,,Oshana,Oshakati West
way/1133496590,,,,,,,Oshana,Oshakati West
way/1133495149,,,,,,,Oshana,Oshakati West
way/1133517191,,,,,,,Oshana,Oshakati West
way/1133517192,,,,,,,Oshana,Oshakati West
way/1133517193,,,,,,,Oshana,Oshakati West
way/1133493332,,,,,,,Oshana,Oshakati West
way/1133520269,,,,,,,Oshana,Oshakati West
way/1133493291,,,,,,,Oshana,Oshakati West
way/1133493290,,,,,,,Oshana,Oshakati West
way/1133520264,,,,,,,Oshana,Oshakati West
way/1133520268,,,,,,,Oshana,Oshakati West
way/1134546744,,,,,,,Oshana,Oshakati West
way/1134546735,,,,,,,Oshana,Oshakati West
way/1133520265,,,,,,,Oshana,Oshakati West
way/1133520267,,,,,,,Oshana,Oshakati West
way/1133520266,,,,,,,Oshana,Oshakati West
way/1150958671,,,,,,,Oshana,Oshakati West
way/1133520255,,,,,,,Oshana,Oshakati West
way/1150958669,,,,,,,Oshana,Oshakati West
node/259490969,Oshakati,,city,43000,,,Oshana,Oshakati West
way/1150391504,,,,,,,Oshana,Oshakati West
way/1150292620,,,,,,,Oshana,Oshakati East
node/10087419020,Oshana Village Appartments,,,,,,Oshana,Oshakati East
way/1382965562,,,,,,,Oshana,Oshakati East
way/1150292619,,,,,,,Oshana,Oshakati East
way/1144797519,,,,,,,Oshana,Oshakati East
way/1144797520,,,,,,,Oshana,Oshakati East
way/1144797509,,,,,,,Oshana,Oshakati East
way/1144797510,,,,,,,Oshana,Oshakati East
way/1147086171,,,,,,,Oshana,Oshakati East
way/1146025338,,,,,,,Oshana,Oshakati East
way/1146025344,,,,,,,Oshana,Oshakati East
way/1144797508,,,,,,,Oshana,Oshakati East
way/1146548930,,,,,,,Oshana,Oshakati East
way/1147086169,,,,,,,Oshana,Oshakati East
way/1147086168,,,,,,,Oshana,Oshakati East
way/1147086170,,,,,,,Oshana,Oshakati East
way/1146025352,,,,,,,Oshana,Oshakati East
way/1146025351,,,,,,,Oshana,Oshakati East
way/1139061090,Okandjengedi North,,,,,,Oshana,Oshakati East
way/1138078688,Oneshila,,,,,,Oshana,Oshakati East
way/1146548933,,,,,,,Oshana,Oshakati East
way/1146548929,,,,,,,Oshana,Oshakati East
way/1146548935,,,,,,,Oshana,Oshakati East
way/1146548934,,,,,,,Oshana,Oshakati East
way/1146548932,,,,,,,Oshana,Oshakati East
way/1138082322,,,,,,,Oshana,Oshakati East
way/1133877897,,,,,,,Oshana,Oshakati East
way/1138043315,,,,,,,Oshana,Oshakati West
way/1247197670,Oshakati North,,,,,,Oshana,Oshakati East
way/1133304073,Onawa,,,,,,Oshana,Oshakati East
way/1133304078,,,,,,,Oshana,Oshakati East
way/1133877877,,,,,,,Oshana,Oshakati West
way/1134003455,,,,,,,Oshana,Oshakati West
way/1134003456,,,,,,,Oshana,Oshakati West
way/1134003480,,,,,,,Oshana,Oshakati West
way/1134003466,,,,,,,Oshana,Oshakati West
way/1134003479,,,,,,,Oshana,Oshakati West
way/1134003477,,,,,,,Oshana,Oshakati West
way/1133821991,,,,,,,Oshana,Oshakati West
way/1134003494,,,,,,,Oshana,Oshakati West
way/1134003493,,,,,,,Oshana,Oshakati West
way/1134003453,,,,,,,Oshana,Oshakati West
way/1133822007,,,,,,,Oshana,Oshakati West
way/1134003454,,,,,,,Oshana,Oshakati West
way/1133807393,,,,,,,Oshana,Oshakati West
way/1133807403,,,,,,,Oshana,Oshakati West
way/1133807434,,,,,,,Oshana,Oshakati West
way/1133806381,,,,,,,Oshana,Oshakati West
way/1133806368,,,,,,,Oshana,Oshakati West
way/1133822005,,,,,,,Oshana,Oshakati West
way/1133822006,,,,,,,Oshana,Oshakati West
way/1133821997,,,,,,,Oshana,Oshakati West
way/1133821995,,,,,,,Oshana,Oshakati West
way/1133821998,,,,,,,Oshana,Oshakati West
way/1133821999,,,,,,,Oshana,Oshakati West
way/1133806356,,,,,,,Oshana,Oshakati West
way/1133806312,,,,,,,Oshana,Oshakati West
way/1133805319,,,,,,,Oshana,Oshakati West
way/1133806302,,,,,,,Oshana,Oshakati West
way/1138071322,,,,,,,Oshana,Oshakati West
way/1134003533,,,,,,,Oshana,Oshakati West
way/1133821994,,,,,,,Oshana,Oshakati West
way/1133821993,,,,,,,Oshana,Oshakati West
way/1133821992,,,,,,,Oshana,Oshakati West
way/1134003524,,,,,,,Oshana,Oshakati West
way/1134004399,,,,,,,Oshana,Oshakati West
way/1134004428,,,,,,,Oshana,Oshakati West
way/1134005834,,,,,,,Oshana,Oshakati West
way/1134005878,,,,,,,Oshana,Oshakati West
way/1134005895,,,,,,,Oshana,Oshakati West
way/1138071320,,,,,,,Oshana,Oshakati West
way/1134005836,,,,,,,Oshana,Oshakati West
way/1134325721,,,,,,,Oshana,Oshakati West
way/1134004376,,,,,,,Oshana,Oshakati West
way/1134004365,,,,,,,Oshana,Oshakati West
way/1138043303,,,,,,,Oshana,Oshakati West
way/1133520254,,,,,,,Oshana,Oshakati West
way/1133520277,,,,,,,Oshana,Oshakati West
way/1133520253,,,,,,,Oshana,Oshakati West
way/1133520252,,,,,,,Oshana,Oshakati West
way/1133517862,,,,,,,Oshana,Oshakati West
way/1133520274,,,,,,,Oshana,Oshakati West
way/1133520281,,,,,,,Oshana,Oshakati West
way/1134539159,,,,,,,Oshana,Oshakati West
way/1133520291,,,,,,,Oshana,Oshakati West
way/1133520293,,,,,,,Oshana,Oshakati West
way/1133520295,,,,,,,Oshana,Oshakati West
way/1133520294,,,,,,,Oshana,Oshakati West
way/1133520290,,,,,,,Oshana,Oshakati West
way/1133520289,,,,,,,Oshana,Oshakati West
way/1133520288,,,,,,,Oshana,Oshakati West
way/1133520280,,,,,,,Oshana,Oshakati West
way/1133520275,,,,,,,Oshana,Oshakati West
way/1133517889,,,,,,,Oshana,Oshakati West
way/1133520278,,,,,,,Oshana,Oshakati West
way/1133520279,,,,,,,Oshana,Oshakati West
way/1133517194,,,,,,,Oshana,Oshakati West
way/1133939925,,,,,,,Oshana,Oshakati West
way/1133520292,,,,,,,Oshana,Oshakati West
way/1133495129,,,,,,,Oshana,Oshakati West
way/1133939924,,,,,,,Oshana,Oshakati West
way/1136945161,Ompumbu,,,,,,Oshana,Oshakati West
node/6669837984,Uukwangula,,hamlet,,,,Oshana,Okatana
node/1358268868,Ompundja,,hamlet,,,,Oshana,Oshakati East
way/1015077004,,,,,,,Oshana,Ompundja
way/982363192,,,,,,,Oshana,Ompundja
way/982358979,,,,,,,Oshana,Ompundja
way/526771557,Uupeke,,,,,,Oshana,Uuvudhiya
way/982476790,,,,,,,Oshana,Uukwiyu
way/982476777,,,,,,,Oshana,Uukwiyu
way/982462282,,,,,,,Oshana,Uukwiyu
node/13333953921,Uukwiyu,,village,,,,Oshana,Uukwiyu
way/1427408187,,,,,,,Oshana,Okatyali
node/13119245969,Okatyali,,village,,,,Oshana,Okatyali
way/490504114,Onkani,,,,,,Omusati,Otamanzi
way/947531892,Etilyasa,,,,,,Omusati,Otamanzi
node/8770553851,Otamanzi,,village,,,,Omusati,Otamanzi
way/947536900,,,,,,,Omusati,Otamanzi
way/981172926,Onanyalala,,,,,,Oshana,Uuvudhiya
way/978739503,Omutekua,,,,,,Omusati,Otamanzi
way/981166213,,,,,,,Oshana,Uuvudhiya
way/947535647,,,,,,,Oshana,Uuvudhiya
way/948223307,Uutsima,,,,,,Omusati,Elim
way/1044817081,,,,,,,Omusati,Elim
way/948231868,,,,,,,Omusati,Oshikuku
way/490504654,,,,,,,Omusati,Elim
node/7593556730,Onaanda,,village,,,,Omusati,Elim
way/948541591,Onandjo,,,,,,Omusati,Otamanzi
way/812554692,Olundjinda,,,,,,Omusati,Okahao
way/570633120,,,,,,,Omusati,Ogongo
node/1362592852,Ogongo,,village,,,,Omusati,Ogongo
way/1311030302,,,,,,,Omusati,Oshikuku
way/1311030303,,,,,,,Omusati,Oshikuku
way/934668805,,,,,,,Omusati,Anamulenge
way/1271576758,,,,,,,Omusati,Ogongo
node/9097287813,Okakwa,,hamlet,,,,Omusati,Okalongo
node/7728936996,Wakashamane,,hamlet,,,,Omusati,Okalongo
way/542258690,,,,,,,Omusati,Okalongo
way/542299681,,,,,,,Omusati,Okalongo
way/542299717,,,,,,,Omusati,Okalongo
way/542299698,,,,,,,Omusati,Okalongo
way/542299674,,,,,,,Omusati,Okalongo
way/542299679,,,,,,,Omusati,Okalongo
way/542299676,,,,,,,Omusati,Okalongo
node/1362592853,Okalongo,,village,,,,Omusati,Okalongo
way/542299704,,,,,,,Omusati,Okalongo
way/542299693,,,,,,,Omusati,Okalongo
way/542299690,,,,,,,Omusati,Okalongo
way/1080413852,,,,,,,Omusati,Okalongo
node/12071895558,Onheleiwa,,village,,,,Omusati,Etayi
node/12072033548,Onaimwandi,,village,,,,Omusati,Etayi
node/12072002050,Oikokola,,village,,,,Ohangwena,Ongenga
way/976145230,,,,,,,Omusati,Oshikuku
node/9034745675,Elalangali,,hamlet,,,,Omusati,Okalongo
way/1305036363,,,,,,,Omusati,Oshikuku
node/8777171357,Elim,,village,,,,Omusati,Elim
way/976148039,,,,,,,Omusati,Oshikuku
way/976145223,,,,,,,Omusati,Oshikuku
way/976145197,Benedictine Sisters of Oshikuku,,,,,,Omusati,Oshikuku
node/259491696,Oshikuku,,town,,,,Omusati,Oshikuku
way/976145218,,,,,,,Omusati,Oshikuku
way/976148041,,,,,,,Omusati,Oshikuku
way/976145228,,,,,,,Omusati,Oshikuku
node/12059609216,Endola,,village,,,,Ohangwena,Endola
node/12063707765,Iikelo,,village,,,,Oshana,Okatana
way/1136863823,,,,,,,Oshana,Oshakati West
way/1133760834,,,,,,,Oshana,Oshakati West
way/1133806330,,,,,,,Oshana,Oshakati West
way/1133760898,,,,,,,Oshana,Oshakati West
way/1133803593,,,,,,,Oshana,Oshakati West
way/1133760856,,,,,,,Oshana,Oshakati West
way/1133760873,,,,,,,Oshana,Oshakati West
way/1133760833,,,,,,,Oshana,Oshakati West
way/1133760844,,,,,,,Oshana,Oshakati West
way/1133760851,,,,,,,Oshana,Oshakati West
way/1133803656,,,,,,,Oshana,Oshakati West
way/1133805308,,,,,,,Oshana,Oshakati West
way/1133805302,,,,,,,Oshana,Oshakati West
way/1133803688,,,,,,,Oshana,Oshakati West
way/1133803620,,,,,,,Oshana,Oshakati West
way/1133803650,,,,,,,Oshana,Oshakati West
way/1133805234,,,,,,,Oshana,Oshakati West
way/1133805255,,,,,,,Oshana,Oshakati West
way/1133805276,,,,,,,Oshana,Oshakati West
way/1133805275,,,,,,,Oshana,Oshakati West
way/1133805261,,,,,,,Oshana,Oshakati West
way/1133805274,,,,,,,Oshana,Oshakati West
way/1133805273,,,,,,,Oshana,Oshakati West
way/1133805272,,,,,,,Oshana,Oshakati West
way/1133803626,,,,,,,Oshana,Oshakati West
way/1133803636,,,,,,,Oshana,Oshakati West
way/1133803635,,,,,,,Oshana,Oshakati West
way/1133805271,,,,,,,Oshana,Oshakati West
way/1133807372,,,,,,,Oshana,Oshakati West
way/1133807371,,,,,,,Oshana,Oshakati West
way/1133807370,,,,,,,Oshana,Oshakati West
way/1133807345,,,,,,,Oshana,Oshakati West
node/10611862388,Okatana,,village,,,,Oshana,Okatana
way/1138035470,,,,,,,Oshana,Okatana
node/12061377879,Oupumako,,village,,,,Oshana,Okatana
way/1205928005,Oshekasheka,,,,,,Oshana,Okaku
way/1188193470,Onamutai,,,,,,Oshana,Ongwediva
way/1205229007,Lilagati,,,,,,Oshana,Okaku
way/983840616,Ondeihaluka,,,,,,Ohangwena,Endola
node/6067250090,Ongha,,village,,,,Ohangwena,Endola
way/1188524501,,,,,,,Ohangwena,Endola
way/1188524500,,,,,,,Ohangwena,Endola
way/1188521807,,,,,,,Ohangwena,Ohangwena
node/5487027725,Okatope,,village,,,,Ohangwena,Ohangwena
way/805385520,,,,,,,Ohangwena,Ohangwena
way/1446415215,,,,,,,Ohangwena,Oshikango
way/1446415193,,,,,,,Ohangwena,Oshikango
way/114785445,,,,,,,Ohangwena,Oshikango
way/1015475845,Odibo,,,,,,Ohangwena,Oshikango
way/517758861,,,,,,,Ohangwena,Oshikango
way/1446418349,,,,,,,Ohangwena,Engela
node/12569520641,Helao Nafidi,,town,,,,Ohangwena,Engela
node/12072165448,Onghala,,village,,,,Ohangwena,Ongenga
way/1321690237,,,,,,,Ohangwena,Ongenga
node/12072165443,Oikoto,,village,,,,Ohangwena,Ongenga
node/12072165445,Okalondo,,village,,,,Ohangwena,Ongenga
node/4505765478,Omungwelume,,village,,,,Ohangwena,Ongenga
node/12072079906,Ondobe Yomunghudi,,village,,,,Ohangwena,Ongenga
node/12072066012,Oshali,,village,,,,Ohangwena,Ongenga
way/1312482833,,,,,,,Ohangwena,Ongenga
node/7536942653,Ongenga,,village,,,,Ohangwena,Ongenga
node/12072087958,Onangama,,village,,,,Ohangwena,Ongenga
relation/16637168,,,,,,,Ohangwena,Eenhana
way/1069532338,,,,,,,Ohangwena,Eenhana
node/5486980024,Eenhana,,town,5528,,,Ohangwena,Eenhana
way/1069532337,,,,,,,Ohangwena,Eenhana
way/1220329479,,,,,,,Ohangwena,Eenhana
relation/16069188,,,,,,,Ohangwena,Eenhana
way/1069535076,,,,,,,Ohangwena,Ondobe
way/1069532322,,,,,,,Ohangwena,Ondobe
node/5486997053,Ondobe,,village,,,,Ohangwena,Ondobe
way/1430381778,,,,,,,Ohangwena,Ondobe
way/1069544193,,,,,,,Ohangwena,Ondobe
node/6845007988,Onamahoka,,hamlet,,,,Ohangwena,Omulonga
node/6847390983,Onamukulo,,hamlet,,,,Ohangwena,Omulonga
way/1062563171,Ongula Yanetanga,,,,,,Ohangwena,Omulonga
way/1221054313,,,,,,,Ohangwena,Omulonga
way/1221054271,,,,,,,Ohangwena,Eenhana
way/1221054289,,,,,,,Ohangwena,Omulonga
way/1221054296,,,,,,,Ohangwena,Eenhana
way/1221054300,,,,,,,Ohangwena,Eenhana
way/1221054301,,,,,,,Ohangwena,Eenhana
way/1221054328,,,,,,,Ohangwena,Eenhana
way/1221054377,,,,,,,Ohangwena,Eenhana
way/1221054342,,,,,,,Ohangwena,Eenhana
node/5486984286,Onambutu,,village,,,,Ohangwena,Eenhana
way/570744517,,,,,,,Ohangwena,Eenhana
way/1069558399,,,,,,,Ohangwena,Omundaungilo
way/1218825444,,,,,,,Ohangwena,Epembe
way/1069096605,Omundaungilo,,,,,,Ohangwena,Omundaungilo
node/5156582415,Oshikunde,,village,,,,Ohangwena,Epembe
way/531185319,,,,,,,Ohangwena,Epembe
way/1218825474,,,,,,,Ohangwena,Okongo
way/1218825473,Okanhi,,,,,,Ohangwena,Okongo
way/1218825461,,,,,,,Ohangwena,Okongo
way/1218825450,,,,,,,Ohangwena,Epembe
way/1219773086,Omboloka,,,,,,Ohangwena,Okongo
way/1068466473,Eendobe,,,,,,Ohangwena,Okongo
node/259603941,Okongo,,town,,,,Ohangwena,Okongo
way/570727533,,,,,,,Ohangwena,Okongo
way/731208001,,,,,,,Ohangwena,Okongo
way/731208002,,,,,,,Ohangwena,Okongo
way/731208000,,,,,,,Ohangwena,Okongo
way/731207999,,,,,,,Ohangwena,Okongo
way/731207998,,,,,,,Ohangwena,Okongo
way/731207997,,,,,,,Ohangwena,Okongo
way/731207996,,,,,,,Ohangwena,Okongo
way/731207995,,,,,,,Ohangwena,Okongo
way/731207994,,,,,,,Ohangwena,Okongo
way/731208004,,,,,,,Ohangwena,Okongo
way/1218825475,Omukukutu,,,,,,Ohangwena,Okongo
node/7270553181,Oshatotwa,,hamlet,,,,Ohangwena,Okongo
node/7522031393,Oidiva,,hamlet,,,,Ohangwena,Okongo
way/1218825482,,,,,,,Ohangwena,Okongo
node/7549063650,Okanyanona,,hamlet,,,,Ohangwena,Okongo
node/7521826150,Omupini,,hamlet,,,,Ohangwena,Okongo
node/3211531068,Ekoka,,hamlet,,,,Ohangwena,Okongo
node/7521982507,Onghalulu,,hamlet,,,,Ohangwena,Okongo
way/1411704371,,,,,,,Ohangwena,Okongo
way/1245304085,Oshalumbu,,,,,,Ohangwena,Okongo
way/1430391376,Oshushu,,,,,,Ohangwena,Okongo
node/7549063651,Ehafo,,hamlet,,,,Ohangwena,Okongo
way/1411717589,,,,,,,Ohangwena,Okongo
way/1245509305,,,,,,,Ohangwena,Okongo
way/1411777914,,,,,,,Ohangwena,Okongo
way/1411777913,,,,,,,Ohangwena,Okongo
way/1411777912,,,,,,,Ohangwena,Okongo
way/1245509293,,,,,,,Ohangwena,Okongo
node/7526435455,Omauni,,hamlet,,,,Ohangwena,Okongo
node/2355277611,Mpungu,,village,,,,Kavango West,Mpungu
way/1218825497,,,,,,,Kavango West,Mpungu
way/308621239,,,,,,,Kavango West,Mpungu
way/1218825496,,,,,,,Kavango West,Mpungu
node/2365748696,Zone,,hamlet,,,,Kavango West,Mpungu
node/2365748709,Simanya,,village,,,,Kavango West,Mpungu
node/2365756140,Kankudi,,hamlet,,,,Kavango West,Mpungu
node/2355277355,Kakuwa,,hamlet,,,,Kavango West,Mpungu
node/2355277505,Nepara,,hamlet,,,,Kavango West,Mpungu
node/9588766894,,,isolated_dwelling,,,,Kavango West,Mpungu
node/9588804882,,,isolated_dwelling,,,,Kavango West,Mpungu
node/9588842732,,,isolated_dwelling,,,,Kavango West,Mpungu
node/9588800242,,,isolated_dwelling,,,,Kavango West,Mpungu
node/3211302259,Elavi,,hamlet,,,,Oshikoto,Eengodi
way/1546069271,,,,,,,Oshikoto,Eengodi
node/3211302231,,,hamlet,,,,Oshikoto,Eengodi
node/3211301886,Mongombi,,village,,,,Kavango West,Mpungu
way/592193785,,,,,,,Kavango West,Mpungu
node/6851569407,,,hamlet,,,,Oshikoto,Eengodi
node/7528377228,Onkumbula,,hamlet,,,,Oshikoto,Okankolo
way/981877649,,,,,,,Oshikoto,Eengodi
way/1182556502,,,,,,,Oshikoto,Eengodi
way/1182311880,,,,,,,Oshikoto,Eengodi
way/1182556561,,,,,,,Oshikoto,Eengodi
node/3211388525,King Kauluma Village,,village,4800,,,Oshikoto,Eengodi
way/934783355,,,,,,,Oshikoto,Eengodi
way/1546065619,,,,,,,Oshikoto,Guinas
way/921484838,,,,,,,Oshikoto,Guinas
node/9588842074,,,isolated_dwelling,,,,Oshikoto,Guinas
node/9588881577,,,isolated_dwelling,,,,Oshikoto,Guinas
node/9588881564,,,isolated_dwelling,,,,Oshikoto,Guinas
node/9588891761,,,isolated_dwelling,,,,Oshikoto,Guinas
node/3211576243,,,hamlet,,,,Oshikoto,Guinas
node/546664314,Ombili,,hamlet,,,,Oshikoto,Guinas
way/183344071,,,,,,,Oshikoto,Guinas
node/259486111,Oshivelo,,town,,,,Oshikoto,Guinas
way/314746350,Oshivelo,,,,,,Oshikoto,Guinas
way/270859532,,,,,,,Oshikoto,Omuthiyagwiipundi
way/173914376,,,,,,,Oshikoto,Omuthiyagwiipundi
way/173914372,Namutoni Camp,,,,,,Oshikoto,Omuthiyagwiipundi
way/481881413,,,,,,,Oshikoto,Guinas
way/562609286,,,,,,,Oshikoto,Guinas
node/4949791224,,,isolated_dwelling,,,,Oshikoto,Guinas
node/4354436905,Guinas,,hamlet,,,,Oshikoto,Guinas
way/625371703,,,,,,,Oshikoto,Guinas
way/577312535,,,,,,,Oshikoto,Tsumeb
way/98924788,,,,,,,Oshikoto,Tsumeb
way/577312530,,,,,,,Oshikoto,Tsumeb
way/577312533,,,,,,,Oshikoto,Tsumeb
way/577312532,,,,,,,Oshikoto,Tsumeb
way/1151254428,,,,,,,Oshikoto,Tsumeb
node/7632695914,Tsumeb,,town,20000,,,Oshikoto,Tsumeb
way/577314771,,,,,,,Oshikoto,Tsumeb
way/308621237,,,,,,,Otjozondjupa,Grootfontein
node/251875424,Abenab,,village,,,,Otjozondjupa,Grootfontein
way/308621238,,,,,,,Otjozondjupa,Grootfontein
way/320578490,,,,,,,Otjozondjupa,Grootfontein
way/320578488,,,,,,,Oshikoto,Guinas
way/299278117,,,,,,,Oshikoto,Guinas
node/245029805,Tsintsabis,,village,,,,Oshikoto,Guinas
node/9588841676,,,isolated_dwelling,,,,Kavango West,Mpungu
node/8319792140,Veldduin,,isolated_dwelling,,,,Otjozondjupa,Grootfontein
way/308621236,,,,,,,Otjozondjupa,Grootfontein
node/3226001060,,,hamlet,,,,Otjozondjupa,Grootfontein
node/3226001053,,,hamlet,,,,Otjozondjupa,Grootfontein
node/3225681982,,,hamlet,,,,Otjozondjupa,Okakarara
way/1105370133,,,,,,,Otjozondjupa,Grootfontein
way/288801725,,,,,,,Otjozondjupa,Grootfontein
way/288801724,,,,,,,Otjozondjupa,Grootfontein
way/122921896,Extension 4,,,,,,Otjozondjupa,Grootfontein
way/99030108,,,,,,,Otjozondjupa,Grootfontein
way/1105008740,,,,,,,Otjozondjupa,Grootfontein
way/1105156305,,,,,,,Otjozondjupa,Grootfontein
way/122929435,Extension 2,,,,,,Otjozondjupa,Grootfontein
node/245024692,Grootfontein,Grootfontein,town,16632,,,Otjozondjupa,Grootfontein
way/122921894,,,,,,,Otjozondjupa,Grootfontein
way/122916028,Extension 2,,,,,,Otjozondjupa,Grootfontein
way/122927383,Extension 1,,,,,,Otjozondjupa,Grootfontein
way/122935000,Proper,,,,,,Otjozondjupa,Grootfontein
way/122941540,Extension 4,,,,,,Otjozondjupa,Grootfontein
way/310279952,,,,,,,Otjozondjupa,Otavi
way/24213357,,,,,,,Otjozondjupa,Otavi
way/24213354,,,,,,,Otjozondjupa,Otavi
node/245024496,Kombat,,village,,,,Otjozondjupa,Otavi
way/24213333,,,,,,,Otjozondjupa,Otavi
way/521657530,NYS Rietfontein,,,,,,Otjozondjupa,Otavi
way/1354922537,,,,,,,Otjozondjupa,Otavi
way/1216650434,,,,,,,Otjozondjupa,Grootfontein
way/1216650433,,,,,,,Otjozondjupa,Grootfontein
way/1248053565,Extension 5,,,,,,Otjozondjupa,Grootfontein
way/1248053569,Extension 3,,,,,,Otjozondjupa,Grootfontein
way/416458378,,,,,,,Otjozondjupa,Grootfontein
way/617885519,,,,,,,Otjozondjupa,Otavi
node/5815268747,Omboora,,hamlet,,,,Otjozondjupa,Okakarara
node/3225590489,,,hamlet,,,,Otjozondjupa,Okakarara
way/316450823,,,,,,,Otjozondjupa,Okakarara
node/3225590496,Coblenz,,village,,,,Otjozondjupa,Okakarara
node/3225682366,,,hamlet,,,,Otjozondjupa,Okakarara
way/1032004633,,,,,,,Otjozondjupa,Okakarara
node/5795991872,Omitjete,,hamlet,,,,Otjozondjupa,Okakarara
node/3225682070,Ongongoro,,hamlet,,,,Otjozondjupa,Okakarara
way/1032004635,,,,,,,Otjozondjupa,Okakarara
way/1032004634,,,,,,,Otjozondjupa,Okakarara
node/3225682354,,,hamlet,,,,Otjozondjupa,Okakarara
way/1032006062,,,,,,,Otjozondjupa,Okakarara
way/1036021472,,,,,,,Otjozondjupa,Okakarara
way/1036021477,,,,,,,Otjozondjupa,Okakarara
node/3367401689,,,hamlet,,,,Otjozondjupa,Okakarara
way/1036021478,,,,,,,Otjozondjupa,Okakarara
way/1032037557,,,,,,,Otjozondjupa,Okakarara
way/1032037564,,,,,,,Otjozondjupa,Okakarara
way/1036021481,,,,,,,Otjozondjupa,Okakarara
way/1032037559,,,,,,,Otjozondjupa,Okakarara
way/1032037558,,,,,,,Otjozondjupa,Okakarara
way/1032037556,,,,,,,Otjozondjupa,Okakarara
node/3367404200,,,hamlet,,,,Otjozondjupa,Okakarara
way/1032037554,,,,,,,Otjozondjupa,Okakarara
way/1032037555,,,,,,,Otjozondjupa,Okakarara
way/570724151,,,,,,,Otjozondjupa,Okakarara
node/259995182,Okamatapati,,village,,,,Otjozondjupa,Okakarara
way/1036021483,,,,,,,Otjozondjupa,Okakarara
node/10158382422,Ekuenje,,village,,,,Otjozondjupa,Okakarara
way/1035107472,Oviserandu,,,,,,Otjozondjupa,Okakarara
way/1035107471,Omazera,,,,,,Otjozondjupa,Okakarara
way/1035107465,Omutiondundu,,,,,,Otjozondjupa,Okakarara
way/1301987537,Okahitanda,,,,,,Otjozondjupa,Okakarara
node/259990436,Okondjatu,,village,,,,Otjozondjupa,Okakarara
way/615269869,,,,,,,Otjozondjupa,Okakarara
way/1312752372,,,,,,,Otjozondjupa,Okakarara
way/1312752376,,,,,,,Otjozondjupa,Okakarara
way/1312752361,Yard,,,,,,Otjozondjupa,Okakarara
way/1312752345,Hof,,,,,,Otjozondjupa,Okakarara
way/1312752353,,,,,,,Otjozondjupa,Okakarara
way/1312752354,,,,,,,Otjozondjupa,Okakarara
way/1312752348,Yard,,,,,,Otjozondjupa,Okakarara
way/1312752389,Homestead yard,,,,,,Otjozondjupa,Okakarara
way/1032495801,Okatjaveva,,,,,,Otjozondjupa,Okakarara
way/1312752377,Yard,,,,,,Otjozondjupa,Okakarara
way/1314591115,Yard,,,,,,Otjozondjupa,Okakarara
way/1032493294,Okaari,,,,,,Otjozondjupa,Okakarara
way/1032493296,Ondjombo Jorukune,,,,,,Otjozondjupa,Okakarara
way/1032493281,Omapumba,,,,,,Otjozondjupa,Okakarara
way/1032493288,Oktoto,,,,,,Otjozondjupa,Okakarara
way/1032493279,,,,,,,Otjozondjupa,Okakarara
way/1032483168,Okotjitundu,,,,,,Otjozondjupa,Okakarara
way/1032483167,Otjomupanda,,,,,,Otjozondjupa,Okakarara
node/3225584522,Ohamuheke,,hamlet,,,,Otjozondjupa,Okakarara
way/1032483174,Okeserahi,,,,,,Otjozondjupa,Okakarara
way/1032483178,,,,,,,Otjozondjupa,Okakarara
node/7260725549,Okozonduzo,,hamlet,,,,Otjozondjupa,Okakarara
node/259762318,Okanugu,,hamlet,,,,Otjozondjupa,Okakarara
way/1032483187,,,,,,,Otjozondjupa,Okakarara
node/7260725548,Otjikango,,isolated_dwelling,,,,Otjozondjupa,Okakarara
way/1032495805,,,,,,,Otjozondjupa,Okakarara
node/259762489,Ozongarongombe,,hamlet,,,,Otjozondjupa,Okakarara
way/1032497632,,,,,,,Otjozondjupa,Okakarara
node/7260725552,Okomumbonde,,hamlet,,,,Otjozondjupa,Okakarara
way/1032495804,,,,,,,Otjozondjupa,Okakarara
node/7260725555,,,hamlet,,,,Otjozondjupa,Okakarara
way/1032483163,,,,,,,Otjozondjupa,Okakarara
way/1031702916,,,,,,,Otjozondjupa,Okakarara
way/1032483161,,,,,,,Otjozondjupa,Okakarara
node/3225584527,,,hamlet,,,,Otjozondjupa,Okakarara
node/3225584549,Omaihi,,hamlet,,,,Otjozondjupa,Okakarara
node/5762492036,Orunahi,,hamlet,,,,Otjozondjupa,Okakarara
way/1031618501,,,,,,,Otjozondjupa,Okakarara
way/1032483160,,,,,,,Otjozondjupa,Okakarara
way/1032483159,,,,,,,Otjozondjupa,Okakarara
node/5762493561,Omatanga,,hamlet,,,,Otjozondjupa,Okakarara
node/5945849464,Otjjase,,hamlet,,,,Otjozondjupa,Okakarara
way/1031702917,,,,,,,Otjozondjupa,Okakarara
way/1031702918,,,,,,,Otjozondjupa,Okakarara
node/5815125823,Ombinda,,hamlet,,,,Otjozondjupa,Okakarara
way/1032022006,,,,,,,Otjozondjupa,Okakarara
way/1032022005,,,,,,,Otjozondjupa,Okakarara
way/1031702923,,,,,,,Otjozondjupa,Okakarara
node/5762513401,Omatupa,,hamlet,,,,Otjozondjupa,Okakarara
way/1031702919,,,,,,,Otjozondjupa,Okakarara
node/7260725550,Otuvingo,,hamlet,,,,Otjozondjupa,Okakarara
way/1035986771,,,,,,,Otjozondjupa,Okakarara
way/1031702920,,,,,,,Otjozondjupa,Okakarara
way/1031702925,,,,,,,Otjozondjupa,Okakarara
way/1031702924,,,,,,,Otjozondjupa,Okakarara
way/1031702926,,,,,,,Otjozondjupa,Okakarara
way/1032493273,,,,,,,Otjozondjupa,Okakarara
way/1032493274,,,,,,,Otjozondjupa,Okakarara
way/1031702929,,,,,,,Otjozondjupa,Okakarara
way/1031702927,,,,,,,Otjozondjupa,Okakarara
node/5796045402,Okasitu,,hamlet,,,,Otjozondjupa,Okakarara
way/1031702930,,,,,,,Otjozondjupa,Okakarara
way/1031702934,,,,,,,Otjozondjupa,Okakarara
node/5815378413,Okangwindi,,hamlet,,,,Otjozondjupa,Okakarara
way/1031702933,,,,,,,Otjozondjupa,Okakarara
node/5796029268,Otjinakui,,hamlet,,,,Otjozondjupa,Okakarara
way/1031702935,,,,,,,Otjozondjupa,Okakarara
node/3225590518,,,hamlet,,,,Otjozondjupa,Okakarara
node/5815334661,Okatwakoverwa,,hamlet,,,,Otjozondjupa,Okakarara
node/5796066872,Orauku,,hamlet,,,,Otjozondjupa,Okakarara
node/5815111408,Okangoho,,hamlet,,,,Otjozondjupa,Okakarara
way/1036024000,Ohakane,,,,,,Otjozondjupa,Okakarara
way/610031177,,,,,,,Otjozondjupa,Okakarara
way/904478329,,,,,,,Otjozondjupa,Okakarara
node/245022737,Okakarara,,village,,,,Otjozondjupa,Okakarara
way/610035815,,,,,,,Otjozondjupa,Okakarara
way/610031574,,,,,,,Otjozondjupa,Okakarara
way/610030745,,,,,,,Otjozondjupa,Okakarara
way/609936324,,,,,,,Otjozondjupa,Okakarara
way/904478330,,,,,,,Otjozondjupa,Okakarara
way/609935395,,,,,,,Otjozondjupa,Okakarara
way/508061603,,,,,,,Otjozondjupa,Okakarara
way/609935597,,,,,,,Otjozondjupa,Okakarara
way/1035986769,Otjitasu,,,,,,Otjozondjupa,Okakarara
way/508068269,Ongongombonde,,,,,,Otjozondjupa,Okakarara
node/5815206874,Okatuwo,,hamlet,,,,Otjozondjupa,Okakarara
way/1032483156,Otumborombonga,,,,,,Otjozondjupa,Okakarara
node/5762496178,Omatjatjeva,,hamlet,,,,Otjozondjupa,Okakarara
way/1021903119,Omupanda,,,,,,Otjozondjupa,Okakarara
node/5762504476,Ombuyovakuru,,hamlet,,,,Otjozondjupa,Okakarara
node/5762491184,Okahitua,,hamlet,,,,Otjozondjupa,Okakarara
way/1031618499,,,,,,,Otjozondjupa,Okakarara
node/7260725554,Ovitatu,,hamlet,,,,Otjozondjupa,Okakarara
way/1032497631,,,,,,,Otjozondjupa,Okakarara
node/7260725544,Okatjombe,,isolated_dwelling,,,,Otjozondjupa,Omatako
way/1021903103,,,,,,,Otjozondjupa,Okakarara
way/1021903108,Okovimboro,,,,,,Otjozondjupa,Okakarara
way/589251626,Opamwe,,suburb,,,,Otjozondjupa,Okakarara
way/1056177671,,,,,,,Otjozondjupa,Omatako
way/1056177677,,,,,,,Otjozondjupa,Omatako
way/1075138526,,,,,,,Otjozondjupa,Otavi
way/1082876485,,,,,,,Otjozondjupa,Otavi
way/1165515172,,,,,,,Otjozondjupa,Otavi
way/1165515171,,,,,,,Otjozondjupa,Otavi
way/1165514457,,,,,,,Otjozondjupa,Otavi
way/1082731598,,,,,,,Otjozondjupa,Otavi
way/1165517213,,,,,,,Otjozondjupa,Otavi
way/1082725090,,,,,,,Otjozondjupa,Otavi
node/245024172,Otavi,,town,,,,Otjozondjupa,Otavi
way/1155239194,,,,,,,Otjozondjupa,Otavi
way/1165517215,,,,,,,Otjozondjupa,Otavi
way/1165517214,,,,,,,Otjozondjupa,Otavi
way/1165517212,,,,,,,Otjozondjupa,Otavi
way/1165514449,,,,,,,Otjozondjupa,Otavi
way/1165594416,,,,,,,Otjozondjupa,Otavi
way/1165594412,,,,,,,Otjozondjupa,Otavi
way/1082866023,,,,,,,Otjozondjupa,Otavi
way/437960396,,,,,,,Otjozondjupa,Otavi
way/1361662310,,,,,,,Otjozondjupa,Otjiwarongo
way/1361662311,,,,,,,Otjozondjupa,Otjiwarongo
way/1034240752,,,,,,,Otjozondjupa,Otjiwarongo
way/1034240775,,,,,,,Kunene,Outjo
way/1034240788,,,,,,,Kunene,Outjo
way/1034240789,,,,,,,Kunene,Outjo
way/1034240777,,,,,,,Kunene,Outjo
way/1454030008,,,,,,,Kunene,Outjo
way/1454030007,,,,,,,Kunene,Outjo
node/259222387,Outjo,,town,,,,Kunene,Outjo
way/1454030009,,,,,,,Kunene,Outjo
way/1454028010,Sestig,,,,,,Kunene,Outjo
way/1454021942,,,,,,,Kunene,Outjo
way/1454021938,,,,,,,Kunene,Outjo
way/1454771095,,,,,,,Kunene,Outjo
way/1454771099,,,,,,,Kunene,Outjo
way/1454415037,,,,,,,Kunene,Outjo
way/1454780157,,,,,,,Kunene,Outjo
way/1454780158,,,,,,,Kunene,Outjo
node/3224010858,,,hamlet,,,,Kunene,Outjo
node/3224010860,,,village,,,,Kunene,Outjo
way/93206321,,,,,,,Kunene,Outjo
way/452878546,,,,,,,Kunene,Kamanjab
node/4496874489,Otjikondo,,village,,,,Kunene,Kamanjab
way/1042201697,,,,,,,Kunene,Kamanjab
way/1042201700,,,,,,,Kunene,Kamanjab
node/3223936558,,,hamlet,,,,Kunene,Kamanjab
way/1038760123,,,,,,,Kunene,Kamanjab
node/4188967035,Otjikarare,,hamlet,,,,Kunene,Kamanjab
way/1038741180,,,,,,,Kunene,Kamanjab
way/1038741154,,,,,,,Kunene,Kamanjab
way/1038741153,,,,,,,Kunene,Kamanjab
way/1038741200,,,,,,,Kunene,Kamanjab
way/1038741204,,,,,,,Kunene,Kamanjab
way/1037981569,Lowensfontein,,,,,,Kunene,Khorixas
way/1037981568,,,,,,,Kunene,Khorixas
node/3224931644,,,hamlet,,,,Kunene,Khorixas
way/1037981565,,,,,,,Kunene,Khorixas
way/1037981557,,,,,,,Kunene,Khorixas
way/1037981559,,,,,,,Kunene,Khorixas
way/1037981558,,,,,,,Kunene,Khorixas
way/1037981563,,,,,,,Kunene,Khorixas
node/3224931640,,,hamlet,,,,Kunene,Khorixas
node/9915870151,Tsavises,,hamlet,,,,Kunene,Khorixas
node/9922072011,Okaseraue,,hamlet,,,,Erongo,Daures
way/1038759379,,,,,,,Kunene,Kamanjab
way/1022896506,Okatjandjoura,,,,,,Erongo,Daures
way/1022900603,Ondundu Otjiyapa,,,,,,Erongo,Daures
way/1022943727,,,,,,,Erongo,Daures
way/1022891805,,,,,,,Erongo,Daures
node/3950746228,Okongue,,hamlet,,,,Erongo,Daures
way/1024304199,,,,,,,Erongo,Daures
node/7396285516,Oputua,,hamlet,,,,Erongo,Daures
way/1008155928,,,,,,,Erongo,Daures
node/5670681825,Okondomba,,hamlet,,,,Erongo,Daures
node/8849122388,Okotjoto,,hamlet,,,,Erongo,Daures
way/594755060,,,,,,,Erongo,Daures
node/3950746231,Ozondati,,hamlet,,,,Erongo,Daures
way/1009542495,,,,,,,Erongo,Daures
way/1009542496,,,,,,,Erongo,Daures
way/1022943732,Omutiwanduko,,,,,,Erongo,Daures
node/3950746227,Motjari,,hamlet,,,,Erongo,Daures
way/1022891803,Otjohorongo,,,,,,Erongo,Daures
way/1022948669,,,,,,,Erongo,Daures
way/1009539831,Ovihitua,,,,,,Erongo,Daures
way/1022916038,,,,,,,Erongo,Daures
way/1028921769,,,,,,,Otjozondjupa,Otjiwarongo
node/5291632232,,,isolated_dwelling,,,,Otjozondjupa,Otjiwarongo
way/1028921760,,,,,,,Otjozondjupa,Otjiwarongo
way/594291580,,,,,,,Otjozondjupa,Otjiwarongo
node/169021410,Kalkfeld,,village,,,,Otjozondjupa,Otjiwarongo
way/1016840972,,,,,,,Otjozondjupa,Omatako
way/1016851827,,,,,,,Otjozondjupa,Omatako
way/1016840983,,,,,,,Otjozondjupa,Omatako
way/1016840997,,,,,,,Otjozondjupa,Omatako
way/1016836321,,,,,,,Otjozondjupa,Omatako
node/5291898150,,,isolated_dwelling,,,,Otjozondjupa,Otjiwarongo
node/5291898149,,,isolated_dwelling,,,,Otjozondjupa,Otjiwarongo
node/5291899514,,,hamlet,,,,Otjozondjupa,Otjiwarongo
node/5291898147,,,isolated_dwelling,,,,Otjozondjupa,Otjiwarongo
way/1025477535,,,,,,,Otjozondjupa,Otjiwarongo
node/5291898558,,,isolated_dwelling,,,,Otjozondjupa,Otjiwarongo
way/1030374889,,,,,,,Otjozondjupa,Otjiwarongo
way/891295309,,,,,,,Otjozondjupa,Otjiwarongo
way/713401329,,,,,,,Otjozondjupa,Otjiwarongo
way/1269018187,,,,,,,Otjozondjupa,Otjiwarongo
way/1270738760,,,,,,,Otjozondjupa,Otjiwarongo
way/1270408352,,,,,,,Otjozondjupa,Otjiwarongo
way/1270450537,,,,,,,Otjozondjupa,Otjiwarongo
node/245023717,Otjiwarongo,,city,49022,,,Otjozondjupa,Otjiwarongo
way/1270743212,,,,,,,Otjozondjupa,Otjiwarongo
way/1270408351,,,,,,,Otjozondjupa,Otjiwarongo
way/1052652420,,,,,,,Otjozondjupa,Otjiwarongo
way/1240723034,,,,,,,Otjozondjupa,Omatako
way/1270183047,,,,,,,Otjozondjupa,Otjiwarongo
way/1053043176,,,,,,,Otjozondjupa,Otjiwarongo
way/617671691,,,,,,,Otjozondjupa,Omatako
node/5819909377,Sukses,,hamlet,,,,Otjozondjupa,Omatako
way/788563804,,,,,,,Otjozondjupa,Omatako
way/1013721791,,,,,,,Otjozondjupa,Okahandja
way/1012775938,,,,,,,Otjozondjupa,Okahandja
way/1013029252,,,,,,,Otjozondjupa,Okahandja
node/3192591468,,,hamlet,,,,Otjozondjupa,Okahandja
way/1013691821,,,,,,,Otjozondjupa,Okahandja
way/1013691822,,,,,,,Otjozondjupa,Okahandja
way/1016530605,,,,,,,Otjozondjupa,Okahandja
way/568277379,,,,,,,Otjozondjupa,Omatako
node/5293651156,,,hamlet,,,,Erongo,Omaruru
node/1252335446,Omaruru Wildlife Estate,,,,,,Erongo,Omaruru
node/11961413904,,,hamlet,,,,Erongo,Omaruru
way/1290084260,,,,,,,Erongo,Omaruru
way/1024304205,,,,,,,Erongo,Daures
way/1009539833,,,,,,,Erongo,Daures
way/570510947,,,,,,,Erongo,Daures
node/258882740,Omatjete,,village,12000,,,Erongo,Daures
way/1022875464,,,,,,,Erongo,Daures
node/5667340835,Okomapuku,,hamlet,,,,Erongo,Daures
way/1009539841,,,,,,,Erongo,Daures
way/1024304204,,,,,,,Erongo,Daures
node/5670652736,Orumwe,,hamlet,,,,Erongo,Daures
way/121552573,,,,,,,Erongo,Daures
way/1009843244,,,,,,,Erongo,Daures
way/594298926,,,,,,,Erongo,Daures
node/1360523798,Okombahe,,village,,,,Erongo,Daures
way/315467026,Tubusis,,village,,,,Erongo,Daures
node/3215840392,,,hamlet,,,,Erongo,Daures
node/3215839720,,,hamlet,,,,Erongo,Daures
node/3215839921,,,hamlet,,,,Erongo,Daures
node/3215840073,,,hamlet,,,,Erongo,Daures
node/3215840338,,,hamlet,,,,Erongo,Daures
node/3215840261,,,hamlet,,,,Erongo,Daures
way/1009944280,,,,,,,Erongo,Daures
way/1008060446,,,,,,,Erongo,Daures
way/1006177557,,,,,,,Erongo,Daures
way/1008060434,Ketelbank,,,,,,Erongo,Daures
node/10135531018,Links en regs,,hamlet,,,,Erongo,Daures
way/1008060433,,,,,,,Erongo,Daures
way/1006215853,Au Xas,,,,,,Erongo,Daures
node/5667385612,Gudubis,,hamlet,50,,,Erongo,Daures
way/594304547,,,,,,,Erongo,Daures
way/1009944271,Aaba Noros,,,,,,Erongo,Daures
node/3215838910,,,hamlet,,,,Erongo,Daures
way/457743478,,,,,,,Erongo,Omaruru
way/98029213,Ozondje,,,,,,Erongo,Omaruru
way/1109743443,,,,,,,Erongo,Omaruru
way/1240390796,,,,,,,Erongo,Omaruru
node/258875879,Omaruru,,town,,,,Erongo,Omaruru
way/1240390797,,,,,,,Erongo,Omaruru
way/594645854,,,,,,,Erongo,Karibib
way/1315546201,,,,,,,Erongo,Karibib
way/1315546199,,,,,,,Erongo,Karibib
way/594645852,,,,,,,Erongo,Karibib
way/724168163,,,,,,,Erongo,Karibib
node/243719248,Karibib,,town,5132,,,Erongo,Karibib
way/1315724553,,,,,,,Erongo,Karibib
node/8638506458,Friedrichsfelde,,hamlet,,,,Erongo,Karibib
way/979342632,,,,,,,Erongo,Karibib
node/3192137648,Goas,,hamlet,,,,Erongo,Karibib
node/13546422003,Ubib,,hamlet,,,,Erongo,Karibib
way/1248160814,,,,,,,Khomas,Moses Garoeb
way/1247785545,,,,,,,Khomas,Moses Garoeb
way/1248052818,,,,,,,Khomas,Moses Garoeb
way/772128982,,,,,,,Khomas,Moses Garoeb
way/765655135,,,,,,,Khomas,Windhoek Rural
node/3486111593,Safari Guest Farm Düsternbrook,,hamlet,,,,Otjozondjupa,Okahandja
node/3476780697,Otjiva,,hamlet,,,,Khomas,Windhoek Rural
way/313341251,,,,,,,Khomas,Windhoek Rural
node/1369708573,Döbra,,hamlet,,,,Khomas,Windhoek Rural
way/1307322724,Otjihase,,,,,,Khomas,Windhoek Rural
way/333995134,Elisenheim Guest Farm,,hamlet,,,,Khomas,Windhoek Rural
way/701878888,,,,,,,Khomas,Windhoek Rural
way/701878886,,,,,,,Khomas,Windhoek Rural
way/775327743,,,,,,,Khomas,Windhoek Rural
way/1132438447,,,,,,,Khomas,Tobias Hainyeko
way/1132434465,,,,,,,Khomas,Tobias Hainyeko
way/1001993086,,,,,,,Khomas,Tobias Hainyeko
way/1074440034,,,,,,,Khomas,Tobias Hainyeko
way/1300413976,,,,,,,Khomas,Windhoek Rural
way/366737840,Nubuamis,,neighbourhood,,,,Khomas,Katutura East
way/484819375,,,neighbourhood,,,,Khomas,Katutura East
way/484815597,,,,,,,Khomas,Katutura East
way/484815596,,,,,,,Khomas,Katutura East
way/484815594,,,,,,,Khomas,Katutura East
way/484815593,Shandumbala,,neighbourhood,,,,Khomas,Katutura East
way/914217460,,,,,,,Khomas,Windhoek East
relation/17629958,,,neighbourhood,,,,Khomas,Windhoek Rural
way/121411221,Eros Park,,suburb,,,,Khomas,Windhoek Rural
way/484812414,,,,,,,Khomas,Katutura East
way/484318499,,,,,,,Khomas,Khomasdal North
relation/17628993,,,,,,,Khomas,Windhoek Rural
way/484080223,,,,,,,Khomas,Windhoek Rural
way/484080220,,,,,,,Khomas,Windhoek Rural
way/903153879,,,,,,,Khomas,Windhoek East
way/903153880,,,,,,,Khomas,Windhoek East
relation/17910829,Windhoek North,,,,,,Khomas,Windhoek West
way/1232459283,,,,,,,Khomas,Windhoek West
way/1232459286,,,,,,,Khomas,Windhoek West
relation/17345233,,,,,,,Khomas,Windhoek West
way/121238425,,,,,,,Khomas,Windhoek West
way/1205121414,Raven Court,,,,,,Khomas,Windhoek West
way/1283190218,Palomar Court,,,,,,Khomas,Windhoek West
way/362989284,Kalahari Village,,,,,,Khomas,Windhoek West
way/1251109077,,,neighbourhood,,,,Khomas,Windhoek West
way/1283190236,,,,,,,Khomas,Windhoek West
way/1283190222,La Titia Court,,,,,,Khomas,Windhoek West
way/1283190220,Le Pally Court,,,,,,Khomas,Windhoek West
way/1251109094,,,neighbourhood,,,,Khomas,Windhoek West
way/917751055,,,,,,,Khomas,Windhoek West
way/484053552,,,,,,,Khomas,Windhoek West
way/484053560,,,,,,,Khomas,Windhoek West
way/1242189393,,,,,,,Khomas,Windhoek West
way/484053557,,,,,,,Khomas,Windhoek West
way/484053562,,,,,,,Khomas,Windhoek West
way/484053556,,,,,,,Khomas,Windhoek West
way/1287768078,,,,,,,Khomas,Windhoek West
way/1287768077,,,,,,,Khomas,Windhoek West
way/484062539,,,,,,,Khomas,Windhoek West
way/484062546,,,,,,,Khomas,Windhoek West
way/914232745,,,,,,,Khomas,Windhoek West
way/484058026,,,,,,,Khomas,Windhoek West
way/484206169,,,,,,,Khomas,Windhoek East
way/1267440997,,,,,,,Khomas,Windhoek East
way/484206164,,,,,,,Khomas,Windhoek East
way/484205014,,,,,,,Khomas,Windhoek East
way/484205013,,,,,,,Khomas,Windhoek East
way/1153029723,US Embassy,,,,,,Khomas,Windhoek East
way/484205012,,,,,,,Khomas,Windhoek East
way/121374069,,,,,,,Khomas,Windhoek East
way/1359873370,Heben Hills,,neighbourhood,,,,Khomas,Windhoek East
way/1359871895,Ludwigsplatz,,neighbourhood,,,,Khomas,Windhoek East
way/1361155375,,,neighbourhood,,,,Khomas,Windhoek East
way/1359966508,,,,,,,Khomas,Windhoek East
way/1260750351,Aegams Court,,,,,,Khomas,Windhoek East
way/1260758447,,,,,,,Khomas,Windhoek East
way/1359966509,,,,,,,Khomas,Windhoek East
way/1359965448,,,,,,,Khomas,Windhoek East
way/1359964874,Mission Village,,neighbourhood,,,,Khomas,Windhoek East
way/633590071,,,,,,,Khomas,Windhoek East
way/1240145523,,,,,,,Khomas,Windhoek East
way/310077911,,,,,,,Khomas,Windhoek East
way/120796790,,,,,,,Khomas,Windhoek East
way/122560345,Luxury Hill,,,,,,Khomas,Windhoek East
way/484058027,,,,,,,Khomas,Windhoek West
way/484058025,,,,,,,Khomas,Windhoek West
way/95099000,,,,,,,Khomas,Windhoek West
way/95099001,,,,,,,Khomas,Windhoek West
node/33364833,Windhoek,Windhoek,city,325858,,,Khomas,Windhoek West
way/1242350090,,,,,,,Khomas,Windhoek West
way/1281858894,,,,,,,Khomas,Windhoek East
way/1242471659,,,,,,,Khomas,Windhoek West
way/30477545,,,,,,,Khomas,Windhoek West
way/521469411,A Zebra Pousada Guest House,,,,,,Khomas,Windhoek West
way/120839027,Windhoek Golf Estate,,,,,,Khomas,Windhoek West
way/1242471640,,,,,,,Khomas,Windhoek West
way/730197414,,,,,,,Khomas,Windhoek East
way/121211826,,,,,,,Khomas,Windhoek East
way/1212251984,Oracles,,,,,,Khomas,Windhoek East
way/1212251985,Kreuzberg,,,,,,Khomas,Windhoek East
way/1240145524,,,,,,,Khomas,Windhoek East
relation/17618268,Kleine Kuppe,,neighbourhood,,,,Khomas,Windhoek East
way/1315317138,Deo Gratus,,,,,,Khomas,Windhoek East
way/914217454,,,,,,,Khomas,Windhoek East
way/914217453,,,,,,,Khomas,Windhoek East
way/914217456,,,,,,,Khomas,Windhoek East
way/914217461,,,,,,,Khomas,Windhoek East
way/270697202,St Michael's Park Komplex,,,,,,Khomas,Windhoek East
way/725975996,,,,,,,Khomas,Windhoek East
way/725975986,,,,,,,Khomas,Windhoek East
way/1307113189,,,,,,,Khomas,Windhoek Rural
node/2027886819,Hoffnung,,hamlet,,,,Khomas,Windhoek Rural
way/1152672457,,,,,,,Khomas,Windhoek Rural
way/369242613,Finkenstein Estate,,,,,,Khomas,Windhoek East
node/1426092230,Kapps Farm,,isolated_dwelling,,,,Khomas,Windhoek Rural
way/726969499,,,,,,,Khomas,Windhoek Rural
way/726969486,,,,,,,Khomas,Windhoek Rural
way/905366879,,,,,,,Khomas,Windhoek Rural
way/830869489,Herboth's Blick Nature Estate,,isolated_dwelling,,,,Khomas,Windhoek Rural
way/88822335,Farm Sonnleiten Retirement Residence,,,,,,Khomas,Windhoek Rural
way/1436396146,,,,,,,Khomas,Windhoek Rural
way/969188821,,,,,,,Khomas,Windhoek Rural
node/2042155605,Seeis,,hamlet,,,,Khomas,Windhoek Rural
node/13935612737,Ongombo West,,hamlet,,,,Khomas,Windhoek Rural
way/510564199,,,,,,,Khomas,Windhoek Rural
way/659770270,,,,,,,Otjozondjupa,Omatako
way/659770272,,,,,,,Otjozondjupa,Omatako
way/659770269,,,,,,,Otjozondjupa,Omatako
way/601380203,Otjongombe,,,,,,Otjozondjupa,Omatako
way/601378633,Ovitoto,,,,,,Otjozondjupa,Omatako
way/1242514182,,,,,,,Otjozondjupa,Omatako
relation/14120084,Okandjira,,village,,,,Otjozondjupa,Omatako
way/1011835371,Okamakuara,,,,,,Otjozondjupa,Omatako
way/988306373,Okasuuandjiuo,,,,,,Otjozondjupa,Omatako
way/1081336749,Okatjongwa,,,,,,Otjozondjupa,Omatako
way/1012104753,,,,,,,Otjozondjupa,Omatako
way/1011835372,Okouue,,,,,,Otjozondjupa,Omatako
way/1012104747,Otjiserandu,,,,,,Otjozondjupa,Omatako
way/1058530604,Ovanduvongue,,,,,,Otjozondjupa,Omatako
way/1012104748,Okaokongunja,,,,,,Otjozondjupa,Omatako
way/988306364,,,,,,,Otjozondjupa,Omatako
way/988306369,,,,,,,Otjozondjupa,Omatako
way/988306361,,,,,,,Otjozondjupa,Omatako
way/988306360,Osatana,,,,,,Otjozondjupa,Omatako
way/921484837,Otjivahijona,,,,,,Otjozondjupa,Omatako
way/988306357,Okatjsoroi,,,,,,Otjozondjupa,Omatako
way/988306351,,,,,,,Otjozondjupa,Omatako
way/988306352,,,,,,,Otjozondjupa,Omatako
way/601383020,Oruuwa,,,,,,Otjozondjupa,Omatako
way/601381372,Onduezongange,,,,,,Otjozondjupa,Omatako
way/964611527,,,,,,,Otjozondjupa,Omatako
node/1369733116,Teufelsbach,,hamlet,,,,Otjozondjupa,Omatako
way/868393079,Osona Village,,,,,,Otjozondjupa,Okahandja
way/776083692,,,,,,,Otjozondjupa,Okahandja
way/918615760,Vergenoeg,,,,,,Otjozondjupa,Okahandja
way/1094409930,Oshetu,,,,,,Otjozondjupa,Okahandja
way/594657160,,,,,,,Otjozondjupa,Okahandja
way/1108149325,Ekunde,,,,,,Otjozondjupa,Okahandja
way/763346612,Veddersdal,,,,,,Otjozondjupa,Okahandja
way/1135122934,,,,,,,Otjozondjupa,Okahandja
way/1135116248,,,,,,,Otjozondjupa,Okahandja
node/243717016,Okahandja,,city,22639,,,Otjozondjupa,Okahandja
way/594657164,,,,,,,Otjozondjupa,Okahandja
way/1108251296,,,,,,,Otjozondjupa,Okahandja
way/1169390572,,,,,,,Otjozondjupa,Okahandja
way/98286121,,,,,,,Otjozondjupa,Okahandja
way/98286101,,,,,,,Otjozondjupa,Omatako
way/660883200,Gkamboro,,,,,,Otjozondjupa,Omatako
way/660565102,Okamboro,,,,,,Otjozondjupa,Omatako
way/1018242977,,,,,,,Otjozondjupa,Omatako
way/659766447,Otjombali,,,,,,Otjozondjupa,Omatako
way/650649987,,,,,,,Otjozondjupa,Omatako
way/661042685,,,,,,,Otjozondjupa,Omatako
way/241224110,Osire Refugee Settlement,Osire Refugee Settlement,,,,,Otjozondjupa,Omatako
way/1017883274,,,,,,,Otjozondjupa,Omatako
way/669379901,,,,,,,Otjozondjupa,Omatako
way/669379873,,,,,,,Otjozondjupa,Omatako
way/669379872,,,,,,,Otjozondjupa,Omatako
way/669379995,,,,,,,Otjozondjupa,Omatako
way/669379900,,,,,,,Otjozondjupa,Omatako
way/669379886,,,,,,,Otjozondjupa,Omatako
way/1018489191,,,,,,,Otjozondjupa,Omatako
way/1018489198,,,,,,,Otjozondjupa,Omatako
way/1019008884,,,,,,,Otjozondjupa,Omatako
node/259963976,Hochfeld,,hamlet,,,,Otjozondjupa,Omatako
way/986635929,Okatjuru Game Farm,,,,,,Otjozondjupa,Omatako
way/1020250002,,,,,,,Otjozondjupa,Omatako
way/1019008900,,,,,,,Otjozondjupa,Omatako
way/1019008915,,,,,,,Otjozondjupa,Omatako
way/1019008917,,,,,,,Otjozondjupa,Omatako
way/669379747,,,,,,,Otjozondjupa,Omatako
way/669379988,,,,,,,Otjozondjupa,Omatako
way/669379921,,,,,,,Otjozondjupa,Omatako
way/669379915,,,,,,,Otjozondjupa,Omatako
way/669379956,,,,,,,Otjozondjupa,Omatako
way/669379955,,,,,,,Otjozondjupa,Omatako
way/669379715,,,,,,,Otjozondjupa,Omatako
way/1020790672,Uitkoms,,,,,,Otjozondjupa,Omatako
way/1020790671,,,,,,,Otjozondjupa,Omatako
way/1020790663,,,,,,,Otjozondjupa,Omatako
way/669379736,Otjozondu,,,,,,Otjozondjupa,Omatako
way/669379682,,,,,,,Otjozondjupa,Omatako
way/669379568,,,,,,,Otjozondjupa,Omatako
way/1021148312,,,,,,,Otjozondjupa,Omatako
way/1021158271,Okamapingo,,,,,,Otjozondjupa,Okakarara
way/1064155001,Ehungiro,,,,,,Otjozondjupa,Okakarara
node/259800590,Summerdown,,hamlet,,,,Omaheke,Okarukambe (Steinhausen)
way/382075887,,,,,,,Omaheke,Okarukambe (Steinhausen)
node/4918199568,Steinhausen,,village,,,,Omaheke,Okarukambe (Steinhausen)
node/4918838094,,,hamlet,,,,Omaheke,Okarukambe (Steinhausen)
way/59546545,,,hamlet,,,,Omaheke,Okarukambe (Steinhausen)
node/5981330358,Omitara,,hamlet,,,,Omaheke,Okarukambe (Steinhausen)
way/59546547,Otjivero,,hamlet,,,,Omaheke,Okarukambe (Steinhausen)
node/4919189374,,,hamlet,,,,Khomas,Windhoek Rural
way/390078150,,,,,,,Khomas,Windhoek Rural
node/4918387517,,,hamlet,,,,Omaheke,Okarukambe (Steinhausen)
way/1378714455,,,,,,,Omaheke,Okarukambe (Steinhausen)
way/1378709068,,,,,,,Omaheke,Okarukambe (Steinhausen)
node/259779871,Witvlei,,village,,,,Omaheke,Okarukambe (Steinhausen)
way/1314783589,Omataura,,,,Witvlei,,Omaheke,Okarukambe (Steinhausen)
way/706128314,,,,,,,Omaheke,Okarukambe (Steinhausen)
way/1357849675,Valley of Pride,,,,,,Omaheke,Okarukambe (Steinhausen)
way/978964336,Post 2,,,,,,Omaheke,Okarukambe (Steinhausen)
way/1357849672,Post 1,,,,,,Omaheke,Okarukambe (Steinhausen)
way/1340817555,,,,,,,Omaheke,Gobabis
node/33364950,Gobabis,,city,19101,,,Omaheke,Gobabis
way/1153029714,,,,,,,Omaheke,Gobabis
way/576884452,,,,,,,Omaheke,Gobabis
way/915643018,,,,,,,Omaheke,Gobabis
node/3188613804,Doringveld,,hamlet,,,,Omaheke,Gobabis
way/572271861,,,,,,,Omaheke,Gobabis
way/983357488,,,,,,,Omaheke,Gobabis
way/983357489,,,,,,,Omaheke,Gobabis
way/572252031,,,,,,,Omaheke,Gobabis
way/261710386,Drimiopsis,,village,,,,Omaheke,Kalahari
way/657038554,,,,,,,Omaheke,Kalahari
way/999526319,,,,,,,Omaheke,Okarukambe (Steinhausen)
node/4918977401,,,hamlet,,,,Omaheke,Okarukambe (Steinhausen)
node/4918977392,Kehoro,,hamlet,,,,Omaheke,Okarukambe (Steinhausen)
way/999526253,,,,,,,Omaheke,Okarukambe (Steinhausen)
node/13817324829,Voolsang,,isolated_dwelling,,,,Omaheke,Okarukambe (Steinhausen)
way/984002647,Combumbi,,,,,,Omaheke,Okarukambe (Steinhausen)
node/13817303263,Victorium,,isolated_dwelling,,,,Omaheke,Okarukambe (Steinhausen)
way/985565946,Manica,,,,,,Omaheke,Okarukambe (Steinhausen)
way/985832628,,,,,,,Omaheke,Okarukambe (Steinhausen)
way/1021089481,,,,,,,Omaheke,Otjinene
way/1081416481,Okahungu,,,,,,Omaheke,Otjinene
way/1006124923,Otjijere,,,,,,Omaheke,Otjinene
way/1006124925,,,,,,,Omaheke,Otjinene
way/1006124914,,,,,,,Omaheke,Otjinene
node/259754729,Otjinene,,village,,,,Omaheke,Otjinene
way/1078343782,Okatumba,,,,,,Omaheke,Otjinene
way/1078343781,Okarokape,,,,,,Omaheke,Otjinene
way/1035032695,,,,,,,Omaheke,Otjinene
way/1022535639,Ozonduno,,,,,,Omaheke,Otjinene
way/1035032698,,,,,,,Omaheke,Otjinene
way/1034741836,,,,,,,Omaheke,Otjinene
way/1022535645,Epata,,,,,,Omaheke,Otjinene
way/1022535638,,,,,,,Omaheke,Otjinene
node/12980234953,Otjovengi,,hamlet,,,,Omaheke,Otjinene
node/12980234955,Okauwa,,hamlet,,,,Omaheke,Otjinene
node/12980234954,Okonja,,hamlet,,,,Omaheke,Otjinene
way/1022535624,Okarui,,,,,,Omaheke,Otjinene
node/12980234952,Okarui,,hamlet,,,,Omaheke,Otjinene
way/1022535625,Okatjana,,,,,,Omaheke,Otjinene
node/12980234949,Okatjana,,hamlet,,,,Omaheke,Otjinene
way/1022535627,Erindi Rozondjou,,,,,,Omaheke,Otjinene
node/12980234950,Erindi Rozondjou,,hamlet,,,,Omaheke,Otjinene
node/12980234948,Ombujonjama,,hamlet,,,,Omaheke,Otjinene
way/1022535626,Ombujonjama,,,,,,Omaheke,Otjinene
node/12980234951,Erindi Roukambe,,hamlet,,,,Omaheke,Otjinene
node/12980234956,Otjiuaneho,,village,,,,Omaheke,Otjinene
way/1022535636,,,,,,,Omaheke,Otjinene
way/1022535635,,,,,,,Omaheke,Epukiro
way/382075889,,,,,,,Omaheke,Epukiro
node/12980234946,Oketoveni,,hamlet,,,,Omaheke,Otjinene
way/1022535629,Oketoveni,,,,,,Omaheke,Otjinene
way/1022535637,Osume,,,,,,Omaheke,Epukiro
way/1005183303,,,,,,,Omaheke,Epukiro
way/1005183305,,,,,,,Omaheke,Epukiro
way/1005183306,,,,,,,Omaheke,Epukiro
way/1005183310,,,,,,,Omaheke,Epukiro
way/1001079901,Skoonheid,,,,,,Omaheke,Okarukambe (Steinhausen)
way/1320879067,,,,,,,Omaheke,Okarukambe (Steinhausen)
way/456673180,Mechwedina Village,,,,,,Omaheke,Okarukambe (Steinhausen)
way/261721712,Du Plessis,,,,,,Omaheke,Okarukambe (Steinhausen)
way/986407956,Okozondjima,,,,,,Omaheke,Epukiro
way/1003034484,,,,,,,Omaheke,Epukiro
node/7419342315,Otjijere,,hamlet,,,,Omaheke,Okarukambe (Steinhausen)
way/1003034493,Ovinjuru,,,,,,Omaheke,Epukiro
way/1003928944,Katuuo,,,,,,Omaheke,Epukiro
way/1005356411,Otjimati,,,,,,Omaheke,Epukiro
way/1005356393,,,,,,,Omaheke,Epukiro
way/1006119947,,,,,,,Omaheke,Epukiro
way/1006119948,Okangwindi,,,,,,Omaheke,Epukiro
way/1006118072,Ohakavena,,,,,,Omaheke,Epukiro
way/1006118073,Okovimburo,,,,,,Omaheke,Epukiro
way/1032859312,Okasaira,,,,,,Omaheke,Epukiro
way/1000800379,Omawewozonyanda,,,,,,Omaheke,Epukiro
way/1006118074,Kalkpan,,,,,,Omaheke,Epukiro
way/1006119949,Okombumbi,,,,,,Omaheke,Epukiro
way/1005356351,Otjiyarua,,,,,,Omaheke,Epukiro
way/1022535630,,,,,,,Omaheke,Epukiro
way/1022535631,,,,,,,Omaheke,Epukiro
way/1005356405,,,,,,,Omaheke,Epukiro
way/1005356404,,,,,,,Omaheke,Epukiro
way/1005356391,,,,,,,Omaheke,Epukiro
way/1004359933,,,,,,,Omaheke,Epukiro
way/335368562,,,,,,,Omaheke,Otjombinde
way/1004359932,Ovituua,,,,,,Omaheke,Epukiro
way/564137647,,,,,,,Omaheke,Epukiro
way/564137649,,,,,,,Omaheke,Epukiro
way/1004359926,,,,,,,Omaheke,Otjombinde
way/1004359915,,,,,,,Omaheke,Otjombinde
way/1004359907,,,,,,,Omaheke,Otjombinde
way/1004359908,,,,,,,Omaheke,Otjombinde
way/1004359909,Ndjipao Omeva,,,,,,Omaheke,Otjombinde
node/3190683674,Helena,,hamlet,,,,Omaheke,Otjombinde
way/1004359906,,,,,,,Omaheke,Otjombinde
way/1005847999,,,,,,,Omaheke,Otjombinde
node/3216402992,,,hamlet,,,,Omaheke,Otjombinde
node/13818403025,Koppie Alleen,,hamlet,,,,Omaheke,Otjombinde
way/1005848000,,,,,,,Omaheke,Otjombinde
way/1006104153,,,,,,,Omaheke,Kalahari
way/1005847993,Vergenoeg,,,,,,Omaheke,Kalahari
way/1005847972,,,,,,,Omaheke,Kalahari
way/315520705,,,,,,,Omaheke,Kalahari
way/1005847968,,,,,,,Omaheke,Kalahari
way/1005847969,,,,,,,Omaheke,Kalahari
node/261026104,Babi Babi,,hamlet,,,,Omaheke,Kalahari
way/1175649385,,,,,,,Omaheke,Kalahari
node/3216505774,,,hamlet,,,,Omaheke,Kalahari
way/358426991,,,,,,,Omaheke,Kalahari
way/358426992,,,,,,,Omaheke,Kalahari
way/358426988,,,,,,,Omaheke,Kalahari
way/940538522,,,,,,,Omaheke,Kalahari
node/2920192900,Buitepos,,village,900,,,Omaheke,Kalahari
way/1005848003,,,,,,,Omaheke,Otjombinde
way/1005848006,,,,,,,Omaheke,Otjombinde
way/1005848007,,,,,,,Omaheke,Otjombinde
way/1005848005,,,,,,,Omaheke,Otjombinde
way/1005848004,,,,,,,Omaheke,Otjombinde
way/1005848010,,,,,,,Omaheke,Otjombinde
node/3190683258,,,hamlet,,,,Omaheke,Otjombinde
way/396607982,,,,,,,Omaheke,Otjombinde
way/396607984,,,,,,,Omaheke,Otjombinde
way/1005848012,,,,,,,Omaheke,Otjombinde
node/13818403032,Bella Vista,,hamlet,,,,Omaheke,Otjombinde
node/13818403033,Grobbelaarsrus,,hamlet,,,,Omaheke,Otjombinde
way/1005848014,,,,,,,Omaheke,Otjombinde
way/313378335,,,village,,,,Omaheke,Otjombinde
node/13957433346,Tallismanus,,village,,,,Omaheke,Otjombinde
way/1005909831,Welgeluk,,,,,,Omaheke,Otjombinde
way/1005909834,Klipaar,,,,,,Omaheke,Otjombinde
way/313378336,Lister,,,,,,Omaheke,Otjombinde
node/13818403035,Sukkelaar,,hamlet,,,,Omaheke,Otjombinde
node/3193298398,,,hamlet,,,,Omaheke,Otjombinde
node/12216132022,De Hoek,,hamlet,,,,Omaheke,Otjombinde
node/12216125043,Oruuano,,hamlet,,,,Omaheke,Otjombinde
node/13818403036,Klipaar,,hamlet,,,,Omaheke,Otjombinde
node/3193298442,Otjikoto,,hamlet,,,,Omaheke,Otjombinde
way/1005909843,,,,,,,Omaheke,Otjombinde
way/396607980,,,,,,,Omaheke,Otjombinde
way/396607985,,,,,,,Omaheke,Otjombinde
way/396607981,,,,,,,Omaheke,Otjombinde
way/396607983,,,,,,,Omaheke,Otjombinde
way/1005848011,,,,,,,Omaheke,Otjombinde
way/1032565549,,,,,,,Omaheke,Otjombinde
way/1032565562,,,,,,,Omaheke,Otjombinde
way/1280685801,,,,,,,Otjozondjupa,Tsumkwe
way/1280685794,,,,,,,Otjozondjupa,Tsumkwe
way/1032565566,Ondjombo Yateku,,,,,,Otjozondjupa,Tsumkwe
way/1280712879,,,,,,,Otjozondjupa,Tsumkwe
node/5435965787,Gam,,village,,,,Otjozondjupa,Tsumkwe
way/231667464,,,,,,,Otjozondjupa,Tsumkwe
way/1280712881,,,,,,,Otjozondjupa,Tsumkwe
way/1280685786,,,,,,,Otjozondjupa,Tsumkwe
way/1280712882,,,,,,,Otjozondjupa,Tsumkwe
way/1280712883,,,,,,,Otjozondjupa,Tsumkwe
way/1032565564,,,,,,,Otjozondjupa,Tsumkwe
way/564132958,,,,,,,Omaheke,Otjombinde
node/5436007746,Eiseb,,village,,,,Omaheke,Otjombinde
way/564132960,,,,,,,Omaheke,Otjombinde
way/439185213,,,,,,,Otjozondjupa,Tsumkwe
way/435972751,,,,,,,Otjozondjupa,Tsumkwe
node/4292854108,Ben se Kamp,,hamlet,,,,Otjozondjupa,Tsumkwe
way/435972752,,,,,,,Otjozondjupa,Tsumkwe
node/4292864008,≠Aqabace North,,village,,,,Otjozondjupa,Tsumkwe
way/435949636,,,,,,,Otjozondjupa,Tsumkwe
way/435949628,≠Aqbace,,village,,,,Otjozondjupa,Tsumkwe
way/435945966,,,,,,,Otjozondjupa,Tsumkwe
node/4292864007,G!o'aguru,,village,,,,Otjozondjupa,Tsumkwe
way/435945948,G|oaguru,,village,,,,Otjozondjupa,Tsumkwe
way/435973593,Baraka,,,,,,Otjozondjupa,Tsumkwe
way/435973591,,,,,,,Otjozondjupa,Tsumkwe
way/435975845,,,,,,,Otjozondjupa,Tsumkwe
way/1280712825,,,,,,,Otjozondjupa,Tsumkwe
way/435975850,,,hamlet,,,,Otjozondjupa,Tsumkwe
node/4292887318,Xamsa,,village,,,,Otjozondjupa,Tsumkwe
way/435972141,,,,,,,Otjozondjupa,Tsumkwe
node/4292909015,N!omdi,,village,,,,Otjozondjupa,Tsumkwe
way/381013415,,,,,,,Otjozondjupa,Tsumkwe
way/1280685808,,,,,,,Otjozondjupa,Tsumkwe
way/1280712753,,,,,,,Otjozondjupa,Tsumkwe
way/435970825,,,,,,,Otjozondjupa,Tsumkwe
way/435968506,,,,,,,Otjozondjupa,Tsumkwe
way/435970757,,,,,,,Otjozondjupa,Tsumkwe
way/1280712749,,,,,,,Otjozondjupa,Tsumkwe
way/435954174,N=amapan,,,,,,Otjozondjupa,Tsumkwe
way/1280685807,,,,,,,Otjozondjupa,Tsumkwe
way/435953435,≠Xabace South,,,,,,Otjozondjupa,Tsumkwe
node/4292910159,≠Xabace South,,village,,,,Otjozondjupa,Tsumkwe
way/1280712810,,,,,,,Otjozondjupa,Tsumkwe
way/435953511,N≠ama,,hamlet,,,,Otjozondjupa,Tsumkwe
way/1280685886,,,,,,,Otjozondjupa,Tsumkwe
way/425776982,!'Obaha,,,,,,Otjozondjupa,Tsumkwe
node/4292910161,!'Obaha,,village,,,,Otjozondjupa,Tsumkwe
way/1280712826,,,,,,,Otjozondjupa,Tsumkwe
way/435976782,Tamboti Pos,,hamlet,,,,Otjozondjupa,Tsumkwe
node/4292904061,Tamboti Pos,,village,,,,Otjozondjupa,Tsumkwe
node/4292905708,|Aotcha,,hamlet,,,,Otjozondjupa,Tsumkwe
way/436081799,,,,,,,Otjozondjupa,Tsumkwe
way/421641055,,,,,,,Otjozondjupa,Tsumkwe
node/4292833871,|Uidinsi (Maxamesi),,village,,,,Otjozondjupa,Tsumkwe
way/421640830,/Uidinsi,,,,,,Otjozondjupa,Tsumkwe
way/421633500,||Auru,,,,,,Otjozondjupa,Tsumkwe
way/1280685806,,,,,,,Otjozondjupa,Tsumkwe
way/380367265,,,,,,,Otjozondjupa,Tsumkwe
way/380367278,,,,,,,Otjozondjupa,Tsumkwe
node/4213904008,N≠amtjoha,,hamlet,,,,Otjozondjupa,Tsumkwe
way/422818515,,,,,,,Otjozondjupa,Tsumkwe
way/422818516,,,,,,,Otjozondjupa,Tsumkwe
node/4213889842,G|aq'o!oma,,hamlet,,,,Otjozondjupa,Tsumkwe
way/485640294,,,,,,,Erongo,Walvis Bay Urban
way/485640293,,,,,,,Erongo,Walvis Bay Urban
way/485640296,,,,,,,Erongo,Walvis Bay Urban
way/967518795,,,,,,,Erongo,Walvis Bay Urban
way/965898063,,,,,,,Erongo,Walvis Bay Rural
way/242485879,,,,,,,Erongo,Walvis Bay Rural
way/220011616,Afrodite Beach,,,,,,Erongo,Walvis Bay Rural
way/88806270,Dolphin Beach,,,,,,Erongo,Walvis Bay Rural
way/966803728,Langstrand Ext. 1,,,,,,Erongo,Walvis Bay Rural
way/1228388390,Langstrand Ext. 2,,,,,,Erongo,Walvis Bay Rural
way/1228081238,Langstrand,,,,,,Erongo,Walvis Bay Rural
node/4352806532,Richthofen,,hamlet,,,,Erongo,Swakopmund
way/88634183,,,,,,,Erongo,Swakopmund
way/655675232,,,,,,,Erongo,Swakopmund
way/90184984,Democratic Resettlement Community,,,,,,Erongo,Swakopmund
way/847119275,,,,,,,Erongo,Swakopmund
way/847119276,,,,,,,Erongo,Swakopmund
way/1242772310,,,,,,,Erongo,Swakopmund
way/1242772313,,,,,,,Erongo,Swakopmund
way/1242772314,,,,,,,Erongo,Swakopmund
way/655675230,,,,,,,Erongo,Swakopmund
way/1242772308,,,,,,,Erongo,Swakopmund
way/1242772307,,,,,,,Erongo,Swakopmund
way/971482160,,,,,,,Erongo,Swakopmund
way/1242772306,,,,,,,Erongo,Swakopmund
way/1242772315,,,,,,,Erongo,Swakopmund
way/1242772312,,,,,,,Erongo,Swakopmund
way/1242772309,,,,,,,Erongo,Swakopmund
way/484210937,,,,,,,Erongo,Swakopmund
way/484210935,,,,,,,Erongo,Swakopmund
way/484210943,,,,,,,Erongo,Swakopmund
way/484420812,,,,,,,Erongo,Swakopmund
way/484420815,,,,,,,Erongo,Swakopmund
way/484420811,,,,,,,Erongo,Swakopmund
way/484420818,,,,,,,Erongo,Swakopmund
way/484420810,,,,,,,Erongo,Swakopmund
way/484420808,,,,,,,Erongo,Swakopmund
way/89431591,,,,,,,Erongo,Swakopmund
way/116221653,,,,,,,Erongo,Swakopmund
way/484420803,,,,,,,Erongo,Swakopmund
way/484420807,,,,,,,Erongo,Swakopmund
way/484420804,,,,,,,Erongo,Swakopmund
way/484417932,,,,,,,Erongo,Swakopmund
node/33364835,Swakopmund,,city,25000,,,Erongo,Swakopmund
way/967906381,,,,,,,Erongo,Swakopmund
way/484417935,,,,,,,Erongo,Swakopmund
way/484420802,,,,,,,Erongo,Swakopmund
way/484420801,,,,,,,Erongo,Swakopmund
way/484417937,,,,,,,Erongo,Swakopmund
way/484417931,,,,,,,Erongo,Swakopmund
way/385439497,,,,,,,Erongo,Swakopmund
way/385439494,,,,,,,Erongo,Swakopmund
way/385439495,,,,,,,Erongo,Swakopmund
way/385439496,,,,,,,Erongo,Swakopmund
way/1392298803,The Bridge,,,,,,Erongo,Swakopmund
way/484210934,Kramersdorf,,,,,,Erongo,Swakopmund
way/1176139822,Mondesa View,,,,,,Erongo,Swakopmund
way/1176140300,Mondesa Heights,,,,,,Erongo,Swakopmund
way/1239356034,,,,,,,Erongo,Swakopmund
way/1393468076,,,,,,,Erongo,Swakopmund
way/1393408477,,,,,,,Erongo,Swakopmund
way/1393468075,,,,,,,Erongo,Swakopmund
way/484421879,,,,,,,Erongo,Swakopmund
way/484424556,,,,,,,Erongo,Swakopmund
way/966555688,,,,,,,Erongo,Swakopmund
way/1239356031,,,,,,,Erongo,Swakopmund
way/1075434235,,,,,,,Erongo,Swakopmund
way/484424577,,,,,,,Erongo,Swakopmund
way/589281618,,,,,,,Erongo,Swakopmund
way/586597990,Swakopmund Retirement Village,,,,,,Erongo,Swakopmund
way/586597989,Ext 39,,,,,,Erongo,Swakopmund
way/1259491475,,,,,,,Erongo,Swakopmund
way/587541437,Ext 15,,,,,,Erongo,Swakopmund
way/587899599,Ext 1,,,,,,Erongo,Swakopmund
way/121247733,,,,,,,Erongo,Swakopmund
way/589281619,,,,,,,Erongo,Swakopmund
way/484424557,,,,,,,Erongo,Swakopmund
way/484421880,,,,,,,Erongo,Swakopmund
way/484421881,,,,,,,Erongo,Swakopmund
way/264871535,,,,,,,Hardap,Gibeon
node/2705282894,Charlottenfelder,,village,,,,Hardap,Gibeon
node/2705282897,Holsatia,,village,,,,Hardap,Gibeon
way/264871534,,,,,,,Hardap,Gibeon
way/985173917,Topnaar Settlement,,isolated_dwelling,,,,Erongo,Walvis Bay Rural
way/985173918,Topnaar Settlement,,isolated_dwelling,,,,Erongo,Walvis Bay Rural
way/310684012,Gobabeb Research & Training Station,,,,,,Erongo,Walvis Bay Rural
way/985462887,Topnaar Settlement,,isolated_dwelling,,,,Erongo,Walvis Bay Rural
way/985465705,Topnaar Settlement,,isolated_dwelling,,,,Hardap,Gibeon
way/264871532,,,,,,,Hardap,Gibeon
node/2705282895,Fischersbrunn,,village,,,,Hardap,Gibeon
node/2705282896,Grillenberger,,village,,,,Hardap,Gibeon
way/264871533,,,,,,,Hardap,Gibeon
way/26475077,Omdel,,,,,,Erongo,Arandis
node/175496995,Henties Bay,Henties Bay,town,4720,,,Erongo,Arandis
way/123556889,Proper,,,,,,Erongo,Arandis
way/123556566,Extension 2,,,,,,Erongo,Arandis
way/123555623,Extension 3,,,,,,Erongo,Arandis
way/136447582,Extension 1,,,,,,Erongo,Arandis
way/123557639,Extension 4,,,,,,Erongo,Arandis
relation/13065628,Extension 6,,,,,,Erongo,Arandis
way/452880700,,,,,,,Erongo,Arandis
way/586713669,Ext 19,,,,,,Erongo,Swakopmund
way/586713668,Ext 20,,,,,,Erongo,Swakopmund
way/586597987,Extension 22,,,,,,Erongo,Swakopmund
way/586597986,Extension 23,,,,,,Erongo,Swakopmund
way/594624509,,,,,,,Erongo,Arandis
node/124131089,Arandis,,town,5214,,,Erongo,Arandis
way/970176285,Extension 11,,,,,,Erongo,Arandis
way/360682115,Extension 10,,,,,,Erongo,Arandis
node/13098780114,Sebta Ahes,,hamlet,,,,Erongo,Daures
node/13100580523,Sebta Ahes,,hamlet,,,,Erongo,Daures
node/5670584280,Zebedeus,,village,,,,Erongo,Daures
node/13098780496,Kanamab,,hamlet,,,,Erongo,Daures
node/13100580820,Kanamab,,hamlet,,,,Erongo,Daures
node/13100580704,Uis 2,,hamlet,,,,Erongo,Daures
node/13098780376,Uis 2,,hamlet,,,,Erongo,Daures
relation/14393422,,,,,,,Erongo,Daures
node/258869517,Uis,,village,,,,Erongo,Daures
way/904268332,,,,,,,Erongo,Daures
way/594748890,,,,,,,Erongo,Daures
way/1008134319,,,,,,,Erongo,Daures
node/13100580773,Dam 2,,hamlet,,,,Erongo,Daures
node/13098780449,Dam 2,,hamlet,,,,Erongo,Daures
node/13098780451,Dam 4,,hamlet,,,,Erongo,Daures
node/13100580774,Dam 3,,hamlet,,,,Erongo,Daures
node/13098780450,Dam 3,,hamlet,,,,Erongo,Daures
node/13100580702,Khoroaus,,hamlet,,,,Erongo,Daures
node/13098780374,Khoroaus,,hamlet,,,,Erongo,Daures
node/13098780373,Khakabas,,hamlet,,,,Erongo,Daures
node/13100580701,Khakabas,,hamlet,,,,Erongo,Daures
node/5670646335,Amasbank,,hamlet,,,,Erongo,Daures
way/1008134333,,,,,,,Erongo,Daures
way/1008134335,,,,,,,Erongo,Daures
way/1008155927,,,,,,,Erongo,Daures
way/1008155925,,,,,,,Erongo,Daures
way/1008155924,,,,,,,Erongo,Daures
node/13098780371,Daweb,,hamlet,,,,Erongo,Daures
node/13100580699,Daweb,,hamlet,,,,Erongo,Daures
node/13100580703,Kai Nuses,,hamlet,,,,Erongo,Daures
node/13098780375,Kai Nuses,,hamlet,,,,Erongo,Daures
node/13098779246,Arixa Ams,,hamlet,,,,Erongo,Daures
node/13100579835,Arixa Ams,,hamlet,,,,Erongo,Daures
node/13098780817,Gomatsarab,,hamlet,,,,Erongo,Daures
node/13100580902,Gomatsarab,,hamlet,,,,Erongo,Daures
node/2501200817,Mile 108,,hamlet,,,,Erongo,Arandis
node/1834513048,Bergsig,,hamlet,,,,Kunene,Khorixas
way/172560503,,,,,,,Kunene,Khorixas
way/172560504,,,,,,,Kunene,Khorixas
way/815747053,,,,,,,Kunene,Khorixas
way/1036542328,Vrede,,,,,,Kunene,Khorixas
node/4213487471,,,hamlet,,,,Kunene,Khorixas
way/1036542333,,,,,,,Kunene,Khorixas
way/1008367599,,,,,,,Kunene,Khorixas
way/1008367598,,,,,,,Kunene,Khorixas
way/1008367590,,,,,,,Kunene,Khorixas
way/595322898,,,,,,,Kunene,Khorixas
node/5674254444,Geibigeb,,village,,,,Kunene,Khorixas
way/1007645552,,,,,,,Kunene,Khorixas
way/1007645553,Uitsig,,,,,,Kunene,Khorixas
way/499244243,Anichab,,,,,,Kunene,Khorixas
way/1392130644,,,,,,,Erongo,Daures
node/5670693372,Ais,,hamlet,,,,Erongo,Daures
node/5485042242,Onverwag,,hamlet,,,,Kunene,Khorixas
way/1007368151,Terra Mea,,,,,,Kunene,Khorixas
way/1007645551,,,,,,,Kunene,Khorixas
way/1007645550,Hou Moed,,,,,,Kunene,Khorixas
way/1008367588,,,,,,,Kunene,Khorixas
way/1008367589,,,,,,,Kunene,Khorixas
way/1008622827,,,,,,,Kunene,Khorixas
way/621156526,Extension 11,,,,,,Kunene,Khorixas
way/621154242,Extension 12,,,,,,Kunene,Khorixas
node/258888029,Khorixas,,town,6900,,,Kunene,Khorixas
way/1245503507,,,,,,,Kunene,Khorixas
way/1009126040,,,,,,,Kunene,Khorixas
way/1009126037,,,,,,,Kunene,Khorixas
way/1009126036,,,,,,,Kunene,Khorixas
way/1008847961,,,,,,,Kunene,Kamanjab
way/1008847963,,,,,,,Kunene,Khorixas
node/258982029,Fransfontein,,village,,,,Kunene,Khorixas
way/1008847965,,,,,,,Kunene,Khorixas
node/4212100233,,,hamlet,,,,Kunene,Khorixas
way/1008847967,,,,,,,Kunene,Khorixas
way/1009122065,,,,,,,Kunene,Khorixas
way/1009122067,,,,,,,Kunene,Khorixas
way/1009122069,,,,,,,Kunene,Khorixas
way/1009122064,,,,,,,Kunene,Khorixas
node/3461902658,,,hamlet,,,,Kunene,Khorixas
node/3461902924,,,hamlet,,,,Kunene,Khorixas
way/1008757968,,,,,,,Kunene,Khorixas
way/1009122062,,,,,,,Kunene,Khorixas
way/1009122063,,,,,,,Kunene,Khorixas
node/3434614610,,,hamlet,,,,Kunene,Khorixas
way/1008745670,,,,,,,Kunene,Khorixas
node/3461903105,,,hamlet,,,,Kunene,Khorixas
way/1008622828,,,,,,,Kunene,Khorixas
way/1008622831,,,,,,,Kunene,Khorixas
way/1008622836,,,,,,,Kunene,Khorixas
node/3461797294,,,hamlet,,,,Kunene,Khorixas
way/1008622834,,,,,,,Kunene,Khorixas
node/2054449527,Dimab Farm,,hamlet,,,,Kunene,Khorixas
way/595325523,Twyfelfontein,,,,,,Kunene,Khorixas
way/1008405615,,,,,,,Kunene,Khorixas
way/1008748129,,,,,,,Kunene,Khorixas
way/1008748128,,,,,,,Kunene,Khorixas
way/1037074225,,,,,,,Kunene,Khorixas
way/1037074212,,,,,,,Kunene,Sesfontein
way/1037074215,,,,,,,Kunene,Sesfontein
way/1036560911,,,,,,,Kunene,Khorixas
way/1036549504,,,,,,,Kunene,Khorixas
way/1036843455,,,,,,,Kunene,Sesfontein
node/4213789724,,,hamlet,,,,Kunene,Sesfontein
way/1036851335,,,,,,,Kunene,Sesfontein
way/1036851342,Estorff Opstal,,,,,,Kunene,Sesfontein
way/1036851334,,,,,,,Kunene,Sesfontein
way/1036560908,,,,,,,Kunene,Sesfontein
way/1036851337,,,,,,,Kunene,Sesfontein
way/1037523918,Nan-Ais,,,,,,Kunene,Sesfontein
way/1038213290,!Gam-!Gaas,,,,,,Kunene,Sesfontein
way/1036843466,,,,,,,Kunene,Sesfontein
way/1037129011,,,,,,,Kunene,Sesfontein
way/360610349,Anker,,,,,,Kunene,Sesfontein
way/1090867967,,,,,,,Kunene,Sesfontein
way/1038213287,Onguati,,,,,,Kunene,Sesfontein
way/1038208174,,,,,,,Kunene,Sesfontein
node/4213751368,,,hamlet,,,,Kunene,Sesfontein
way/1037074224,,,,,,,Kunene,Khorixas
way/1039140873,,,,,,,Kunene,Khorixas
way/1039140872,,,,,,,Kunene,Khorixas
way/1039140874,,,,,,,Kunene,Khorixas
way/1039140875,,,,,,,Kunene,Khorixas
way/1039322170,,,,,,,Kunene,Kamanjab
node/4212315773,,,hamlet,,,,Kunene,Kamanjab
node/4212312770,,,hamlet,,,,Kunene,Kamanjab
node/4212312246,,,hamlet,,,,Kunene,Kamanjab
way/1039109012,,,,,,,Kunene,Kamanjab
node/4212334705,,,hamlet,,,,Kunene,Kamanjab
node/5204373733,,,hamlet,,,,Kunene,Kamanjab
way/570528446,,,,,,,Kunene,Kamanjab
node/258986827,Kamanjab,,village,7000,,,Kunene,Kamanjab
relation/9710503,Kamanjab,,village,,,,Kunene,Kamanjab
node/8443148121,Omusaona Himba Village,,hamlet,,,,Kunene,Kamanjab
node/4212373627,,,hamlet,,,,Kunene,Kamanjab
node/4212373564,,,hamlet,,,,Kunene,Kamanjab
node/4212420923,,,hamlet,,,,Kunene,Sesfontein
node/5350399221,Condor,,hamlet,,,,Kunene,Sesfontein
way/1037523931,,,,,,,Kunene,Sesfontein
way/1037523941,,,,,,,Kunene,Sesfontein
node/3461768496,,,hamlet,,,,Kunene,Sesfontein
node/3461768068,,,hamlet,,,,Kunene,Sesfontein
way/360610360,,,,,,,Kunene,Sesfontein
way/1037752161,,,,,,,Kunene,Sesfontein
node/3461768091,,,hamlet,,,,Kunene,Sesfontein
way/314024868,Erwee,,,,,,Kunene,Sesfontein
node/2208469162,,,village,,,,Kunene,Sesfontein
way/906177892,,,,,,,Kunene,Sesfontein
node/4213790113,,,hamlet,,,,Kunene,Sesfontein
way/1037079931,,,,,,,Kunene,Sesfontein
way/1037079929,,,,,,,Kunene,Sesfontein
node/4213789758,,,hamlet,,,,Kunene,Sesfontein
node/3461768588,,,hamlet,,,,Kunene,Sesfontein
way/1037079930,,,,,,,Kunene,Sesfontein
way/1036550454,Rodeon Opstal,,,,,,Kunene,Sesfontein
node/5344202438,,,hamlet,,,,Kunene,Khorixas
way/1036542337,,,,,,,Kunene,Khorixas
way/1036542340,,,,,,,Kunene,Khorixas
way/1036542341,,,,,,,Kunene,Khorixas
way/360582825,Palm 708,,,,,,Kunene,Sesfontein
way/172580700,Palmkop,,,,,,Kunene,Sesfontein
node/3222806473,,,hamlet,,,,Kunene,Sesfontein
node/3200594218,,,hamlet,,,,Kunene,Sesfontein
node/2209814049,,,hamlet,,,,Kunene,Opuwo
way/1428231469,,,,,,,Kunene,Sesfontein
node/12982355454,Möwe Bay,,hamlet,,,,Kunene,Sesfontein
node/9829300669,Otjizeka,,hamlet,,,,Kunene,Opuwo
node/11230825525,,,hamlet,,,,Kunene,Opuwo
node/11230784483,Okotjitenda,,hamlet,,,,Kunene,Opuwo
node/1805786831,Purros,,hamlet,,,,Kunene,Opuwo
node/2209814636,Okahirongo,,hamlet,,,,Kunene,Opuwo
way/1428235549,,,,,,,Kunene,Opuwo
node/12982822718,Otjovaurwa,,hamlet,,,,Kunene,Opuwo
node/12982822719,Okandjombe,,hamlet,,,,Kunene,Opuwo
node/12982816716,Orongoto,,hamlet,,,,Kunene,Opuwo
node/5948514543,,,hamlet,,,,Kunene,Opuwo
node/5948514809,,,isolated_dwelling,,,,Kunene,Opuwo
node/5948514561,,,isolated_dwelling,,,,Kunene,Opuwo
node/5948514513,,,hamlet,,,,Kunene,Opuwo
node/11227664305,,,hamlet,,,,Kunene,Epupa
node/11227664288,,,isolated_dwelling,,,,Kunene,Epupa
node/11227664287,,,hamlet,,,,Kunene,Epupa
node/11227664286,,,isolated_dwelling,,,,Kunene,Epupa
node/11227664285,,,isolated_dwelling,,,,Kunene,Epupa
node/11227664275,,,isolated_dwelling,,,,Kunene,Epupa
node/11227664282,,,isolated_dwelling,,,,Kunene,Epupa
node/11227664283,,,isolated_dwelling,,,,Kunene,Epupa
node/11227664284,,,hamlet,,,,Kunene,Epupa
node/11227664274,,,isolated_dwelling,,,,Kunene,Epupa
node/11226204302,,,isolated_dwelling,,,,Kunene,Epupa
node/11227664254,,,isolated_dwelling,,,,Kunene,Epupa
node/11227664253,,,isolated_dwelling,,,,Kunene,Epupa
node/11227664268,,,isolated_dwelling,,,,Kunene,Epupa
node/11227664269,,,isolated_dwelling,,,,Kunene,Epupa
node/11227820870,,,isolated_dwelling,,,,Kunene,Epupa
node/3347749612,,,isolated_dwelling,,,,Kunene,Epupa
node/3347749890,,,isolated_dwelling,,,,Kunene,Epupa
node/3347742998,Etanga,,hamlet,,,,Kunene,Epupa
way/974326233,,,,,,,Kunene,Epupa
node/13039676442,Okapawe,,hamlet,,,,Kunene,Epupa
node/13039676440,Ombirisazu,,hamlet,,,,Kunene,Epupa
node/13039676441,Okatjimbombo,,hamlet,,,,Kunene,Epupa
node/13039676443,Oozonduwombe,,hamlet,,,,Kunene,Epupa
node/3347745677,Omungwindi,,hamlet,,,,Kunene,Epupa
node/13039676408,Omirora,,hamlet,,,,Kunene,Epupa
node/13039676432,Okazorwe,,hamlet,,,,Kunene,Epupa
node/13039676438,Onywaa,,hamlet,,,,Kunene,Epupa
node/13039676439,Ekambo,,hamlet,,,,Kunene,Epupa
node/12982822722,Ekambo,,hamlet,,,,Kunene,Opuwo
node/13039676436,Okaanga,,hamlet,,,,Kunene,Epupa
node/13039676437,,,hamlet,,,,Kunene,Epupa
node/12982822720,Ondiea,,hamlet,,,,Kunene,Opuwo
node/13039676431,Ondjombo,,hamlet,,,,Kunene,Epupa
node/12982822724,Otjitati,,hamlet,,,,Kunene,Opuwo
node/13039676433,Otjihaa,,hamlet,,,,Kunene,Epupa
node/13039676415,Orutanda,,hamlet,,,,Kunene,Epupa
node/13039676417,Omahokwa,,hamlet,,,,Kunene,Epupa
node/13039676413,Ombawe,,hamlet,,,,Kunene,Epupa
node/13039676414,Okatapati,,hamlet,,,,Kunene,Epupa
node/13039676404,Otjiunaune,,hamlet,,,,Kunene,Epupa
node/13039676403,Omungunda,,hamlet,,,,Kunene,Epupa
node/2142527465,Orupembe,,hamlet,,,,Kunene,Opuwo
node/5952085552,,,isolated_dwelling,,,,Kunene,Epupa
node/2193289085,,,isolated_dwelling,,,,Kunene,Epupa
node/2193289153,,,hamlet,,,,Kunene,Epupa
node/2193288834,Ombaravera,,hamlet,,,,Kunene,Epupa
node/13039676427,Orumwe,,hamlet,,,,Kunene,Epupa
node/2193288648,Obivango,,hamlet,,,,Kunene,Epupa
node/13039676426,Ezorotuuo,,hamlet,,,,Kunene,Epupa
node/2193288109,,,hamlet,,,,Kunene,Epupa
node/13039679812,Otsinungwa,,hamlet,,,,Kunene,Epupa
node/2536544350,Foz do Cunene,,hamlet,,,,Kunene,Epupa
way/246644953,,,,,,,Kunene,Epupa
way/688103628,,,,,,,Kunene,Epupa
way/688098727,,,,,,,Kunene,Epupa
way/571796627,Ohajiuua,,,,,,Kunene,Epupa
node/2980954225,Epupa,,village,,,,Kunene,Epupa
way/795794426,,,,,,,Kunene,Epupa
way/795795258,,,,,,,Kunene,Epupa
way/572160383,,,,,,,Kunene,Epupa
way/441593090,,,,,,,Kunene,Epupa
way/441593091,,,,,,,Kunene,Epupa
way/441593088,,,,,,,Kunene,Epupa
way/441593083,,,,,,,Kunene,Epupa
way/441593079,,,,,,,Kunene,Epupa
way/441593078,,,,,,,Kunene,Epupa
way/441593080,,,,,,,Kunene,Epupa
way/441593085,,,,,,,Kunene,Epupa
node/11227845351,,,isolated_dwelling,,,,Kunene,Epupa
node/11227845352,,,isolated_dwelling,,,,Kunene,Epupa
node/11227845349,Okombambi,,hamlet,,,,Kunene,Epupa
node/11227845350,,,isolated_dwelling,,,,Kunene,Epupa
node/13039676454,Ondonga,,hamlet,,,,Kunene,Epupa
node/3784514658,,,isolated_dwelling,,,,Kunene,Epupa
node/13039676425,Ohongondjanambari,,hamlet,,,,Kunene,Epupa
node/3784514773,,,isolated_dwelling,,,,Kunene,Epupa
node/3784514682,,,isolated_dwelling,,,,Kunene,Epupa
node/3784512890,Otjipemba,,hamlet,,,,Kunene,Epupa
node/2189664365,,,isolated_dwelling,,,,Kunene,Epupa
node/2189663121,Okauwa,,hamlet,,,,Kunene,Epupa
node/13039676453,Osyaa,,hamlet,,,,Kunene,Epupa
node/13039676422,Omauwa,,hamlet,,,,Kunene,Epupa
node/13039676421,Okavandje,,hamlet,,,,Kunene,Epupa
node/13039676423,Orokatuwo,,hamlet,,,,Kunene,Epupa
node/13039676424,Omuatjivingo,,hamlet,,,,Kunene,Epupa
node/7616770058,Otjihende,,hamlet,,,,Kunene,Epupa
node/13039676419,Okapaizirwa,,hamlet,,,,Kunene,Epupa
node/13039676420,Embwende,,hamlet,,,,Kunene,Epupa
node/13039676444,Oruyombo,,hamlet,,,,Kunene,Epupa
node/3347743000,Otjitanda,,hamlet,,,,Kunene,Epupa
node/13039676447,Ombepera,,hamlet,,,,Kunene,Epupa
node/13039676448,Oruwondo,,hamlet,,,,Kunene,Epupa
node/13039676449,Ovivera,,hamlet,,,,Kunene,Epupa
node/2189666735,,,hamlet,,,,Kunene,Epupa
node/2189666468,,,isolated_dwelling,,,,Kunene,Epupa
node/13039676450,Omingondo,,hamlet,,,,Kunene,Epupa
node/2189665279,,,hamlet,,,,Kunene,Epupa
node/2189664508,,,isolated_dwelling,,,,Kunene,Epupa
node/2189665758,,,isolated_dwelling,,,,Kunene,Epupa
node/2189667003,,,isolated_dwelling,,,,Kunene,Epupa
node/2189663124,Owareva,,hamlet,,,,Kunene,Epupa
node/2189667897,,,isolated_dwelling,,,,Kunene,Epupa
node/2189667907,,,isolated_dwelling,,,,Kunene,Epupa
node/2189667916,,,hamlet,,,,Kunene,Epupa
node/2189667909,,,hamlet,,,,Kunene,Epupa
node/2189667902,,,isolated_dwelling,,,,Kunene,Epupa
node/2189667988,,,isolated_dwelling,,,,Kunene,Epupa
node/2189667968,,,hamlet,,,,Kunene,Epupa
node/2189667929,,,isolated_dwelling,,,,Kunene,Epupa
node/2189667571,,,isolated_dwelling,,,,Kunene,Epupa
node/2189667487,,,hamlet,,,,Kunene,Epupa
node/2189667565,,,isolated_dwelling,,,,Kunene,Epupa
node/2189666407,,,isolated_dwelling,,,,Kunene,Epupa
node/2189666533,,,isolated_dwelling,,,,Kunene,Epupa
node/2189663126,Owomirore,,hamlet,,,,Kunene,Epupa
node/2189665462,,,hamlet,,,,Kunene,Epupa
node/2189665581,,,isolated_dwelling,,,,Kunene,Epupa
node/2189663123,Oruseu,,hamlet,,,,Kunene,Epupa
node/2189665666,,,isolated_dwelling,,,,Kunene,Epupa
node/2189665800,,,hamlet,,,,Kunene,Epupa
node/2189665365,,,isolated_dwelling,,,,Kunene,Epupa
node/2189665203,,,isolated_dwelling,,,,Kunene,Epupa
node/2189665395,,,isolated_dwelling,,,,Kunene,Epupa
node/2189665445,,,isolated_dwelling,,,,Kunene,Epupa
node/2189663120,Okapara,,hamlet,,,,Kunene,Epupa
node/2189667471,,,hamlet,,,,Kunene,Epupa
node/2189667450,,,hamlet,,,,Kunene,Epupa
node/2189667345,,,isolated_dwelling,,,,Kunene,Epupa
node/2189667356,,,isolated_dwelling,,,,Kunene,Epupa
node/2189667369,,,isolated_dwelling,,,,Kunene,Epupa
node/2189667309,,,hamlet,,,,Kunene,Epupa
node/2189667168,,,isolated_dwelling,,,,Kunene,Epupa
node/2189665965,,,isolated_dwelling,,,,Kunene,Epupa
node/2189666567,,,isolated_dwelling,,,,Kunene,Epupa
node/2189666503,,,isolated_dwelling,,,,Kunene,Epupa
node/2189666890,,,isolated_dwelling,,,,Kunene,Epupa
node/2189667183,,,isolated_dwelling,,,,Kunene,Epupa
node/2189667170,,,isolated_dwelling,,,,Kunene,Epupa
node/2189667455,,,isolated_dwelling,,,,Kunene,Epupa
node/2189667407,,,isolated_dwelling,,,,Kunene,Epupa
node/2189666771,,,hamlet,,,,Kunene,Epupa
node/2189666805,,,isolated_dwelling,,,,Kunene,Epupa
node/2189666742,,,isolated_dwelling,,,,Kunene,Epupa
node/2189665235,,,isolated_dwelling,,,,Kunene,Epupa
node/2189665132,,,isolated_dwelling,,,,Kunene,Epupa
node/2189664554,,,isolated_dwelling,,,,Kunene,Epupa
node/2189664608,,,isolated_dwelling,,,,Kunene,Epupa
node/2189664803,,,isolated_dwelling,,,,Kunene,Epupa
node/3784521378,,,hamlet,,,,Kunene,Epupa
node/2980949083,Omuhonga,,hamlet,,,,Kunene,Epupa
node/3784515422,,,hamlet,,,,Kunene,Epupa
way/439718908,,,,,,,Kunene,Epupa
way/439718881,,,,,,,Kunene,Epupa
way/439718974,,,,,,,Kunene,Epupa
way/439718923,,,,,,,Kunene,Epupa
way/439718936,,,,,,,Kunene,Epupa
way/439718874,,,,,,,Kunene,Epupa
way/439718913,,,,,,,Kunene,Epupa
way/439718948,,,,,,,Kunene,Epupa
way/439718940,,,,,,,Kunene,Epupa
way/439718925,,,,,,,Kunene,Epupa
way/439718953,,,,,,,Kunene,Epupa
way/439718903,,,,,,,Kunene,Epupa
node/3346502039,Otjijandjasemo,,hamlet,,,,Kunene,Epupa
node/3346504101,,,isolated_dwelling,,,,Kunene,Epupa
node/7612452201,Otjiyandjasemo,,hamlet,,,,Kunene,Epupa
way/439718975,,,,,,,Kunene,Epupa
way/439718968,,,,,,,Kunene,Epupa
way/439718920,,,,,,,Kunene,Epupa
way/439718886,,,,,,,Kunene,Epupa
way/439718977,,,,,,,Kunene,Epupa
relation/6541327,,,,,,,Kunene,Epupa
way/439718876,,,,,,,Kunene,Epupa
way/439718934,,,,,,,Kunene,Epupa
way/439718910,,,,,,,Kunene,Epupa
relation/6541324,,,,,,,Kunene,Epupa
way/439718969,,,,,,,Kunene,Epupa
node/2188540033,Okanguati,,village,,,,Kunene,Epupa
relation/6566732,,,,,,,Kunene,Epupa
way/439718978,,,,,,,Kunene,Epupa
way/439718963,,,,,,,Kunene,Epupa
relation/6541326,,,,,,,Kunene,Epupa
way/439718962,,,,,,,Kunene,Epupa
way/439718971,,,,,,,Kunene,Epupa
way/439718966,,,,,,,Kunene,Epupa
way/439718950,,,,,,,Kunene,Epupa
way/439718961,,,,,,,Kunene,Epupa
way/439718896,,,,,,,Kunene,Epupa
way/439718930,,,,,,,Kunene,Epupa
way/439718915,,,,,,,Kunene,Epupa
relation/6541325,,,,,,,Kunene,Epupa
way/439718888,,,,,,,Kunene,Epupa
way/439718970,,,,,,,Kunene,Epupa
way/439718871,,,,,,,Kunene,Epupa
way/439718899,,,,,,,Kunene,Epupa
way/439718943,,,,,,,Kunene,Epupa
way/439718906,,,,,,,Kunene,Epupa
way/439718980,,,,,,,Kunene,Epupa
way/439718879,,,,,,,Kunene,Epupa
way/439718976,,,,,,,Kunene,Epupa
way/439718979,,,,,,,Kunene,Epupa
way/439718890,,,,,,,Kunene,Epupa
way/439718928,,,,,,,Kunene,Epupa
way/439718945,,,,,,,Kunene,Epupa
way/439718891,,,,,,,Kunene,Epupa
way/439718918,,,,,,,Kunene,Epupa
way/441127356,,,,,,,Kunene,Epupa
way/441127367,,,,,,,Kunene,Epupa
way/441127352,,,,,,,Kunene,Epupa
way/441127351,,,,,,,Kunene,Epupa
way/441127365,,,,,,,Kunene,Epupa
way/441127360,,,,,,,Kunene,Epupa
way/441127353,,,,,,,Kunene,Epupa
way/441127363,,,,,,,Kunene,Epupa
way/441127369,,,,,,,Kunene,Epupa
way/441127366,,,,,,,Kunene,Epupa
way/441127350,,,,,,,Kunene,Epupa
way/441127368,,,,,,,Kunene,Epupa
node/3346504099,,,isolated_dwelling,,,,Kunene,Epupa
node/3346504098,,,isolated_dwelling,,,,Kunene,Epupa
node/3346504100,,,isolated_dwelling,,,,Kunene,Epupa
way/337782549,,,,,,,Kunene,Epupa
node/3346504102,,,isolated_dwelling,,,,Kunene,Epupa
node/3346504103,,,isolated_dwelling,,,,Kunene,Epupa
way/337782547,,,,,,,Kunene,Epupa
way/338303168,,,,,,,Kunene,Epupa
way/338303162,,,,,,,Kunene,Epupa
way/338303169,,,,,,,Kunene,Epupa
way/338303170,,,,,,,Kunene,Epupa
way/338303160,,,,,,,Kunene,Epupa
node/2189663125,Owatjipawe,,hamlet,,,,Kunene,Epupa
way/338303175,,,,,,,Kunene,Epupa
way/338303173,,,,,,,Kunene,Epupa
way/338303172,,,,,,,Kunene,Epupa
way/337782532,,,,,,,Kunene,Epupa
way/337782538,,,,,,,Kunene,Epupa
way/338303171,,,,,,,Kunene,Epupa
way/338303159,,,,,,,Kunene,Epupa
way/338303155,,,,,,,Kunene,Epupa
way/338303163,,,,,,,Kunene,Epupa
way/338303153,,,,,,,Kunene,Epupa
node/11227823554,,,isolated_dwelling,,,,Kunene,Epupa
way/340095793,,,,,,,Kunene,Epupa
node/3347448452,Oruhona,,hamlet,,,,Kunene,Epupa
node/11227820897,,,hamlet,,,,Kunene,Epupa
node/3347448451,Okamwe,,hamlet,,,,Kunene,Epupa
node/11227820898,,,hamlet,,,,Kunene,Epupa
node/11227823557,,,isolated_dwelling,,,,Kunene,Epupa
way/338303157,,,,,,,Kunene,Epupa
way/338303167,,,,,,,Kunene,Epupa
node/11227823556,,,isolated_dwelling,,,,Kunene,Epupa
node/11227823555,,,isolated_dwelling,,,,Kunene,Epupa
way/337782550,,,,,,,Kunene,Epupa
node/3784416755,Otjomuru,,hamlet,,,,Kunene,Epupa
way/340095795,,,,,,,Kunene,Epupa
node/3347449377,,,isolated_dwelling,,,,Kunene,Epupa
node/3347449381,,,isolated_dwelling,,,,Kunene,Epupa
node/3347449392,,,isolated_dwelling,,,,Kunene,Epupa
node/3347449493,,,isolated_dwelling,,,,Kunene,Epupa
way/340095842,,,,,,,Kunene,Epupa
way/340095807,,,,,,,Kunene,Epupa
way/340095838,,,,,,,Kunene,Epupa
node/3347449504,,,isolated_dwelling,,,,Kunene,Epupa
node/3347449503,,,hamlet,,,,Kunene,Epupa
way/340095840,,,,,,,Kunene,Epupa
way/340095813,,,,,,,Kunene,Epupa
way/340095823,,,,,,,Kunene,Epupa
way/340095819,,,,,,,Kunene,Epupa
way/340095836,,,,,,,Kunene,Epupa
node/3347449494,,,hamlet,,,,Kunene,Epupa
way/340095835,,,,,,,Kunene,Epupa
way/340095812,,,,,,,Kunene,Epupa
node/3347449387,,,isolated_dwelling,,,,Kunene,Epupa
node/3347449385,,,isolated_dwelling,,,,Kunene,Epupa
node/3347449383,,,isolated_dwelling,,,,Kunene,Epupa
node/3347449382,,,isolated_dwelling,,,,Kunene,Epupa
node/3347449384,,,isolated_dwelling,,,,Kunene,Epupa
node/3347449389,,,isolated_dwelling,,,,Kunene,Epupa
node/3347449388,,,isolated_dwelling,,,,Kunene,Epupa
node/3347449390,,,isolated_dwelling,,,,Kunene,Epupa
node/3347449391,,,isolated_dwelling,,,,Kunene,Epupa
node/3347449386,,,isolated_dwelling,,,,Kunene,Epupa
way/1275231977,,,,,,,Omusati,Ruacana
way/321340734,Etoto,,,,,,Kunene,Epupa
node/3347449380,,,isolated_dwelling,,,,Kunene,Epupa
node/3347449379,,,isolated_dwelling,,,,Kunene,Epupa
node/3347449374,,,isolated_dwelling,,,,Kunene,Epupa
node/3347449367,,,isolated_dwelling,,,,Kunene,Epupa
node/3347449368,,,isolated_dwelling,,,,Kunene,Epupa
node/3347449355,,,isolated_dwelling,,,,Kunene,Epupa
node/3347449354,,,isolated_dwelling,,,,Kunene,Epupa
node/3347449121,,,isolated_dwelling,,,,Kunene,Epupa
node/3347449365,,,isolated_dwelling,,,,Kunene,Epupa
node/3347449369,,,isolated_dwelling,,,,Kunene,Epupa
node/3347448461,,,isolated_dwelling,,,,Kunene,Epupa
node/3347448460,,,isolated_dwelling,,,,Kunene,Epupa
node/3347449373,,,isolated_dwelling,,,,Kunene,Epupa
node/3347449366,,,isolated_dwelling,,,,Kunene,Epupa
node/3347448462,,,isolated_dwelling,,,,Kunene,Epupa
node/3347448463,,,isolated_dwelling,,,,Kunene,Epupa
node/3347449356,,,isolated_dwelling,,,,Kunene,Epupa
node/3347449370,,,isolated_dwelling,,,,Kunene,Epupa
node/3347449362,,,isolated_dwelling,,,,Kunene,Epupa
node/3347449357,,,isolated_dwelling,,,,Kunene,Epupa
node/3347449358,,,isolated_dwelling,,,,Kunene,Epupa
node/3347449359,,,isolated_dwelling,,,,Kunene,Epupa
node/3347449363,,,isolated_dwelling,,,,Kunene,Epupa
node/3347449364,,,isolated_dwelling,,,,Kunene,Epupa
node/3347449375,,,isolated_dwelling,,,,Kunene,Epupa
node/3347449376,,,isolated_dwelling,,,,Kunene,Epupa
node/3347449378,,,isolated_dwelling,,,,Kunene,Epupa
node/3347449371,,,isolated_dwelling,,,,Kunene,Epupa
node/3347449372,,,isolated_dwelling,,,,Kunene,Epupa
node/3347449361,,,isolated_dwelling,,,,Kunene,Epupa
node/3347449360,,,isolated_dwelling,,,,Kunene,Epupa
way/572181799,,,,,,,Kunene,Epupa
way/1012808742,Oroutumba,,,,,,Kunene,Epupa
way/571828085,,,,,,,Kunene,Epupa
node/5136125153,Epalela,,village,,,,Omusati,Onesi
way/831724919,,,,,,,Omusati,Onesi
node/5136125165,Eunda,,hamlet,,,,Omusati,Onesi
node/5136125136,Etunda,,village,,,,Omusati,Ruacana
way/316081966,,,,,,,Omusati,Ruacana
way/831487496,,,,,,,Omusati,Ruacana
way/572421393,Omahenene,,,,,,Omusati,Onesi
way/1210576312,Okapika,,,,,,Omusati,Ruacana
way/316081450,,,,,,,Omusati,Ruacana
way/1198216621,Ndinoshiho Residence.,,,,,,Omusati,Ruacana
way/218872448,,,,,,,Omusati,Ruacana
way/831858312,,,,,,,Omusati,Ruacana
node/259587417,Ruacana,,town,,,,Omusati,Ruacana
way/1220990599,Okamboola,,,,,,Omusati,Ruacana
way/1275226707,,,,,,,Omusati,Ruacana
way/1275226706,,,,,,,Omusati,Ruacana
node/12509296098,Onandjandja,,village,,,,Omusati,Ruacana
node/259583231,Onesi,,village,,,,Omusati,Onesi
way/510570418,,,,,,,Omusati,Onesi
way/510569763,,,,,,,Omusati,Onesi
node/12207596437,Okasheshete,,village,,,,Omusati,Onesi
way/510569762,,,,,,,Omusati,Onesi
node/11983511361,Oshilemba,,village,,,,Omusati,Tsandi
node/12488691518,Iilyateko,,village,,,,Omusati,Outapi
node/12149696390,Omankono,,village,,,,Omusati,Tsandi
node/259583467,Tsandi,,village,,,,Omusati,Tsandi
way/1225028022,,,,,,,Omusati,Tsandi
node/12073662188,Onalushwa,,village,,,,Omusati,Tsandi
node/12106880433,Omathinma,,village,,,,Omusati,Tsandi
node/11983618182,Ondukuta,,village,,,,Omusati,Tsandi
node/12548711597,Ampole,,hamlet,,,,Omusati,Tsandi
way/1205838934,Oshihau,,,,,,Omusati,Onesi
node/5136125167,Oshaala,,hamlet,,,,Omusati,Outapi
way/1310948729,,,,,,,Omusati,Outapi
node/5136125166,Mahenene,,hamlet,,,,Omusati,Outapi
node/12072982127,Omushii,,village,,,,Omusati,Outapi
way/807017746,,,,,,,Omusati,Outapi
way/934097273,,,,,,,Omusati,Anamulenge
node/8657300191,Ombalantu,,village,,,,Omusati,Anamulenge
way/934154305,,,,,,,Omusati,Ogongo
way/934658057,,,,,,,Omusati,Outapi
way/934658067,,,,,,,Omusati,Outapi
way/934658068,,,,,,,Omusati,Outapi
node/1362633207,Outapi,,town,7000,,,Omusati,Outapi
way/807015168,,,,,,,Omusati,Outapi
way/934658073,,,,,,,Omusati,Anamulenge
way/579843966,,,,,,,Omusati,Outapi
node/8657930886,Anamulenge,,village,,,,Omusati,Anamulenge
way/934161428,Ordo Sancti Benedicti,,,,,,Omusati,Anamulenge
node/12072967712,Oshipaya,,village,,,,Omusati,Anamulenge
way/934658071,,,,,,,Omusati,Outapi
way/807015167,,,,,,,Omusati,Outapi
way/807017745,,,,,,,Omusati,Outapi
way/542305181,Olukekete,,,,,,Omusati,Outapi
way/542304689,Okapalelona,,,,,,Omusati,Outapi
way/542305473,Ontilindi,,,,,,Omusati,Anamulenge
way/980375169,,,,,,,Omusati,Anamulenge
way/1323520707,,,,,,,Omusati,Anamulenge
way/1323522435,,,,,,,Omusati,Okalongo
way/980374097,Onawa,,,,,,Omusati,Anamulenge
node/9068699874,Ohelongo,,hamlet,,,,Omusati,Anamulenge
way/1323634601,,,,,,,Omusati,Anamulenge
way/934093155,,,,,,,Omusati,Ogongo
relation/17449290,Ombafi,,,,,,Omusati,Ogongo
node/11983692106,Okathitu,,village,,,,Omusati,Tsandi
node/11983667654,Elondo,,village,,,,Omusati,Tsandi
way/948743662,,,,,,,Omusati,Okahao
way/948240758,Uukwandongo,,,,,,Omusati,Okahao
way/948235938,Oshukwa,,,,,,Omusati,Okahao
node/259590679,Okahao,,town,,,,Omusati,Okahao
way/1223973513,,,,,,,Omusati,Okahao
way/948736952,,,,,,,Omusati,Okahao
way/901545941,,,,,,,Omusati,Okahao
way/901545942,,,,,,,Omusati,Okahao
way/901545927,,,,,,,Omusati,Okahao
relation/17948014,Okahao,,town,,,,Omusati,Okahao
way/901545947,,,,,,,Omusati,Okahao
way/1224914492,,,,,,,Omusati,Okahao
node/11940029382,Iikokola,,village,,,,Omusati,Tsandi
node/12488648326,Onashitendo,,village,,,,Omusati,Tsandi
way/1303767205,Ombala (Uukwaluudhi Royal Homestead),,,,,,Omusati,Tsandi
node/11939976949,Olukuma,,village,,,,Omusati,Tsandi
node/11939912715,Onangalo,,village,,,,Omusati,Tsandi
node/12073710652,Omwishi,,village,,,,Omusati,Tsandi
node/12072996662,Omapale,,village,,,,Omusati,Tsandi
node/11897386158,Olukulo,,village,,,,Omusati,Tsandi
node/11897401569,Ombugu,,village,,,,Omusati,Tsandi
node/11983654522,Ontanda,,village,,,,Omusati,Tsandi
node/11983622661,Oshipeto,,village,,,,Omusati,Tsandi
way/1312331442,Benedictine Sisters,,,,,,Omusati,Tsandi
way/1304538113,Oshaambelo Livestock Development Centre,,,,,,Omusati,Tsandi
node/12187896647,Eemwandi,,village,,,,Omusati,Tsandi
node/12072996905,Okatseidhi,,village,,,,Omusati,Tsandi
way/948238232,,,,,,,Omusati,Okahao
way/948240157,Onemanya,,,,,,Omusati,Okahao
way/1460380164,Iitapa,,,,,,Omusati,Okahao
way/680980671,,,,,,,Omusati,Okahao
way/1147086560,,,,,,,Omusati,Okahao
node/12569321789,Onamatanga,,village,,,,Omusati,Ruacana
node/3676251145,Omakange,,village,,,,Omusati,Ruacana
way/971190418,Ongulumbashe,,,,,,Omusati,Tsandi
way/572547633,,,,,,,Omusati,Ruacana
way/1295178417,Ondororundu,,,,,,Kunene,Opuwo
way/1295178419,,,,,,,Kunene,Opuwo
node/3347449508,,,isolated_dwelling,,,,Kunene,Epupa
node/3347449505,,,isolated_dwelling,,,,Kunene,Epupa
node/3347449506,,,isolated_dwelling,,,,Kunene,Epupa
node/3347449507,,,isolated_dwelling,,,,Kunene,Epupa
node/7429405810,Okandaurie,,hamlet,,,,Kunene,Epupa
node/2980943076,Ohandungu,,hamlet,,,,Kunene,Epupa
node/11227820871,,,hamlet,,,,Kunene,Epupa
node/3208325808,,,hamlet,,,,Kunene,Opuwo
way/315940752,,,,,,,Kunene,Opuwo
way/316591757,,,,,,,Kunene,Opuwo
node/259003379,Opuwo,,town,,,,Kunene,Opuwo
way/1101172533,,,,,,,Kunene,Opuwo
way/1249023156,,,,,,,Kunene,Opuwo
way/1323297424,,,,,,,Kunene,Opuwo
way/364346196,,,,,,,Kunene,Opuwo
way/1093408874,,,,,,,Kunene,Opuwo
way/316594817,,,,,,,Kunene,Opuwo
relation/6604413,,,,,,,Kunene,Opuwo
way/316449831,,,,,,,Kunene,Opuwo
node/3209741200,,,hamlet,,,,Kunene,Opuwo
way/316585593,Ombero Yamberangura,,,,,,Kunene,Opuwo
node/5928610835,Okorosava,,village,,,,Kunene,Opuwo
way/657398897,,,,,,,Kunene,Opuwo
node/6157296825,,,village,,,,Kunene,Opuwo
way/657398898,,,,,,,Kunene,Opuwo
way/657398895,,,,,,,Kunene,Opuwo
way/603110622,Kaoko-Otavi,,,,,,Kunene,Opuwo
way/657398893,,,,,,,Kunene,Opuwo
node/5948514827,,,isolated_dwelling,,,,Kunene,Opuwo
way/603204013,,,,,,,Kunene,Opuwo
node/5727208745,Ovihende,,hamlet,,,,Kunene,Opuwo
way/603207825,,,,,,,Kunene,Opuwo
node/5948515124,,,hamlet,,,,Kunene,Opuwo
way/603486878,,,,,,,Kunene,Opuwo
node/5728868581,Ongango,,village,,,,Kunene,Opuwo
node/5928819897,,,hamlet,,,,Kunene,Opuwo
node/5928819941,,,isolated_dwelling,,,,Kunene,Opuwo
node/6142360586,,,hamlet,,,,Kunene,Opuwo
node/5716022342,Okavare,,village,,,,Kunene,Opuwo
node/5726290307,Orumana,,village,,,,Kunene,Opuwo
node/7518716607,Otjouye,,hamlet,,,,Kunene,Opuwo
node/3209742669,Otjerunda,,village,,,,Kunene,Opuwo
node/7425734238,Okaozuvare,,hamlet,,,,Kunene,Opuwo
node/5931484506,,,hamlet,,,,Kunene,Opuwo
node/5931484418,Otjiu,,hamlet,,,,Kunene,Opuwo
node/5931484061,,,hamlet,,,,Kunene,Opuwo
node/5931484507,,,isolated_dwelling,,,,Kunene,Opuwo
node/5931484508,,,isolated_dwelling,,,,Kunene,Opuwo
node/3209757387,,,hamlet,,,,Kunene,Opuwo
node/3209757379,Otjitoko,,hamlet,,,,Kunene,Opuwo
way/603103526,Otuzemba,,,,,,Kunene,Opuwo
node/3209871547,,,hamlet,,,,Kunene,Opuwo
node/5933690770,,,hamlet,,,,Kunene,Opuwo
node/5350956921,Ekango,,village,,,,Kunene,Opuwo
node/3208274935,Otjondeka,,hamlet,,,,Kunene,Opuwo
way/603104635,,,,,,,Kunene,Opuwo
node/3208273928,,,hamlet,,,,Kunene,Opuwo
node/3208273955,Katjiuru,,hamlet,,,,Kunene,Opuwo
node/3209832989,Oruvandjai,,hamlet,,,,Kunene,Opuwo
node/5928610849,,,hamlet,,,,Kunene,Opuwo
node/5928610851,Okauvore,,hamlet,,,,Kunene,Opuwo
node/5953642814,Okomuhana,,hamlet,,,,Kunene,Opuwo
node/5928610847,Okakuyu,,hamlet,,,,Kunene,Opuwo
way/1374971737,,,,,,,Kunene,Opuwo
node/3209812864,Otjapitjapi,,hamlet,,,,Kunene,Opuwo
way/1375344410,,,,,,,Kunene,Opuwo
way/1375344409,,,,,,,Kunene,Opuwo
node/5928610850,Otjomaoru,,hamlet,,,,Kunene,Opuwo
node/5928610848,,,hamlet,,,,Kunene,Opuwo
node/5350930545,Otjozongombe,,village,,,,Kunene,Opuwo
node/5928610839,Okahwa,,hamlet,,,,Kunene,Opuwo
node/3209796440,Ombombo,,hamlet,,,,Kunene,Opuwo
node/5350930546,,,hamlet,,,,Kunene,Opuwo
node/6142360585,,,isolated_dwelling,,,,Kunene,Opuwo
node/5931346882,,,isolated_dwelling,,,,Kunene,Opuwo
node/5931348308,,,hamlet,,,,Kunene,Opuwo
node/5953642813,Omao 2,,hamlet,,,,Kunene,Opuwo
way/603890132,,,,,,,Kunene,Opuwo
way/603890109,,,,,,,Kunene,Opuwo
way/603890121,,,,,,,Kunene,Opuwo
way/603890126,,,,,,,Kunene,Opuwo
way/601392401,,,,,,,Kunene,Opuwo
node/3347742999,Omao,,village,,,,Kunene,Opuwo
node/5928819724,,,hamlet,,,,Kunene,Opuwo
node/5928819759,,,hamlet,,,,Kunene,Opuwo
node/5928821844,,,hamlet,,,,Kunene,Opuwo
node/5928821845,,,hamlet,,,,Kunene,Opuwo
node/5928610843,,,hamlet,,,,Kunene,Opuwo
node/5928610844,Ondera,,hamlet,,,,Kunene,Opuwo
node/5928610842,,,hamlet,,,,Kunene,Opuwo
node/5928610841,,,hamlet,,,,Kunene,Opuwo
node/5928610845,Ombembera,,isolated_dwelling,,,,Kunene,Opuwo
node/5729583041,Otjinanwa,,hamlet,,,,Kunene,Opuwo
way/603574292,,,,,,,Kunene,Opuwo
way/603575601,,,,,,,Kunene,Opuwo
node/11230493304,,,isolated_dwelling,,,,Kunene,Opuwo
node/5729557055,Otjikondavirongo,,village,,,,Kunene,Opuwo
node/11230546302,,,hamlet,,,,Kunene,Opuwo
node/5931346385,,,hamlet,,,,Kunene,Opuwo
node/5931346384,,,hamlet,,,,Kunene,Opuwo
node/5931346383,,,isolated_dwelling,,,,Kunene,Opuwo
node/5931346381,,,hamlet,,,,Kunene,Opuwo
node/11230546105,,,hamlet,,,,Kunene,Opuwo
node/11230546639,,,isolated_dwelling,,,,Kunene,Opuwo
node/11230539736,,,isolated_dwelling,,,,Kunene,Opuwo
node/11230539733,,,isolated_dwelling,,,,Kunene,Opuwo
node/11228496172,,,isolated_dwelling,,,,Kunene,Opuwo
node/11228496171,,,isolated_dwelling,,,,Kunene,Opuwo
node/11228496170,,,isolated_dwelling,,,,Kunene,Opuwo
node/11230539727,,,isolated_dwelling,,,,Kunene,Opuwo
node/11228496097,,,isolated_dwelling,,,,Kunene,Opuwo
node/11228496094,,,isolated_dwelling,,,,Kunene,Opuwo
node/11228496096,,,isolated_dwelling,,,,Kunene,Opuwo
node/11228496095,,,isolated_dwelling,,,,Kunene,Opuwo
node/11228496098,,,isolated_dwelling,,,,Kunene,Opuwo
node/11228496149,,,isolated_dwelling,,,,Kunene,Opuwo
node/11228496120,,,isolated_dwelling,,,,Kunene,Opuwo
node/11228496099,,,isolated_dwelling,,,,Kunene,Opuwo
node/11228496123,,,isolated_dwelling,,,,Kunene,Opuwo
node/11228496148,,,isolated_dwelling,,,,Kunene,Opuwo
node/11228496122,,,isolated_dwelling,,,,Kunene,Opuwo
node/11228496121,,,isolated_dwelling,,,,Kunene,Opuwo
node/11228496169,,,isolated_dwelling,,,,Kunene,Opuwo
node/5931346380,,,isolated_dwelling,,,,Kunene,Opuwo
node/5931346379,,,isolated_dwelling,,,,Kunene,Opuwo
node/3347751994,,,hamlet,,,,Kunene,Opuwo
node/3761038679,Otjiomatemba,,hamlet,,,,Kunene,Opuwo
node/3209812796,,,hamlet,,,,Kunene,Opuwo
node/3209824051,Okarumbu,,hamlet,,,,Kunene,Opuwo
way/1375318509,,,,,,,Kunene,Opuwo
node/3761038748,Otjontunda,,hamlet,,,,Kunene,Opuwo
node/13001428709,Ongongo,,hamlet,,,,Kunene,Sesfontein
node/5928610852,Okanandjoze,,hamlet,,,,Kunene,Sesfontein
node/3211168736,Anabeb,,hamlet,,,,Kunene,Sesfontein
node/11230539719,,,isolated_dwelling,,,,Kunene,Opuwo
node/11230570717,Okanamuva,,hamlet,,,,Kunene,Sesfontein
node/13001237853,Okapoko,,hamlet,,,,Kunene,Sesfontein
way/1211993477,,,,,,,Kunene,Sesfontein
way/352886263,,,,,,,Kunene,Sesfontein
node/259002149,Sesfontein,,town,,,,Kunene,Sesfontein
way/352886293,,,,,,,Kunene,Sesfontein
way/377135313,,,isolated_dwelling,,,,Kunene,Sesfontein
relation/14207372,Warmquelle,,,,,,Kunene,Sesfontein
relation/14207373,,,,,,,Kunene,Sesfontein
node/5350898139,Khowarib,,hamlet,,,,Kunene,Sesfontein
way/376235929,,,hamlet,,,,Kunene,Sesfontein
way/376087771,,,isolated_dwelling,,,,Kunene,Sesfontein
way/376087770,,,isolated_dwelling,,,,Kunene,Sesfontein
way/376083352,,,isolated_dwelling,,,,Kunene,Sesfontein
way/376067392,,,isolated_dwelling,,,,Kunene,Sesfontein
way/376071494,Kraal,,isolated_dwelling,,,,Kunene,Sesfontein
node/8960103746,Otjisakumuka,,hamlet,,,,Kunene,Sesfontein
way/376087772,,,,,,,Kunene,Sesfontein
way/376105445,,,isolated_dwelling,,,,Kunene,Sesfontein
node/3208213243,,,hamlet,,,,Kunene,Sesfontein
node/3208213067,,,hamlet,,,,Kunene,Opuwo
way/1393162615,,,,,,,Kunene,Sesfontein
way/1393162614,,,,,,,Kunene,Sesfontein
way/376222305,,,isolated_dwelling,,,,Kunene,Sesfontein
way/376268217,,,hamlet,,,,Kunene,Sesfontein
way/376257637,,,hamlet,,,,Kunene,Sesfontein
way/376369009,,,hamlet,,,,Kunene,Sesfontein
way/376498923,,,isolated_dwelling,,,,Kunene,Sesfontein
way/376369012,,,hamlet,,,,Kunene,Sesfontein
way/376377688,,,hamlet,,,,Kunene,Sesfontein
way/376338898,Werda,,hamlet,,,,Omusati,Okahao
way/376338893,,,hamlet,,,,Omusati,Okahao
way/468119787,,,,,,,Omusati,Okahao
way/544293712,Dolomite Camp,,,,,,Omusati,Okahao
way/376369010,,,isolated_dwelling,,,,Kunene,Sesfontein
way/376268216,,,hamlet,,,,Kunene,Sesfontein
way/376268201,,,hamlet,,,,Kunene,Sesfontein
way/314773120,Otjokavare,,,,,,Kunene,Sesfontein
node/5350951319,Oromauwa Cattle Post,,hamlet,,,,Omusati,Ruacana
node/3208311598,,,village,,,,Omusati,Ruacana
node/3208311615,Orondjize,,hamlet,,,,Omusati,Ruacana
node/2208469160,,,village,,,,Omusati,Ruacana
node/3208312163,Otjetjekua,,hamlet,,,,Omusati,Ruacana
node/3208311576,,,hamlet,,,,Omusati,Ruacana
node/3208311625,Otjivero,,hamlet,,,,Omusati,Ruacana
node/3208311654,,,hamlet,,,,Omusati,Ruacana
way/603105823,Omuhama,,,,,,Omusati,Ruacana
way/488053845,Olifantsrus Camp,,,,,,Omusati,Okahao
way/562931922,Fence Warten Camp,,,,,,Omusati,Okahao
way/224458802,Okaukuejo Camp,,village,,,,Oshana,Uuvudhiya
way/657025818,,,,,,,Kunene,Kamanjab
node/4217155612,Halali,,village,,,,Oshikoto,Omuthiyagwiipundi
way/224860058,Halali Camp,,village,,,,Oshikoto,Omuthiyagwiipundi
way/727526737,,,,,,,Oshikoto,Omuntele
node/7539225428,,,hamlet,,,,Oshikoto,Omuntele
way/727526732,,,,,,,Oshikoto,Omuntele
way/727526739,,,,,,,Oshikoto,Omuntele
way/727526749,,,,,,,Oshikoto,Omuntele
way/727526745,,,,,,,Oshikoto,Omuntele
way/727526735,,,,,,,Oshikoto,Omuntele
way/727526742,,,,,,,Oshikoto,Omuntele
way/727526733,,,,,,,Oshikoto,Omuntele
way/727526729,,,,,,,Oshikoto,Omuntele
way/727526746,,,,,,,Oshikoto,Omuntele
way/727526744,,,,,,,Oshikoto,Omuntele
way/727526730,,,,,,,Oshikoto,Omuntele
way/727526736,,,,,,,Oshikoto,Omuntele
way/727526740,,,,,,,Oshikoto,Omuntele
way/727526748,,,,,,,Oshikoto,Omuntele
way/727526743,,,,,,,Oshikoto,Omuntele
way/727526734,,,,,,,Oshikoto,Omuntele
way/727526738,,,,,,,Oshikoto,Omuntele
way/727526747,,,,,,,Oshikoto,Omuntele
way/727526731,,,,,,,Oshikoto,Omuntele
way/727526741,,,,,,,Oshikoto,Omuntele
way/1433645075,,,,,,,Oshikoto,Omuntele
way/1433645076,,,,,,,Oshikoto,Omuntele
node/3211928281,Omuntele,,village,,,,Oshikoto,Omuntele
node/7878529238,Ondjamba,,hamlet,,,,Oshikoto,Omuntele
way/948561961,,,,,,,Oshikoto,Omuntele
way/926897475,,,,,,,Oshikoto,Onyaanya
node/1299351441,Onankali,,village,,,,Oshikoto,Onyaanya
way/926894606,,,,,,,Oshikoto,Onyaanya
way/1284742617,,,,,,,Oshikoto,Onyaanya
way/926894605,,,,,,,Oshikoto,Onyaanya
way/1222926785,Onembenge,,,,,,Oshikoto,Onyaanya
way/1313550781,Oshalongo,,,,,,Oshikoto,Omuntele
way/315101345,Onanke,,,,,,Oshikoto,Omuntele
way/219795543,,,,,,,Oshikoto,Omuntele
way/1086078250,,,,,,,Oshikoto,Omuthiyagwiipundi
node/7699923412,Indongoyakeelu,,hamlet,,,,Oshikoto,Omuthiyagwiipundi
way/930121170,,,,,,,Oshikoto,Omuthiyagwiipundi
way/930121167,,,,,,,Oshikoto,Omuthiyagwiipundi
way/930112180,,,,,,,Oshikoto,Omuthiyagwiipundi
way/930112161,,,,,,,Oshikoto,Omuthiyagwiipundi
way/930112159,,,,,,,Oshikoto,Omuthiyagwiipundi
way/930112160,,,,,,,Oshikoto,Omuthiyagwiipundi
way/930112163,,,,,,,Oshikoto,Omuthiyagwiipundi
way/930112179,,,,,,,Oshikoto,Omuthiyagwiipundi
way/934326135,,,,,,,Oshikoto,Omuthiyagwiipundi
way/934326759,,,,,,,Oshikoto,Omuthiyagwiipundi
way/983318275,,,,,,,Oshikoto,Omuthiyagwiipundi
node/7680994558,Okangororosa,,hamlet,,,,Oshikoto,Omuthiyagwiipundi
way/983346499,,,,,,,Oshikoto,Omuthiyagwiipundi
way/983317551,,,,,,,Oshikoto,Omuthiyagwiipundi
way/983316476,,,,,,,Oshikoto,Omuthiyagwiipundi
way/937053985,,,,,,,Oshikoto,Omuthiyagwiipundi
way/934328043,,,,,,,Oshikoto,Omuthiyagwiipundi
way/629534668,,,,,,,Oshikoto,Omuthiyagwiipundi
way/934323026,,,,,,,Oshikoto,Omuthiyagwiipundi
way/934329268,,,,,,,Oshikoto,Omuthiyagwiipundi
way/934329269,,,,,,,Oshikoto,Omuthiyagwiipundi
way/934329266,,,,,,,Oshikoto,Omuthiyagwiipundi
way/934329272,,,,,,,Oshikoto,Omuthiyagwiipundi
way/934329275,,,,,,,Oshikoto,Omuthiyagwiipundi
way/631663324,,,,,,,Oshikoto,Omuthiyagwiipundi
way/984859986,,,,,,,Oshikoto,Omuthiyagwiipundi
way/931819813,,,,,,,Oshikoto,Omuthiyagwiipundi
way/985934695,,,,,,,Oshikoto,Omuthiyagwiipundi
way/934329274,,,,,,,Oshikoto,Omuthiyagwiipundi
way/934329273,,,,,,,Oshikoto,Omuthiyagwiipundi
way/934329271,,,,,,,Oshikoto,Omuthiyagwiipundi
way/934329270,,,,,,,Oshikoto,Omuthiyagwiipundi
way/934329265,,,,,,,Oshikoto,Omuthiyagwiipundi
way/934329264,,,,,,,Oshikoto,Omuthiyagwiipundi
way/934326940,,,,,,,Oshikoto,Omuthiyagwiipundi
way/934326941,,,,,,,Oshikoto,Omuthiyagwiipundi
way/934326945,,,,,,,Oshikoto,Omuthiyagwiipundi
way/934326947,,,,,,,Oshikoto,Omuthiyagwiipundi
way/934326946,,,,,,,Oshikoto,Omuthiyagwiipundi
way/934326938,,,,,,,Oshikoto,Omuthiyagwiipundi
way/934326937,,,,,,,Oshikoto,Omuthiyagwiipundi
way/934326935,,,,,,,Oshikoto,Omuthiyagwiipundi
way/934326944,,,,,,,Oshikoto,Omuthiyagwiipundi
way/934326942,,,,,,,Oshikoto,Omuthiyagwiipundi
way/934326939,,,,,,,Oshikoto,Omuthiyagwiipundi
way/934326943,,,,,,,Oshikoto,Omuthiyagwiipundi
way/934331761,,,,,,,Oshikoto,Omuthiyagwiipundi
way/934331764,,,,,,,Oshikoto,Omuthiyagwiipundi
way/934321510,,,,,,,Oshikoto,Omuthiyagwiipundi
way/934321508,,,,,,,Oshikoto,Omuthiyagwiipundi
way/934321509,,,,,,,Oshikoto,Omuthiyagwiipundi
way/934321507,,,,,,,Oshikoto,Omuthiyagwiipundi
way/934321505,,,,,,,Oshikoto,Omuthiyagwiipundi
way/934331758,,,,,,,Oshikoto,Omuthiyagwiipundi
way/934331749,,,,,,,Oshikoto,Omuthiyagwiipundi
way/934317350,,,,,,,Oshikoto,Omuthiyagwiipundi
way/823075159,Omutsewombahe,,,,,,Oshikoto,Omuthiyagwiipundi
way/934317353,,,,,,,Oshikoto,Omuthiyagwiipundi
way/934317348,,,,,,,Oshikoto,Omuthiyagwiipundi
way/934317349,,,,,,,Oshikoto,Omuthiyagwiipundi
way/934317351,,,,,,,Oshikoto,Omuthiyagwiipundi
way/934317346,,,,,,,Oshikoto,Omuthiyagwiipundi
way/934317345,,,,,,,Oshikoto,Omuthiyagwiipundi
way/934317339,,,,,,,Oshikoto,Omuthiyagwiipundi
way/934317340,,,,,,,Oshikoto,Omuthiyagwiipundi
way/934317341,,,,,,,Oshikoto,Omuthiyagwiipundi
way/934317344,,,,,,,Oshikoto,Omuthiyagwiipundi
way/934317347,,,,,,,Oshikoto,Omuthiyagwiipundi
way/934317352,,,,,,,Oshikoto,Omuthiyagwiipundi
way/934317343,,,,,,,Oshikoto,Omuthiyagwiipundi
way/934317342,,,,,,,Oshikoto,Omuthiyagwiipundi
way/934317338,,,,,,,Oshikoto,Omuthiyagwiipundi
way/934319958,,,,,,,Oshikoto,Omuthiyagwiipundi
way/934305989,,,,,,,Oshikoto,Omuthiyagwiipundi
way/934319963,,,,,,,Oshikoto,Omuthiyagwiipundi
way/934319964,,,,,,,Oshikoto,Omuthiyagwiipundi
way/934319965,,,,,,,Oshikoto,Omuthiyagwiipundi
way/934306497,,,,,,,Oshikoto,Omuthiyagwiipundi
way/934306527,,,,,,,Oshikoto,Omuthiyagwiipundi
way/934306540,,,,,,,Oshikoto,Omuthiyagwiipundi
way/934319962,,,,,,,Oshikoto,Omuthiyagwiipundi
way/934319960,,,,,,,Oshikoto,Omuthiyagwiipundi
way/934306542,,,,,,,Oshikoto,Omuthiyagwiipundi
way/934319956,,,,,,,Oshikoto,Omuthiyagwiipundi
way/934306541,,,,,,,Oshikoto,Omuthiyagwiipundi
way/934317337,,,,,,,Oshikoto,Omuthiyagwiipundi
way/934317354,,,,,,,Oshikoto,Omuthiyagwiipundi
way/934329445,,,,,,,Oshikoto,Omuthiyagwiipundi
way/934329455,,,,,,,Oshikoto,Omuthiyagwiipundi
way/936654663,,,,,,,Oshikoto,Omuthiyagwiipundi
way/985906815,,,,,,,Oshikoto,Omuthiyagwiipundi
way/937016991,,,,,,,Oshikoto,Omuthiyagwiipundi
way/937018586,,,,,,,Oshikoto,Omuthiyagwiipundi
way/937017638,,,,,,,Oshikoto,Omuthiyagwiipundi
way/985551074,,,,,,,Oshikoto,Omuthiyagwiipundi
way/993236852,,,,,,,Oshikoto,Omuthiyagwiipundi
way/947441251,,,,,,,Oshikoto,Omuthiyagwiipundi
way/984861922,,,,,,,Oshikoto,Omuthiyagwiipundi
way/947441258,,,,,,,Oshikoto,Omuthiyagwiipundi
way/985552621,,,,,,,Oshikoto,Omuthiyagwiipundi
way/1227303125,,,,,,,Oshikoto,Omuthiyagwiipundi
way/713380258,,,,,,,Oshikoto,Omuthiyagwiipundi
way/629519073,,,,,,,Oshikoto,Omuthiyagwiipundi
way/713384300,,,,,,,Oshikoto,Omuthiyagwiipundi
way/713384301,,,,,,,Oshikoto,Omuthiyagwiipundi
way/931972865,,,,,,,Oshikoto,Omuthiyagwiipundi
way/857138592,,,,,,,Oshikoto,Omuthiyagwiipundi
way/630046379,,,,,,,Oshikoto,Omuthiyagwiipundi
way/984829523,,,,,,,Oshikoto,Omuthiyagwiipundi
way/934306872,,,,,,,Oshikoto,Omuthiyagwiipundi
way/934306873,,,,,,,Oshikoto,Omuthiyagwiipundi
way/993227362,,,,,,,Oshikoto,Omuthiyagwiipundi
node/1376606376,Omuthiya,,town,,,,Oshikoto,Omuthiyagwiipundi
way/629532861,,,,,,,Oshikoto,Omuthiyagwiipundi
way/1358879805,,,,,,,Oshikoto,Omuthiyagwiipundi
way/992321550,,,,,,,Oshikoto,Omuthiyagwiipundi
way/936753815,,,,,,,Oshikoto,Omuthiyagwiipundi
way/936746361,,,,,,,Oshikoto,Omuthiyagwiipundi
way/946159777,,,,,,,Oshikoto,Omuthiyagwiipundi
way/934327237,,,,,,,Oshikoto,Omuthiyagwiipundi
way/934325974,,,,,,,Oshikoto,Omuthiyagwiipundi
way/938214926,,,,,,,Oshikoto,Omuthiyagwiipundi
way/1358885841,Omadhiya,,,,Omuthiya,,Oshikoto,Omuthiyagwiipundi
way/936636888,,,,,,,Oshikoto,Omuthiyagwiipundi
way/936632268,,,,,,,Oshikoto,Omuthiyagwiipundi
way/934304318,,,,,,,Oshikoto,Omuthiyagwiipundi
way/934304321,,,,,,,Oshikoto,Omuthiyagwiipundi
way/988848537,,,,,,,Oshikoto,Omuthiyagwiipundi
way/988848541,,,,,,,Oshikoto,Omuthiyagwiipundi
way/946162124,,,,,,,Oshikoto,Omuthiyagwiipundi
way/934304024,,,,,,,Oshikoto,Omuthiyagwiipundi
way/936651204,,,,,,,Oshikoto,Omuthiyagwiipundi
way/935096169,,,,,,,Oshikoto,Omuthiyagwiipundi
way/935106787,,,,,,,Oshikoto,Omuthiyagwiipundi
way/935084836,,,,,,,Oshikoto,Omuthiyagwiipundi
way/935095621,,,,,,,Oshikoto,Omuthiyagwiipundi
way/927785619,,,,,,,Oshikoto,Omuthiyagwiipundi
way/936651839,,,,,,,Oshikoto,Omuthiyagwiipundi
way/935094730,,,,,,,Oshikoto,Omuthiyagwiipundi
way/935105700,,,,,,,Oshikoto,Omuthiyagwiipundi
way/935083888,,,,,,,Oshikoto,Omuthiyagwiipundi
way/934308476,,,,,,,Oshikoto,Omuthiyagwiipundi
way/935083615,,,,,,,Oshikoto,Omuthiyagwiipundi
way/930664706,,,,,,,Oshikoto,Omuthiyagwiipundi
node/5945937061,Okapuko,,hamlet,,,,Oshikoto,Omuthiyagwiipundi
way/942788872,,,,,,,Oshikoto,Omuthiyagwiipundi
way/984830594,,,,,,,Oshikoto,Omuthiyagwiipundi
way/930660653,Oshifukwa,,,,,,Oshikoto,Omuthiyagwiipundi
way/934301131,,,,,,,Oshikoto,Omuthiyagwiipundi
way/936723495,,,,,,,Oshikoto,Omuthiyagwiipundi
way/936726193,,,,,,,Oshikoto,Omuthiyagwiipundi
way/936730080,,,,,,,Oshikoto,Omuthiyagwiipundi
way/936727239,,,,,,,Oshikoto,Omuthiyagwiipundi
way/936684581,,,,,,,Oshikoto,Omuthiyagwiipundi
way/936683703,,,,,,,Oshikoto,Omuthiyagwiipundi
way/934306546,,,,,,,Oshikoto,Omuthiyagwiipundi
way/934317295,,,,,,,Oshikoto,Omuthiyagwiipundi
way/934317199,,,,,,,Oshikoto,Omuthiyagwiipundi
way/934317859,,,,,,,Oshikoto,Omuthiyagwiipundi
way/934318061,,,,,,,Oshikoto,Omuthiyagwiipundi
way/934317482,,,,,,,Oshikoto,Omuthiyagwiipundi
way/934326100,,,,,,,Oshikoto,Omuthiyagwiipundi
way/934326744,,,,,,,Oshikoto,Omuthiyagwiipundi
way/934325128,,,,,,,Oshikoto,Omuthiyagwiipundi
way/934325772,,,,,,,Oshikoto,Omuthiyagwiipundi
way/934318623,,,,,,,Oshikoto,Omuthiyagwiipundi
way/934319982,,,,,,,Oshikoto,Omuthiyagwiipundi
way/934329385,,,,,,,Oshikoto,Omuthiyagwiipundi
way/934322651,,,,,,,Oshikoto,Omuthiyagwiipundi
way/934324137,,,,,,,Oshikoto,Omuthiyagwiipundi
way/934324309,,,,,,,Oshikoto,Omuthiyagwiipundi
way/934322957,,,,,,,Oshikoto,Omuthiyagwiipundi
way/934324601,,,,,,,Oshikoto,Omuthiyagwiipundi
way/934320204,,,,,,,Oshikoto,Omuthiyagwiipundi
way/934320716,,,,,,,Oshikoto,Omuthiyagwiipundi
way/934320480,,,,,,,Oshikoto,Omuthiyagwiipundi
way/934320526,,,,,,,Oshikoto,Omuthiyagwiipundi
way/934307856,,,,,,,Oshikoto,Omuthiyagwiipundi
way/934307781,,,,,,,Oshikoto,Omuthiyagwiipundi
way/934307511,,,,,,,Oshikoto,Omuthiyagwiipundi
way/934323127,,,,,,,Oshikoto,Omuthiyagwiipundi
way/934306572,,,,,,,Oshikoto,Omuthiyagwiipundi
way/934306804,,,,,,,Oshikoto,Omuthiyagwiipundi
way/934306378,,,,,,,Oshikoto,Omuthiyagwiipundi
way/934308465,,,,,,,Oshikoto,Omuthiyagwiipundi
way/934308325,,,,,,,Oshikoto,Omuthiyagwiipundi
way/934308077,,,,,,,Oshikoto,Omuthiyagwiipundi
way/934320943,,,,,,,Oshikoto,Omuthiyagwiipundi
way/934308706,,,,,,,Oshikoto,Omuthiyagwiipundi
way/934727060,,,,,,,Oshikoto,Omuthiyagwiipundi
way/934328001,,,,,,,Oshikoto,Omuthiyagwiipundi
way/934425786,,,,,,,Oshikoto,Omuthiyagwiipundi
way/934424665,,,,,,,Oshikoto,Omuthiyagwiipundi
way/934996562,,,,,,,Oshikoto,Omuthiyagwiipundi
way/934496148,,,,,,,Oshikoto,Omuthiyagwiipundi
way/936733835,,,,,,,Oshikoto,Omuthiyagwiipundi
way/943370859,,,,,,,Oshikoto,Omuthiyagwiipundi
way/934989480,,,,,,,Oshikoto,Omuthiyagwiipundi
way/934980627,,,,,,,Oshikoto,Omuthiyagwiipundi
way/934990005,,,,,,,Oshikoto,Omuthiyagwiipundi
way/948543423,,,,,,,Oshikoto,Omuthiyagwiipundi
way/948543422,,,,,,,Oshikoto,Omuthiyagwiipundi
way/1222926783,,,,,,,Oshikoto,Omuthiyagwiipundi
way/948563702,,,,,,,Oshikoto,Omuthiyagwiipundi
way/981871847,Onyuulaye,,,,,,Oshikoto,Okankolo
way/948552888,,,,,,,Oshikoto,Onyaanya
node/1299351452,Amuteya,,hamlet,,,,Oshikoto,Onyaanya
way/927104429,Onambiga,,,,,,Oshikoto,Eengodi
way/981875813,,,,,,,Oshikoto,Eengodi
way/927104430,Ontana,,,,,,Oshikoto,Eengodi
node/3211476294,,,hamlet,,,,Oshikoto,Eengodi
way/845024291,,,,,,,Oshikoto,Okankolo
way/845024289,,,,,,,Ohangwena,Epembe
way/845024295,Onandjokwe,,,,,,Oshikoto,Okankolo
way/1069557821,,,,,,,Ohangwena,Epembe
way/1198212943,,,,,,,Oshikoto,Onayena
way/845024288,,,,,,,Ohangwena,Epembe
way/845024286,,,,,,,Ohangwena,Epembe
way/845024285,,,,,,,Ohangwena,Epembe
node/3211450704,Okankolo,,village,,,,Oshikoto,Okankolo
way/981631877,,,,,,,Oshikoto,Okankolo
way/948548914,Omangundu,,,,,,Oshikoto,Onyaanya
way/948549439,,,,,,,Oshikoto,Onyaanya
way/948549440,,,,,,,Oshikoto,Onyaanya
way/1307971634,,,,,,,Oshikoto,Onyaanya
way/1068446855,Okatope,,,,,,Oshikoto,Onyaanya
node/3211901871,,,hamlet,,,,Oshikoto,Onyaanya
node/3211899053,,,hamlet,,,,Oshikoto,Onyaanya
node/5943402392,Onyaanya,,village,,,,Oshikoto,Onyaanya
way/934792413,,,,,,,Oshikoto,Onyaanya
node/1299351440,Onathinge,,hamlet,,,,Oshikoto,Onayena
way/934484792,,,,,,,Oshikoto,Onayena
way/1206112479,Kuku Frieda Compound,,,,,,Oshikoto,Onayena
way/1206112161,Leonard Kambonde Compound,,,,,,Oshikoto,Onayena
node/7270675963,Olukonda,,hamlet,,,,Oshikoto,Olukonda
way/984236846,Oshaakondwa,,quarter,,,,Oshikoto,Olukonda
way/1219892731,Onethindi,,quarter,,,,Oshikoto,Olukonda
way/913157853,,,,,,,Oshikoto,Oniipa
node/259489730,Oniipa,,town,,,,Oshikoto,Oniipa
way/570269877,,,,,,,Oshana,Ondangwa
way/934622159,,,,,,,Oshikoto,Onayena
node/3718184661,Onayena,,village,,,,Oshikoto,Onayena
way/1221054260,,,,,,,Ohangwena,Omulonga
way/1221054233,,,,,,,Oshikoto,Oniipa
way/1222926813,,,,,,,Oshikoto,Oniipa
node/5486314744,Oshigambo,,village,,,,Oshikoto,Oniipa
way/1330894013,,,,,,,Oshana,Okaku
relation/16567944,Oshushe,,,,,,Oshana,Okaku
way/966754276,Extension 10,,,,,,Oshana,Ondangwa
way/983910125,Extension 6,,,,,,Oshana,Ondangwa
way/1051022399,,,,,,,Oshana,Ondangwa
way/1051022469,,,,,,,Oshana,Ondangwa
relation/16629179,Extension 3,,,,,,Oshana,Ondangwa
node/4213709449,N!om|xom,,hamlet,,,,Otjozondjupa,Tsumkwe
way/422818520,,,,,,,Otjozondjupa,Tsumkwe
node/4213709569,Eagle Pos,,hamlet,,,,Otjozondjupa,Tsumkwe
way/422818518,,,,,,,Otjozondjupa,Tsumkwe
way/422818517,,,,,,,Otjozondjupa,Tsumkwe
node/4335565392,!Ukxoarama,,village,,,,Otjozondjupa,Tsumkwe
way/435975353,,,,,,,Otjozondjupa,Tsumkwe
node/4292886845,Djxokhoe,,village,,,,Otjozondjupa,Tsumkwe
way/308446742,Djxokhoe,,village,,,,Otjozondjupa,Tsumkwe
way/421970795,Mountain Pos,,,,,,Otjozondjupa,Tsumkwe
way/421633375,,,,,,,Otjozondjupa,Tsumkwe
node/3928505186,Mountain Pos Traditional Village,,hamlet,,,,Otjozondjupa,Tsumkwe
way/421970796,Doupos,,,,,,Otjozondjupa,Tsumkwe
way/563131514,,,,,,,Otjozondjupa,Tsumkwe
node/4117178568,Tsumkwe,,town,,,,Otjozondjupa,Tsumkwe
way/445461310,|Airu,,neighbourhood,,,,Otjozondjupa,Tsumkwe
way/427571732,Tsumkwe (Boundaries),,village,,,,Otjozondjupa,Tsumkwe
node/4292871542,De≠hua,,village,,,,Otjozondjupa,Tsumkwe
way/435926481,De≠hua,,village,,,,Otjozondjupa,Tsumkwe
way/435926484,,,,,,,Otjozondjupa,Tsumkwe
way/435944952,,,,,,,Otjozondjupa,Tsumkwe
node/4292871543,≠Om!o!o,,village,,,,Otjozondjupa,Tsumkwe
way/435943921,≠Om!o!o,,village,,,,Otjozondjupa,Tsumkwe
way/435944981,,,,,,,Otjozondjupa,Tsumkwe
node/4292871539,||Xa|oba,,village,,,,Otjozondjupa,Tsumkwe
way/435944982,||Xa|oba,,village,52,,,Otjozondjupa,Tsumkwe
node/4215984337,Routspos,,hamlet,,,,Otjozondjupa,Tsumkwe
way/422818523,,,,,,,Otjozondjupa,Tsumkwe
node/4216050988,Kaptein se Pos,,hamlet,,,,Otjozondjupa,Tsumkwe
node/4225447167,Apelpos,,hamlet,,,,Otjozondjupa,Tsumkwe
way/422818525,,,,,,,Otjozondjupa,Tsumkwe
node/3196800439,Aasvoëlnes,,hamlet,,,,Otjozondjupa,Tsumkwe
way/422818524,,,,,,,Otjozondjupa,Tsumkwe
node/4216055860,Duinpos,,hamlet,,,,Otjozondjupa,Tsumkwe
node/5652498437,Mangetti Dune,,village,,,,Otjozondjupa,Tsumkwe
way/319583760,,,,,,,Otjozondjupa,Tsumkwe
way/380367266,,,,,,,Otjozondjupa,Tsumkwe
way/380367273,,,,,,,Otjozondjupa,Tsumkwe
way/380367280,,,,,,,Otjozondjupa,Tsumkwe
node/13006027707,Luhebu,,hamlet,,,,Otjozondjupa,Tsumkwe
way/1035102330,,,,,,,Omaheke,Epukiro
way/1035102322,,,,,,,Omaheke,Epukiro
way/1035102320,,,,,,,Omaheke,Epukiro
way/1035102319,,,,,,,Omaheke,Epukiro
way/1035032732,,,,,,,Omaheke,Otjinene
way/1035032724,,,,,,,Omaheke,Epukiro
node/12980167993,Harmse,,hamlet,,,,Omaheke,Otjinene
way/1035032720,,,,,,,Omaheke,Otjinene
node/12980234947,Okavangua,,hamlet,,,,Omaheke,Otjinene
way/1035032719,,,,,,,Omaheke,Otjinene
way/1035032708,Okumumbonde,,,,,,Omaheke,Otjinene
way/1035032709,Okamuna Kondjima,,,,,,Omaheke,Otjinene
way/1035032710,Ozongaru,,,,,,Omaheke,Otjinene
way/1035032700,Otjihitua,,,,,,Omaheke,Otjinene
way/1035032701,,,,,,,Omaheke,Otjinene
way/1035032702,Ovijapa,,,,,,Omaheke,Otjinene
way/1035032703,Otjiuaketambo,,,,,,Omaheke,Otjinene
relation/14388582,Ovizuzu,,,,,,Omaheke,Otjinene
node/2026428898,,,village,,,,Omaheke,Otjinene
way/1032037563,,,,,,,Otjozondjupa,Okakarara
way/1032037561,,,,,,,Otjozondjupa,Okakarara
way/1032037560,,,,,,,Otjozondjupa,Okakarara
way/1036021479,,,,,,,Otjozondjupa,Okakarara
node/3367404199,,,hamlet,,,,Otjozondjupa,Okakarara
way/1036021480,,,,,,,Otjozondjupa,Okakarara
way/1036021473,,,,,,,Otjozondjupa,Okakarara
node/10199560645,Otjiurutjokatjove,,hamlet,,,,Otjozondjupa,Okakarara
node/10199565417,Ondjomojomungondo,,hamlet,,,,Otjozondjupa,Okakarara
node/10198320989,Orukango Romungondo,,hamlet,,,,Otjozondjupa,Okakarara
way/1036021431,,,,,,,Otjozondjupa,Okakarara
way/1036021430,,,,,,,Otjozondjupa,Okakarara
way/1036021435,,,,,,,Otjozondjupa,Okakarara
node/3195473818,Okabumbuu,,hamlet,,,,Otjozondjupa,Okakarara
way/563126103,,,,,,,Otjozondjupa,Tsumkwe
way/308621228,,,,,,,Otjozondjupa,Okakarara
node/5777828110,,,hamlet,,,,Otjozondjupa,Okakarara
way/308621233,,,,,,,Otjozondjupa,Okakarara
node/245027032,Okatjoruu,,village,,,,Otjozondjupa,Okakarara
way/316450831,,,,,,,Otjozondjupa,Okakarara
node/259655170,Moroelaboom,,hamlet,,,,Otjozondjupa,Grootfontein
way/525132729,,,,,,,Otjozondjupa,Grootfontein
way/325138108,,,,,,,Otjozondjupa,Grootfontein
way/1502244937,,,,,,,Otjozondjupa,Grootfontein
node/5652521186,Mangetti,,village,,,,Kavango West,Kahenge
way/592192758,,,,,,,Kavango West,Kahenge
way/325136861,,,,,,,Kavango West,Kahenge
node/5425398447,Mururani,,village,,,,Otjozondjupa,Grootfontein
way/325138105,,,,,,,Otjozondjupa,Grootfontein
way/1501537997,,,,,,,Otjozondjupa,Grootfontein
node/3318028650,,,isolated_dwelling,,,,Otjozondjupa,Grootfontein
node/3318028651,,,isolated_dwelling,,,,Otjozondjupa,Grootfontein
node/3318028652,,,isolated_dwelling,,,,Otjozondjupa,Grootfontein
way/562874625,,,,,,,Kavango West,Kahenge
way/1338665844,,,isolated_dwelling,,,,Kavango West,Kapako
way/1338665845,,,isolated_dwelling,,,,Kavango West,Kapako
way/1338665893,,,isolated_dwelling,,,,Kavango West,Kapako
way/1338665887,,,isolated_dwelling,,,,Kavango West,Kapako
way/1338665873,,,,,,,Kavango West,Kapako
way/1338665872,,,,,,,Kavango West,Kapako
way/1338665869,,,,,,,Kavango West,Kapako
way/1338665868,,,,,,,Kavango West,Kapako
way/1338665870,,,,,,,Kavango West,Kapako
way/1338665871,,,,,,,Kavango West,Kapako
way/1338665894,,,,,,,Kavango West,Kapako
way/1501049155,,,,,,,Kavango West,Kapako
way/1501164831,,,,,,,Kavango West,Kapako
way/1338665855,,,,,,,Kavango West,Kapako
way/1501049138,,,,,,,Kavango West,Kapako
way/1501129207,,,,,,,Kavango West,Kapako
way/1338665896,,,isolated_dwelling,,,,Kavango West,Kapako
way/1501164823,,,,,,,Kavango West,Kapako
way/1338665880,,,isolated_dwelling,,,,Kavango West,Kapako
way/1338665879,,,,,,,Kavango West,Kapako
way/1501129205,,,,,,,Kavango West,Kapako
way/1501049142,,,,,,,Kavango West,Kapako
way/1501164800,,,,,,,Kavango West,Kapako
node/13742398180,Magazaro,,village,,,,Kavango West,Kapako
way/1501049143,,,,,,,Kavango West,Kapako
way/1501164804,,,,,,,Kavango West,Kapako
way/1494386987,,,isolated_dwelling,,,,Kavango West,Kapako
way/1501164815,,,,,,,Kavango West,Kapako
way/1338665841,,,isolated_dwelling,,,,Kavango West,Kapako
way/1344523546,,,,,,,Kavango West,Kapako
way/1344523557,,,,,,,Kavango West,Kapako
way/1344523569,,,,,,,Kavango West,Kapako
way/1344521794,,,,,,,Kavango West,Kapako
way/1344521895,,,,,,,Kavango West,Kapako
way/1344521867,,,,,,,Kavango West,Kapako
way/1344521849,,,,,,,Kavango West,Kapako
way/1217173428,Rooidaghek,,,,,,Otjozondjupa,Tsumkwe
way/389706153,Grashoek,,village,,,,Otjozondjupa,Tsumkwe
way/389706155,,,,,,,Otjozondjupa,Tsumkwe
way/563128441,,,,,,,Otjozondjupa,Tsumkwe
way/308426815,,,,,,,Kavango East,Mashare
way/1344521884,,,,,,,Kavango West,Kapako
node/13006027536,Sihova,,hamlet,,,,Kavango West,Kapako
node/13006027537,Mapupu,,hamlet,,,,Kavango East,Mashare
way/308439699,Mapupu,,,,,,Kavango East,Mashare
way/1341584907,,,isolated_dwelling,,,,Kavango East,Mashare
way/1341584884,,,isolated_dwelling,,,,Kavango East,Mashare
way/1341530148,,,,,,,Kavango East,Mashare
way/1341530149,,,,,,,Kavango East,Mashare
way/1341530123,,,,,,,Kavango East,Mashare
way/1341530107,,,isolated_dwelling,,,,Kavango East,Mashare
way/1341584885,,,isolated_dwelling,,,,Kavango East,Mashare
way/1341584873,,,,,,,Kavango East,Mashare
way/1341584871,,,,,,,Kavango East,Mashare
way/1341584835,,,,,,,Kavango East,Mashare
way/1341584845,,,,,,,Kavango East,Mashare
way/1341604778,,,,,,,Kavango East,Mashare
way/1341530088,,,,,,,Kavango East,Mashare
way/422818526,,,,,,,Otjozondjupa,Tsumkwe
node/4216235539,Vicksrus,,hamlet,,,,Otjozondjupa,Tsumkwe
way/422819690,Nhoma,,hamlet,,,,Otjozondjupa,Tsumkwe
way/421880796,N||hoq'ma,,village,,,,Otjozondjupa,Tsumkwe
way/1339258574,,,isolated_dwelling,,,,Kavango East,Mashare
way/1339258579,,,isolated_dwelling,,,,Kavango East,Mashare
way/1339258607,,,isolated_dwelling,,,,Kavango East,Mashare
way/1339258562,,,isolated_dwelling,,,,Kavango East,Mashare
way/1339258569,,,isolated_dwelling,,,,Kavango East,Mashare
way/1341584816,,,,,,,Kavango East,Mashare
way/1341584796,,,,,,,Kavango East,Mashare
way/1341530079,,,isolated_dwelling,,,,Kavango East,Mashare
way/1341530080,,,isolated_dwelling,,,,Kavango East,Mashare
way/1341584789,,,,,,,Kavango East,Mashare
way/1002280287,,,,,,,Kavango East,Mashare
way/1002091071,,,village,,,,Kavango East,Mashare
way/1002091062,,,village,,,,Kavango East,Mashare
way/1002280282,,,,,,,Kavango East,Mashare
way/1339258620,,,isolated_dwelling,,,,Kavango East,Mashare
way/1339214759,,,isolated_dwelling,,,,Kavango East,Mashare
way/1339214758,,,isolated_dwelling,,,,Kavango East,Mashare
way/1339214757,,,isolated_dwelling,,,,Kavango East,Mashare
way/1006264728,,,,,,,Kavango East,Mashare
way/1339214739,,,,,,,Kavango East,Mashare
way/1339214738,,,,,,,Kavango East,Mashare
way/1339214741,,,isolated_dwelling,,,,Kavango East,Mashare
way/1339214775,,,isolated_dwelling,,,,Kavango East,Mashare
way/1339214779,,,isolated_dwelling,,,,Kavango East,Mashare
way/1339214754,,,,,,,Kavango East,Mashare
way/380283467,,,,,,,Kavango East,Mashare
way/1339214737,,,isolated_dwelling,,,,Kavango East,Mashare
way/1338721164,,,isolated_dwelling,,,,Kavango East,Mashare
way/1338721176,,,,,,,Kavango West,Kapako
way/1338721175,,,,,,,Kavango West,Kapako
way/1501049084,,,,,,,Kavango West,Kapako
way/1338721174,,,,,,,Kavango West,Kapako
way/1338721173,,,,,,,Kavango West,Kapako
way/1338721171,,,,,,,Kavango West,Kapako
way/1501049083,,,,,,,Kavango West,Kapako
way/1338721172,,,,,,,Kavango West,Kapako
way/1338721170,,,isolated_dwelling,,,,Kavango West,Kapako
node/9258533981,Masivi,,village,,,,Kavango West,Kapako
way/1338706185,,,isolated_dwelling,,,,Kavango West,Kapako
way/1338721187,,,isolated_dwelling,,,,Kavango West,Kapako
way/1338721186,,,isolated_dwelling,,,,Kavango East,Mashare
way/1338721188,,,isolated_dwelling,,,,Kavango West,Kapako
way/1338721189,,,isolated_dwelling,,,,Kavango West,Kapako
way/1338721190,,,isolated_dwelling,,,,Kavango West,Kapako
way/1338721185,,,isolated_dwelling,,,,Kavango East,Mashare
way/1338721191,,,isolated_dwelling,,,,Kavango West,Kapako
way/1338596422,,,isolated_dwelling,,,,Kavango East,Mashare
way/1338706186,,,isolated_dwelling,,,,Kavango West,Kapako
way/1338596427,,,isolated_dwelling,,,,Kavango East,Mashare
way/1338596426,,,isolated_dwelling,,,,Kavango West,Kapako
way/1002280281,,,,,,,Kavango East,Mashare
way/1338665916,,,isolated_dwelling,,,,Kavango West,Kapako
way/1338665921,,,isolated_dwelling,,,,Kavango West,Kapako
way/1338665926,,,isolated_dwelling,,,,Kavango West,Kapako
way/1338665839,,,isolated_dwelling,,,,Kavango West,Kapako
way/1338665930,Tjivitjivi,,village,,,,Kavango West,Kapako
way/1501490904,,,,,,,Kavango West,Kapako
way/1501490909,,,,,,,Kavango West,Kapako
way/1501490908,,,,,,,Kavango West,Kapako
way/1500787076,,,,,,,Kavango West,Kapako
way/1501164810,,,,,,,Kavango West,Kapako
way/1501164809,,,,,,,Kavango West,Kapako
way/1501164811,,,,,,,Kavango West,Kapako
node/13742398013,Utjiliro,,village,,,,Kavango West,Kapako
way/1338665912,,,,,,,Kavango West,Kapako
way/350633152,,,,,,,Kavango West,Kapako
way/350633148,,,,,,,Kavango West,Kapako
way/1500787098,,,,,,,Kavango West,Kapako
way/350633149,,,,,,,Kavango West,Kapako
way/350633150,,,,,,,Kavango West,Kapako
way/1338665910,,,,,,,Kavango West,Kapako
way/1338665911,,,,,,,Kavango West,Kapako
way/1338665905,,,,,,,Kavango West,Kapako
way/1500787079,,,,,,,Kavango West,Kapako
way/1500787080,,,,,,,Kavango West,Kapako
way/1500787088,,,,,,,Kavango West,Kapako
way/1501164806,,,,,,,Kavango West,Kapako
way/1500787085,,,,,,,Kavango West,Kapako
way/1500787078,,,,,,,Kavango West,Kapako
way/1500787086,,,,,,,Kavango West,Kapako
way/1500787082,,,,,,,Kavango West,Kapako
way/1500787083,,,,,,,Kavango West,Kapako
way/1500787084,,,,,,,Kavango West,Kapako
way/1500787087,,,,,,,Kavango West,Kapako
way/1500787070,,,,,,,Kavango West,Kapako
way/1500787074,,,,,,,Kavango West,Kapako
way/1500787075,,,,,,,Kavango West,Kapako
way/1500787073,,,,,,,Kavango West,Kapako
way/1501049127,,,,,,,Kavango West,Kapako
way/1501049129,,,,,,,Kavango West,Kapako
way/1501049130,,,,,,,Kavango West,Kapako
way/1501049128,,,,,,,Kavango West,Kapako
way/1501049126,,,,,,,Kavango West,Kapako
way/1501049123,,,,,,,Kavango West,Kapako
way/1500787064,,,,,,,Kavango West,Kapako
way/1501490866,,,,,,,Kavango West,Kapako
way/1501490867,,,,,,,Kavango West,Kapako
way/1501490874,,,,,,,Kavango West,Kapako
way/1501490865,,,,,,,Kavango West,Kapako
way/1500787065,,,,,,,Kavango West,Kapako
way/1500787067,,,,,,,Kavango West,Kapako
way/1500787066,,,,,,,Kavango West,Kapako
way/1500787068,,,,,,,Kavango West,Kapako
way/1500787069,,,,,,,Kavango West,Kapako
way/1500787063,,,,,,,Kavango West,Kapako
way/1501490864,,,,,,,Kavango West,Kapako
way/1501490900,,,,,,,Kavango West,Kapako
way/1501490894,,,,,,,Kavango West,Kapako
way/1501490897,,,,,,,Kavango West,Kapako
way/1501490895,,,,,,,Kavango West,Kapako
way/1501490896,,,,,,,Kavango West,Kapako
way/1501490893,,,,,,,Kavango West,Kapako
way/1501490892,,,,,,,Kavango West,Kapako
way/1501490875,,,,,,,Kavango West,Kapako
way/1497060431,,,isolated_dwelling,,,,Kavango West,Kapako
way/1501490860,,,,,,,Kavango West,Kapako
way/1501490862,,,,,,,Kavango West,Kapako
way/1501490873,,,,,,,Kavango West,Kapako
way/1501490872,,,,,,,Kavango West,Kapako
way/1501490871,,,,,,,Kavango West,Kapako
way/1501490870,,,,,,,Kavango West,Kapako
way/1501490869,,,,,,,Kavango West,Kapako
way/1501490868,,,,,,,Kavango West,Kapako
way/1501490863,,,,,,,Kavango West,Kapako
way/1501490861,,,,,,,Kavango West,Kapako
way/1500787107,,,,,,,Kavango West,Kapako
node/13746034126,Sivaradi 2,,village,,,,Kavango West,Kapako
way/1500787115,,,,,,,Kavango West,Kapako
way/1500787116,,,,,,,Kavango West,Kapako
way/1501490859,,,,,,,Kavango West,Kapako
way/1500787047,,,,,,,Kavango West,Kapako
way/1500722512,,,,,,,Kavango West,Kapako
way/1494386982,,,,,,,Kavango West,Kapako
way/1500787110,,,,,,,Kavango West,Kapako
way/1500787108,,,,,,,Kavango West,Kapako
way/1500787112,,,,,,,Kavango West,Kapako
way/1500787113,,,,,,,Kavango West,Kapako
way/1500722516,,,,,,,Kavango West,Kapako
way/1500722515,,,,,,,Kavango West,Kapako
way/1500722517,,,,,,,Kavango West,Kapako
way/1500722531,,,,,,,Kavango West,Kapako
way/1500722518,,,,,,,Kavango West,Kapako
way/1500722534,,,,,,,Kavango West,Kapako
way/1500722533,,,,,,,Kavango West,Kapako
way/1500722532,,,,,,,Kavango West,Kapako
way/1500722538,,,,,,,Kavango West,Kapako
way/1500722536,,,,,,,Kavango West,Kapako
node/13746034125,Mburundu,,village,,,,Kavango West,Kapako
way/1500722539,,,,,,,Kavango West,Kapako
way/1500722544,,,,,,,Kavango West,Kapako
way/1500722543,,,,,,,Kavango West,Kapako
way/1500722546,,,,,,,Kavango West,Kapako
way/1500722548,,,,,,,Kavango West,Kapako
way/1500722513,,,,,,,Kavango West,Kapako
way/1500722511,,,,,,,Kavango West,Kapako
way/1500850249,,,,,,,Kavango West,Kapako
way/1500850248,,,,,,,Kavango West,Kapako
way/1500722742,,,,,,,Kavango West,Kapako
way/1500722745,,,,,,,Kavango West,Kapako
way/1500722746,,,,,,,Kavango West,Kapako
way/1500722748,,,,,,,Kavango West,Kapako
way/1500722744,,,,,,,Kavango West,Kapako
way/1500722743,,,,,,,Kavango West,Kapako
way/1500722741,,,,,,,Kavango West,Kapako
way/1500722747,,,,,,,Kavango West,Kapako
way/1500722750,,,,,,,Kavango West,Kapako
way/1500722751,,,,,,,Kavango West,Kapako
way/1500722752,,,,,,,Kavango West,Kapako
way/1500722749,,,,,,,Kavango West,Kapako
way/1318520710,,,,,,,Kavango West,Kapako
way/1318520718,,,,,,,Kavango West,Kapako
way/1500722756,,,,,,,Kavango West,Kapako
way/1500722754,,,,,,,Kavango West,Kapako
way/1500722755,,,,,,,Kavango West,Kapako
node/13746034134,Mbeyo,,village,,,,Kavango West,Kapako
way/1500722757,,,,,,,Kavango West,Kapako
way/1500722770,,,,,,,Kavango West,Kapako
way/1318520711,,,,,,,Kavango West,Kapako
way/1500722765,,,,,,,Kavango West,Kapako
way/1500722773,,,,,,,Kavango West,Kapako
way/1500722772,,,,,,,Kavango West,Kapako
way/1500722771,,,,,,,Kavango West,Kapako
way/1500722766,,,,,,,Kavango West,Kapako
way/1500722783,,,,,,,Kavango West,Kapako
way/1500722785,,,,,,,Kavango West,Kapako
way/1500722786,,,,,,,Kavango West,Kapako
way/1500722793,,,,,,,Kavango West,Kapako
way/1500722790,,,,,,,Kavango West,Kapako
way/1500722791,,,,,,,Kavango West,Kapako
way/1500722789,,,,,,,Kavango West,Kapako
way/1500722787,,,,,,,Kavango West,Kapako
way/1500722788,,,,,,,Kavango West,Kapako
way/1500722784,,,,,,,Kavango West,Kapako
way/1500722767,,,,,,,Kavango West,Kapako
way/1500722781,,,,,,,Kavango West,Kapako
way/1500722782,,,,,,,Kavango West,Kapako
way/1500722777,,,,,,,Kavango West,Kapako
way/1500722779,,,,,,,Kavango West,Kapako
way/1500722778,,,,,,,Kavango West,Kapako
way/1500722776,,,,,,,Kavango West,Kapako
way/1500722775,,,,,,,Kavango West,Kapako
way/1500722774,,,,,,,Kavango West,Kapako
way/1500722780,,,,,,,Kavango West,Kapako
way/1500722768,,,,,,,Kavango West,Kapako
way/1500722806,,,,,,,Kavango West,Kapako
way/1500722803,,,,,,,Kavango West,Kapako
way/1500722802,,,,,,,Kavango West,Kapako
way/1500722792,,,,,,,Kavango West,Kapako
way/1500722794,,,,,,,Kavango West,Kapako
way/1500722795,,,,,,,Kavango West,Kapako
way/1500722796,,,,,,,Kavango West,Kapako
way/1500722797,,,,,,,Kavango West,Kapako
way/1500722800,,,,,,,Kavango West,Kapako
way/1500722799,,,,,,,Kavango West,Kapako
way/1500722798,,,,,,,Kavango West,Kapako
way/1500722801,,,,,,,Kavango West,Kapako
way/1500722804,,,,,,,Kavango West,Kapako
way/1500722805,,,,,,,Kavango West,Kapako
way/1500722807,,,,,,,Kavango West,Kapako
way/1500722808,,,,,,,Kavango West,Kapako
way/1500722811,,,,,,,Kavango West,Kapako
way/1501490923,,,,,,,Kavango West,Kapako
way/1500722814,,,,,,,Kavango West,Kapako
node/13746034127,Sihepera,,village,,,,Kavango West,Kapako
way/1500722812,,,,,,,Kavango West,Kapako
way/1500722813,,,,,,,Kavango West,Kapako
way/1500722817,,,,,,,Kavango West,Kapako
way/1500722816,,,,,,,Kavango West,Kapako
way/1500722815,,,,,,,Kavango West,Kapako
way/1500722818,,,,,,,Kavango West,Kapako
way/1498793856,,,,,,,Kavango West,Kapako
way/1498793855,,,,,,,Kavango West,Kapako
way/1498793833,,,,,,,Kavango West,Kapako
way/1498793851,,,,,,,Kavango West,Kapako
way/1498793849,,,,,,,Kavango West,Kapako
way/1498793850,,,,,,,Kavango West,Kapako
way/1498793843,,,,,,,Kavango West,Kapako
way/1498793844,,,,,,,Kavango West,Kapako
way/1498793845,,,,,,,Kavango West,Kapako
way/1498793847,,,,,,,Kavango West,Kapako
way/1498793834,,,,,,,Kavango West,Kapako
way/1498793846,,,,,,,Kavango West,Kapako
way/1498773368,,,,,,,Kavango West,Kapako
way/1498793854,,,,,,,Kavango West,Kapako
way/1498793853,,,,,,,Kavango West,Kapako
way/1498793852,,,,,,,Kavango West,Kapako
way/1498793857,,,,,,,Kavango West,Kapako
way/1498793858,,,,,,,Kavango West,Kapako
way/1498773396,,,,,,,Kavango West,Kapako
way/1498793832,,,,,,,Kavango West,Kapako
way/1498793831,,,,,,,Kavango West,Kapako
way/1498773370,,,,,,,Kavango West,Kapako
way/1498773397,,,,,,,Kavango West,Kapako
way/1498773395,,,,,,,Kavango West,Kapako
way/1498773386,,,,,,,Kavango West,Kapako
way/1498773388,,,,,,,Kavango West,Kapako
way/1498773387,,,,,,,Kavango West,Kapako
way/1498773389,,,,,,,Kavango West,Kapako
way/1498793572,,,,,,,Kavango West,Kapako
way/1498773381,,,,,,,Kavango West,Kapako
way/1498793573,,,,,,,Kavango West,Kapako
way/1498773367,,,,,,,Kavango West,Kapako
way/1498773369,,,,,,,Kavango West,Kapako
way/1498773391,,,,,,,Kavango West,Kapako
way/1498773393,,,,,,,Kavango West,Kapako
way/1498773392,,,,,,,Kavango West,Kapako
way/1498793578,,,,,,,Kavango West,Kapako
way/1498793830,,,,,,,Kavango West,Kapako
way/1498773390,,,,,,,Kavango West,Kapako
way/1498773394,,,,,,,Kavango West,Kapako
way/1498793829,,,,,,,Kavango West,Kapako
way/1498793882,,,,,,,Kavango West,Kapako
way/1498793881,,,,,,,Kavango West,Kapako
way/1498773740,,,,,,,Kavango West,Kapako
way/1498773700,,,,,,,Kavango West,Kapako
way/1498773716,,,,,,,Kavango West,Kapako
way/1498773717,,,,,,,Kavango West,Kapako
way/1498773631,,,,,,,Kavango West,Kapako
way/1498773650,,,,,,,Kavango West,Kapako
way/1498793880,,,,,,,Kavango West,Kapako
way/1498773420,,,,,,,Kavango West,Kapako
way/1498793828,,,,,,,Kavango West,Kapako
way/1498773421,,,,,,,Kavango West,Kapako
way/1498773422,,,,,,,Kavango West,Kapako
way/1498773419,,,,,,,Kavango West,Kapako
way/1498793860,,,,,,,Kavango West,Kapako
way/1498793859,,,,,,,Kavango West,Kapako
way/1498793646,,,,,,,Kavango West,Kapako
way/1498793862,,,,,,,Kavango West,Kapako
way/1498793885,,,,,,,Kavango West,Kapako
way/1498793884,,,,,,,Kavango West,Kapako
way/1498793861,,,,,,,Kavango West,Kapako
way/1498793883,,,,,,,Kavango West,Kapako
way/1498773418,,,,,,,Kavango West,Kapako
way/1498773401,,,,,,,Kavango West,Kapako
way/1498773402,,,,,,,Kavango West,Kapako
way/1498773403,,,,,,,Kavango West,Kapako
way/1498773398,,,,,,,Kavango West,Kapako
way/1498773400,,,,,,,Kavango West,Kapako
way/1498773399,,,,,,,Kavango West,Kapako
way/1498793879,,,,,,,Kavango West,Kapako
way/1500787042,,,,,,,Kavango West,Kapako
way/1498773450,,,,,,,Kavango West,Kapako
way/1498773453,,,,,,,Kavango West,Kapako
way/1498773451,,,,,,,Kavango West,Kapako
way/1498773454,,,,,,,Kavango West,Kapako
way/1498773452,,,,,,,Kavango West,Kapako
way/1498773456,,,,,,,Kavango West,Kapako
way/1498773559,,,,,,,Kavango West,Kapako
way/1498773548,,,,,,,Kavango West,Kapako
way/1498773455,,,,,,,Kavango West,Kapako
way/1498773613,,,,,,,Kavango West,Kapako
node/2364947146,Ncamagoro,,village,,,,Kavango West,Kapako
way/1498773675,,,,,,,Kavango West,Kapako
way/1498773609,,,,,,,Kavango West,Kapako
way/1498773547,,,,,,,Kavango West,Kapako
way/1498773546,,,,,,,Kavango West,Kapako
way/1498773545,,,,,,,Kavango West,Kapako
way/1498773544,,,,,,,Kavango West,Kapako
way/1498773595,,,,,,,Kavango West,Kapako
way/1498773574,,,,,,,Kavango West,Kapako
way/1498773573,,,,,,,Kavango West,Kapako
way/1498773543,,,,,,,Kavango West,Kapako
way/1498773542,,,,,,,Kavango West,Kapako
way/1498773485,,,,,,,Kavango West,Kapako
way/1498773484,,,,,,,Kavango West,Kapako
way/1498773541,,,,,,,Kavango West,Kapako
way/1498773483,,,,,,,Kavango West,Kapako
way/1498773540,,,,,,,Kavango West,Kapako
way/1498773481,,,,,,,Kavango West,Kapako
way/1498773482,,,,,,,Kavango West,Kapako
way/1498773442,,,,,,,Kavango West,Kapako
way/1498826214,,,,,,,Kavango East,Rundu Rural West
way/1498826212,,,,,,,Kavango East,Rundu Rural West
way/1498826209,,,,,,,Kavango East,Rundu Rural West
way/1498826210,,,,,,,Kavango East,Rundu Rural West
way/1498826211,,,,,,,Kavango East,Rundu Rural West
way/1498826213,,,,,,,Kavango East,Rundu Rural West
way/1498826207,,,,,,,Kavango East,Rundu Rural West
way/1498826208,,,,,,,Kavango East,Rundu Rural West
way/1498826176,,,,,,,Kavango East,Rundu Rural West
way/1498826205,,,,,,,Kavango East,Rundu Rural West
way/1498826206,,,,,,,Kavango East,Rundu Rural West
way/1498826204,,,,,,,Kavango West,Kapako
way/1498793818,,,,,,,Kavango West,Kapako
way/1498793822,,,,,,,Kavango West,Kapako
way/1498793821,,,,,,,Kavango West,Kapako
way/1498793816,,,,,,,Kavango West,Kapako
way/1498773458,,,,,,,Kavango West,Kapako
way/1498793820,,,,,,,Kavango West,Kapako
way/1498793819,,,,,,,Kavango West,Kapako
way/1498793823,,,,,,,Kavango West,Kapako
way/1498793824,,,,,,,Kavango West,Kapako
way/1498793825,,,,,,,Kavango West,Kapako
way/1498773434,,,,,,,Kavango West,Kapako
way/1498773431,,,,,,,Kavango West,Kapako
way/1498773432,,,,,,,Kavango West,Kapako
way/1498773430,,,,,,,Kavango West,Kapako
way/1498773428,,,,,,,Kavango West,Kapako
way/1498773429,,,,,,,Kavango West,Kapako
way/1498773460,,,,,,,Kavango West,Kapako
way/1498773471,,,,,,,Kavango West,Kapako
way/1498773459,,,,,,,Kavango West,Kapako
way/1498773480,,,,,,,Kavango West,Kapako
way/1498773479,,,,,,,Kavango West,Kapako
way/1498773475,,,,,,,Kavango West,Kapako
way/1498773474,,,,,,,Kavango West,Kapako
way/1498773473,,,,,,,Kavango West,Kapako
way/1498773436,,,,,,,Kavango West,Kapako
way/1498793827,,,,,,,Kavango West,Kapako
way/1498773437,,,,,,,Kavango West,Kapako
way/1498773438,,,,,,,Kavango West,Kapako
way/1498773674,,,,,,,Kavango West,Kapako
way/1498773656,,,,,,,Kavango West,Kapako
way/1498773651,,,,,,,Kavango West,Kapako
way/1498773655,,,,,,,Kavango West,Kapako
way/1498793826,,,,,,,Kavango West,Kapako
way/1498773435,,,,,,,Kavango West,Kapako
way/1498773433,,,,,,,Kavango West,Kapako
way/1498773664,,,,,,,Kavango West,Kapako
way/1318980574,,,,,,,Kavango West,Kapako
way/1318980575,,,,,,,Kavango West,Kapako
way/1498773760,,,,,,,Kavango West,Kapako
way/1500787043,,,,,,,Kavango West,Kapako
way/1500787045,,,,,,,Kavango West,Kapako
way/1500787046,,,,,,,Kavango West,Kapako
way/1498793840,,,,,,,Kavango West,Kapako
way/1498793839,,,,,,,Kavango West,Kapako
way/1498793835,,,,,,,Kavango West,Kapako
way/1498793842,,,,,,,Kavango West,Kapako
way/1498793848,,,,,,,Kavango West,Kapako
way/1498793836,,,,,,,Kavango West,Kapako
way/1498793841,,,,,,,Kavango West,Kapako
way/1498793838,,,,,,,Kavango West,Kapako
way/1498793837,,,,,,,Kavango West,Kapako
way/1498580001,,,farm,,,,Kavango West,Kapako
way/1498826215,,,,,,,Kavango East,Rundu Rural West
way/1498826217,,,,,,,Kavango East,Rundu Rural West
way/1498826220,,,,,,,Kavango East,Rundu Rural West
way/1498826218,,,,,,,Kavango East,Rundu Rural West
way/1498826216,,,,,,,Kavango East,Rundu Rural West
way/722609447,,,,,,,Kavango East,Rundu Rural West
way/722611884,,,,,,,Kavango East,Rundu Rural West
way/722610439,,,,,,,Kavango East,Rundu Rural West
way/722610432,,,,,,,Kavango East,Rundu Rural West
way/722609459,,,,,,,Kavango East,Rundu Rural West
way/722609451,,,,,,,Kavango East,Rundu Rural West
way/722609427,,,,,,,Kavango East,Rundu Rural West
way/722609426,,,,,,,Kavango East,Rundu Rural West
way/722609434,,,,,,,Kavango East,Rundu Rural West
way/722611852,,,,,,,Kavango East,Rundu Rural West
way/722611864,,,,,,,Kavango East,Rundu Rural West
way/722607544,,,,,,,Kavango East,Rundu Rural West
way/722612785,,,,,,,Kavango East,Rundu Rural West
way/1006717727,,,,,,,Kavango East,Rundu Rural West
way/1006717726,,,,,,,Kavango East,Rundu Rural West
way/1338830157,,,,,,,Kavango East,Rundu Rural West
way/1338830160,,,,,,,Kavango East,Rundu Rural West
way/1338830159,,,,,,,Kavango East,Rundu Rural West
way/1338830158,,,,,,,Kavango East,Rundu Rural West
way/1501490889,,,,,,,Kavango West,Kapako
way/1501490888,,,,,,,Kavango West,Kapako
way/1501490880,,,,,,,Kavango East,Rundu Rural West
way/1501490879,,,,,,,Kavango East,Rundu Rural West
way/1501490883,,,,,,,Kavango East,Rundu Rural West
way/1501490885,,,,,,,Kavango East,Rundu Rural West
way/1501490886,,,,,,,Kavango East,Rundu Rural West
way/1501490878,,,,,,,Kavango West,Kapako
way/1501049085,,,,,,,Kavango West,Kapako
way/1338830185,,,isolated_dwelling,,,,Kavango East,Mashare
way/1338830186,,,isolated_dwelling,,,,Kavango East,Mashare
way/1338830194,,,,,,,Kavango East,Rundu Rural West
way/1338830195,,,,,,,Kavango East,Rundu Rural West
way/1318001986,,,,,,,Kavango East,Mashare
way/1338830192,,,,,,,Kavango East,Mashare
way/1338830189,,,,,,,Kavango East,Mashare
way/1338830191,,,,,,,Kavango East,Mashare
way/1338830190,,,,,,,Kavango East,Mashare
way/1338830187,,,,,,,Kavango East,Mashare
way/1338830184,,,isolated_dwelling,,,,Kavango East,Mashare
way/1338642898,,,isolated_dwelling,,,,Kavango East,Mashare
way/1338642371,,,isolated_dwelling,,,,Kavango East,Mashare
way/1338830179,,,,,,,Kavango East,Mashare
way/1338830176,,,,,,,Kavango East,Mashare
way/1338830177,,,,,,,Kavango East,Mashare
way/1338830178,,,,,,,Kavango East,Mashare
way/1338896550,,,isolated_dwelling,,,,Kavango East,Mashare
way/1338896549,,,isolated_dwelling,,,,Kavango East,Mashare
way/1338896553,,,isolated_dwelling,,,,Kavango East,Mashare
way/1006717724,,,,,,,Kavango East,Mashare
way/1006717728,,,,,,,Kavango East,Mashare
node/2364947108,Ncaute,,village,,,,Kavango East,Mashare
way/1006717774,,,,,,,Kavango East,Mashare
way/1006717760,,,,,,,Kavango East,Mashare
way/1006717689,,,,,,,Kavango East,Mashare
node/9258533985,Makandina,,hamlet,,,,Kavango East,Mashare
node/9284080896,Kaburu' s Farm,,isolated_dwelling,,,,Kavango East,Mashare
way/1002280175,,,,,,,Kavango East,Mashare
way/1002280181,,,,,,,Kavango East,Mashare
way/1002280167,,,,,,,Kavango East,Mashare
way/1002280156,,,,,,,Kavango East,Mashare
way/1002280206,,,,,,,Kavango East,Mashare
way/1002280201,,,,,,,Kavango East,Mashare
way/1002280186,,,,,,,Kavango East,Mashare
way/1002280211,,,,,,,Kavango East,Mashare
way/1002280238,,,,,,,Kavango East,Mashare
way/1002280222,,,,,,,Kavango East,Mashare
way/1002280235,,,,,,,Kavango East,Mashare
way/1002280248,,,,,,,Kavango East,Mashare
way/1002280269,,,,,,,Kavango East,Mashare
way/1002370108,,,,,,,Kavango East,Mashare
way/1004107983,,,,,,,Kavango East,Mashare
way/1004107985,,,,,,,Kavango East,Mashare
way/1004107981,,,,,,,Kavango East,Mashare
node/5321584551,Baramashoni,,hamlet,,,,Kavango East,Mashare
way/1004458518,,,,,,,Kavango East,Mashare
way/1004107960,,,,,,,Kavango East,Mashare
way/1004107961,,,,,,,Kavango East,Mashare
way/1004107968,,,,,,,Kavango East,Mashare
way/1004107973,,,,,,,Kavango East,Mashare
way/1004107972,,,,,,,Kavango East,Mashare
way/1004107958,,,,,,,Kavango East,Mashare
way/1004107976,,,,,,,Kavango East,Mashare
way/1004107959,,,,,,,Kavango East,Mashare
way/1004107974,,,,,,,Kavango East,Mashare
way/1004107963,,,,,,,Kavango East,Mashare
way/1004107966,,,,,,,Kavango East,Mashare
way/1004107964,,,,,,,Kavango East,Mashare
way/1003177019,,,,,,,Kavango East,Mashare
way/1003177008,,,,,,,Kavango East,Mashare
way/1002299877,,,,,,,Kavango East,Rundu Rural East
way/1002299874,,,,,,,Kavango East,Rundu Rural East
way/1002299873,,,,,,,Kavango East,Rundu Rural East
way/1002299878,,,,,,,Kavango East,Rundu Rural East
way/1002299879,,,,,,,Kavango East,Rundu Rural East
way/1002299880,,,,,,,Kavango East,Rundu Rural East
way/1003177038,,,,,,,Kavango East,Rundu Rural East
way/1002370254,,,,,,,Kavango East,Rundu Rural West
way/1002370258,,,,,,,Kavango East,Rundu Rural West
way/1002370256,,,,,,,Kavango East,Rundu Rural West
way/1002370257,,,,,,,Kavango East,Rundu Rural West
way/1002773268,,,,,,,Kavango East,Rundu Rural West
way/1006746049,,,,,,,Kavango East,Rundu Rural West
way/1002370255,,,,,,,Kavango East,Rundu Rural West
way/1002299928,,,,,,,Kavango East,Rundu Rural West
way/1002734781,,,,,,,Kavango East,Rundu Rural West
way/1002734780,,,,,,,Kavango East,Rundu Rural West
way/1002734785,,,,,,,Kavango East,Rundu Rural West
way/1002734782,,,,,,,Kavango East,Rundu Rural West
way/1002734784,,,,,,,Kavango East,Rundu Rural West
way/1002734783,,,,,,,Kavango East,Rundu Rural West
way/1002370163,,,,,,,Kavango East,Rundu Rural West
way/1002773276,,,,,,,Kavango East,Rundu Rural West
way/1002370117,,,,,,,Kavango East,Rundu Rural West
way/1002773277,,,,,,,Kavango East,Rundu Rural West
way/1002370119,,,,,,,Kavango East,Rundu Rural West
way/1002370123,,,,,,,Kavango East,Rundu Rural West
way/1002370120,,,,,,,Kavango East,Rundu Rural West
way/1002370121,,,,,,,Kavango East,Rundu Rural West
way/1002370151,,,,,,,Kavango East,Rundu Rural West
way/1002370162,,,,,,,Kavango East,Rundu Rural West
way/1002370127,,,,,,,Kavango East,Rundu Rural West
way/1002370148,,,,,,,Kavango East,Mashare
way/1002370110,,,,,,,Kavango East,Rundu Rural West
way/1002370111,,,,,,,Kavango East,Mashare
way/1003727962,,,,,,,Kavango East,Mashare
way/1002370104,,,,,,,Kavango East,Rundu Rural West
way/1002370092,,,,,,,Kavango East,Rundu Rural West
way/1002370106,,,,,,,Kavango East,Rundu Rural West
way/1002370087,,,,,,,Kavango East,Rundu Rural West
way/1006746044,,,,,,,Kavango East,Rundu Rural West
way/314731872,,,,,,,Kavango East,Rundu Rural West
way/1006746047,,,,,,,Kavango East,Rundu Rural West
way/1006746046,,,,,,,Kavango East,Rundu Rural West
way/1006746045,,,,,,,Kavango East,Rundu Rural West
way/1006746048,,,,,,,Kavango East,Rundu Rural West
way/1002370089,,,,,,,Kavango East,Rundu Rural West
way/1002370090,,,,,,,Kavango East,Rundu Rural West
way/1003177027,,,,,,,Kavango East,Rundu Rural East
node/9251442474,Shimpanda,,hamlet,,,,Kavango East,Rundu Rural East
node/12208797079,Sikambo,,hamlet,,,,Kavango East,Rundu Rural East
node/9251442473,Dove,,hamlet,,,,Kavango East,Mashare
node/5319617290,Mungunda,,hamlet,,,,Kavango East,Mashare
node/5319617289,Tjeye,,hamlet,,,,Kavango East,Mashare
node/5319617288,Mantjenya,,hamlet,,,,Kavango East,Mashare
way/1055152546,,,,,,,,
way/550884278,,,,,,,Kavango East,Mashare
node/9576504744,Muroro,,hamlet,,,,Kavango East,Mashare
node/2372653734,Shambyu,,village,,,,Kavango East,Mashare
way/314744268,,,,,,,Kavango East,Mashare
way/1317882621,,,,,,,Kavango East,Mashare
node/5319579683,Kambowo,,hamlet,,,,Kavango East,Rundu Rural East
node/5319579681,Ngcarama,,hamlet,,,,Kavango East,Rundu Rural East
node/5319579680,Kaisosi,,village,,,,Kavango East,Rundu Rural East
way/227737704,,,,,,,Kavango East,Rundu Rural East
way/314744285,Kayengona,,,,,,Kavango East,Rundu Rural East
relation/7479695,,,,,,,Kavango West,Kapako
way/858851318,,,,,,,Kavango East,Rundu Rural West
way/1433038591,village,,village,,,,Kavango West,Kapako
way/1433038582,village,,village,,,,Kavango West,Kapako
way/1433038595,village,,village,,,,Kavango West,Kapako
way/1433038570,village,,village,,,,Kavango West,Kapako
way/1433038569,village,,village,,,,Kavango West,Kapako
way/1433038568,village,,village,,,,Kavango West,Kapako
node/2365210427,Mupini,,village,,,,Kavango West,Kapako
way/1266267840,Kayirayira,,,,,,Kavango West,Kapako
way/1266267842,Muramba,,,,,,Kavango West,Kapako
node/2363943853,Kasote,,village,,,,Kavango East,Rundu Rural West
way/858851317,,,,,,,Kavango East,Rundu Rural West
way/1433916837,,,,,,,Kavango East,Rundu Rural West
way/1434017557,,,,,,,Kavango East,Rundu Rural West
way/1434017555,,,,,,,Kavango East,Rundu Rural West
way/1434017554,,,,,,,Kavango East,Rundu Rural West
way/1434017548,,,,,,,Kavango East,Rundu Rural West
node/8008075891,Oshkanduka,,village,,,,Kavango East,Rundu Rural West
way/1318489777,,,,,,,Kavango East,Rundu Rural West
way/1266304291,Sikanduko,,,,,,Kavango East,Rundu Rural West
way/1318489774,,,,,,,Kavango East,Rundu Rural West
way/227737675,,,,,,,Kavango East,Rundu Rural West
way/1448563065,,,,,,,Kavango East,Rundu Rural West
way/1465407424,Rainbow Village,,,,,,Kavango East,Rundu Rural West
node/259609505,Rundu,,city,63431,,,Kavango East,Rundu Urban
way/227444382,,,,,,,Kavango East,Rundu Urban
way/227511874,,,,,,,Kavango East,Rundu Rural West
way/199781764,,,,,,,,
way/724466800,,,,,,,Kavango East,Rundu Urban
node/2363943855,Sarusungu,,village,,,,Kavango East,Rundu Rural East
way/227737703,,,,,,,Kavango East,Rundu Rural East
way/314744275,,,,,,,Kavango East,Rundu Rural East
way/227737692,,,,,,,Kavango East,Rundu Rural East
way/724434851,,,,,,,Kavango East,Rundu Rural East
way/1425754298,,,,,,,Kavango East,Rundu Urban
way/227444386,,,,,,,Kavango East,Rundu Urban
way/227737691,,,,,,,Kavango East,Rundu Rural West
way/859060104,,,,,,,Kavango East,Rundu Rural West
way/859060101,,,,,,,Kavango East,Rundu Rural West
way/227737690,,,,,,,Kavango East,Rundu Rural West
way/1425750316,,,,,,,Kavango East,Rundu Rural East
way/1318495557,,,,,,,Kavango East,Rundu Rural East
way/1434820393,,,,,,,Kavango East,Rundu Rural East
way/1318495567,,,,,,,Kavango East,Rundu Rural East
way/1433037705,,,,,,,Kavango East,Rundu Rural West
way/1318489760,,,,,,,Kavango East,Rundu Rural West
way/859091700,,,,,,,Kavango East,Rundu Rural West
way/859090317,Mavandje,,,,,,Kavango East,Rundu Rural West
way/859092289,Sharukwe,,,,,,Kavango East,Rundu Rural West
way/314736699,,,,,,,Kavango East,Rundu Rural West
way/1501490919,,,,,,,Kavango East,Rundu Rural West
way/1501490917,,,,,,,Kavango East,Rundu Rural West
node/13746034110,Madudu,,village,,,,Kavango East,Rundu Rural West
way/1501490918,,,,,,,Kavango East,Rundu Rural West
way/1501490913,,,,,,,Kavango East,Rundu Rural West
way/1501490916,,,,,,,Kavango East,Rundu Rural West
way/1501490915,,,,,,,Kavango East,Rundu Rural West
way/1501490914,,,,,,,Kavango East,Rundu Rural West
way/1501490912,,,,,,,Kavango East,Rundu Rural West
way/1501490910,,,,,,,Kavango East,Rundu Rural West
way/1501490911,,,,,,,Kavango East,Rundu Rural West
way/314736702,,,,,,,Kavango East,Rundu Rural West
node/2364947111,Mile 10,,village,,,,Kavango East,Rundu Rural West
way/1217522439,Kaguni,,,,,,Kavango East,Rundu Rural West
way/1498826254,,,,,,,Kavango East,Rundu Rural West
way/1498826256,,,,,,,Kavango East,Rundu Rural West
way/1498826257,,,,,,,Kavango East,Rundu Rural West
way/1498826260,,,,,,,Kavango East,Rundu Rural West
way/1498826261,,,,,,,Kavango East,Rundu Rural West
way/1498826258,,,,,,,Kavango East,Rundu Rural West
way/1498826272,,,,,,,Kavango East,Rundu Rural West
way/1498826259,,,,,,,Kavango East,Rundu Rural West
way/1498826276,,,,,,,Kavango East,Rundu Rural West
way/1498826275,,,,,,,Kavango East,Rundu Rural West
way/1498826281,,,,,,,Kavango East,Rundu Rural West
way/1498826274,,,,,,,Kavango East,Rundu Rural West
way/1498826273,,,,,,,Kavango East,Rundu Rural West
way/1498826315,,,,,,,Kavango East,Rundu Rural West
way/1498826314,,,,,,,Kavango East,Rundu Rural West
way/1498826270,,,,,,,Kavango East,Rundu Rural West
way/1498826285,,,,,,,Kavango East,Rundu Rural West
way/1498826271,,,,,,,Kavango East,Rundu Rural West
way/1498826269,,,,,,,Kavango East,Rundu Rural West
way/1498826282,,,,,,,Kavango East,Rundu Rural West
way/1498826283,,,,,,,Kavango East,Rundu Rural West
way/1498826312,,,,,,,Kavango East,Rundu Rural West
way/1498826313,,,,,,,Kavango East,Rundu Rural West
way/1498826322,,,,,,,Kavango East,Rundu Rural West
way/1498826321,,,,,,,Kavango East,Rundu Rural West
way/1498826311,,,,,,,Kavango East,Rundu Rural West
way/1498826284,,,,,,,Kavango East,Rundu Rural West
way/1498826316,,,,,,,Kavango East,Rundu Rural West
way/1498826320,,,,,,,Kavango East,Rundu Rural West
way/1498826319,,,,,,,Kavango East,Rundu Rural West
way/1498826318,,,,,,,Kavango East,Rundu Rural West
way/1498826317,,,,,,,Kavango East,Rundu Rural West
way/1498826264,,,,,,,Kavango East,Rundu Rural West
way/1498826330,,,,,,,Kavango East,Rundu Rural West
way/1498826331,,,,,,,Kavango East,Rundu Rural West
way/1498826332,,,,,,,Kavango East,Rundu Rural West
way/1498826323,,,,,,,Kavango East,Rundu Rural West
way/1498826333,,,,,,,Kavango East,Rundu Rural West
way/1498826335,,,,,,,Kavango East,Rundu Rural West
way/1498826334,,,,,,,Kavango East,Rundu Rural West
way/1498826294,,,,,,,Kavango East,Rundu Rural West
way/1498826325,,,,,,,Kavango East,Rundu Rural West
way/1498826324,,,,,,,Kavango East,Rundu Rural West
way/1498826300,,,,,,,Kavango East,Rundu Rural West
way/1498826299,,,,,,,Kavango East,Rundu Rural West
way/1498826295,,,,,,,Kavango East,Rundu Rural West
way/1498826304,,,,,,,Kavango East,Rundu Rural West
way/1498826305,,,,,,,Kavango East,Rundu Rural West
way/1498826296,,,,,,,Kavango East,Rundu Rural West
node/2364947117,Ncumcara Mile 20,,village,,,,Kavango East,Rundu Rural West
way/1498826310,,,,,,,Kavango East,Rundu Rural West
way/1498826288,,,,,,,Kavango East,Rundu Rural West
way/1498826287,,,,,,,Kavango East,Rundu Rural West
way/1498826286,,,,,,,Kavango East,Rundu Rural West
way/1498826309,,,,,,,Kavango East,Rundu Rural West
way/1498826279,,,,,,,Kavango East,Rundu Rural West
way/1498826280,,,,,,,Kavango East,Rundu Rural West
way/1498826278,,,,,,,Kavango East,Rundu Rural West
way/1498826277,,,,,,,Kavango East,Rundu Rural West
way/1498826263,,,,,,,Kavango East,Rundu Rural West
way/1498826262,,,,,,,Kavango East,Rundu Rural West
way/1498826291,,,,,,,Kavango East,Rundu Rural West
way/1498826290,,,,,,,Kavango East,Rundu Rural West
way/1498826292,,,,,,,Kavango East,Rundu Rural West
way/1498826289,,,,,,,Kavango East,Rundu Rural West
way/1498826293,,,,,,,Kavango East,Rundu Rural West
way/1498826303,,,,,,,Kavango East,Rundu Rural West
way/1498826302,,,,,,,Kavango East,Rundu Rural West
way/1498826301,,,,,,,Kavango East,Rundu Rural West
way/1498826247,,,,,,,Kavango East,Rundu Rural West
way/1498826252,,,,,,,Kavango East,Rundu Rural West
way/1498826251,,,,,,,Kavango East,Rundu Rural West
way/1498826250,,,,,,,Kavango East,Rundu Rural West
way/1498826253,,,,,,,Kavango East,Rundu Rural West
way/1498826249,,,,,,,Kavango East,Rundu Rural West
way/1498826248,,,,,,,Kavango East,Rundu Rural West
way/1498826246,,,,,,,Kavango East,Rundu Rural West
way/1498826245,,,,,,,Kavango East,Rundu Rural West
way/1498826243,,,,,,,Kavango East,Rundu Rural West
way/1498826242,,,,,,,Kavango East,Rundu Rural West
way/1498826244,,,,,,,Kavango East,Rundu Rural West
way/1498826328,,,,,,,Kavango East,Rundu Rural West
way/1498826329,,,,,,,Kavango East,Rundu Rural West
way/1498826241,,,,,,,Kavango East,Rundu Rural West
way/1498826240,,,,,,,Kavango East,Rundu Rural West
way/1498826238,,,,,,,Kavango East,Rundu Rural West
way/1498826239,,,,,,,Kavango East,Rundu Rural West
way/1498826237,,,,,,,Kavango East,Rundu Rural West
way/1498826231,,,,,,,Kavango East,Rundu Rural West
way/1498826232,,,,,,,Kavango East,Rundu Rural West
way/1498826233,,,,,,,Kavango East,Rundu Rural West
way/1498826234,,,,,,,Kavango East,Rundu Rural West
way/1498826235,,,,,,,Kavango East,Rundu Rural West
way/1498826236,,,,,,,Kavango East,Rundu Rural West
way/1498826224,,,,,,,Kavango East,Rundu Rural West
way/1498826223,,,,,,,Kavango East,Rundu Rural West
way/1498826230,,,,,,,Kavango East,Rundu Rural West
way/1498826229,,,,,,,Kavango East,Rundu Rural West
way/1498826227,,,,,,,Kavango East,Rundu Rural West
way/1498826228,,,,,,,Kavango East,Rundu Rural West
way/1498826225,,,,,,,Kavango East,Rundu Rural West
way/1498826222,,,,,,,Kavango East,Rundu Rural West
way/1498826221,,,,,,,Kavango East,Rundu Rural West
way/1498826219,,,,,,,Kavango East,Rundu Rural West
way/1498826226,,,,,,,Kavango East,Rundu Rural West
way/1498826255,,,,,,,Kavango East,Rundu Rural West
way/1198251477,,,,,,,Kavango West,Kapako
node/2365210428,Kapako,,hamlet,,,,Kavango West,Kapako
way/1218825526,,,,,,,Kavango West,Kapako
way/1218825527,,,,,,,Kavango West,Kapako
way/314720582,,,,,,,Kavango West,Kapako
way/314717578,,,,,,,Kavango West,Kapako
node/2365748704,Mayenzere,,hamlet,,,,Kavango West,Kahenge
way/1501011100,,,,,,,Kavango West,Kapako
way/1500722570,,,,,,,Kavango West,Kapako
way/1500722566,,,,,,,Kavango West,Kapako
way/1500722563,,,,,,,Kavango West,Kapako
way/1500722565,,,,,,,Kavango West,Kapako
way/1500722568,,,,,,,Kavango West,Kapako
way/1500722567,,,,,,,Kavango West,Kapako
way/1500722577,,,,,,,Kavango West,Kapako
way/1500722575,,,,,,,Kavango West,Kapako
way/1500722569,,,,,,,Kavango West,Kapako
way/1500722576,,,,,,,Kavango West,Kapako
way/1500722574,,,,,,,Kavango West,Kapako
way/1500722571,,,,,,,Kavango West,Kapako
way/1500722572,,,,,,,Kavango West,Kapako
way/1500722573,,,,,,,Kavango West,Kapako
way/1500722579,,,,,,,Kavango West,Kapako
way/1500722580,,,,,,,Kavango West,Kapako
way/1500722578,,,,,,,Kavango West,Kapako
way/1500722585,,,,,,,Kavango West,Kapako
way/1500722586,,,,,,,Kavango West,Kapako
way/1318512860,,,,,,,Kavango West,Kapako
way/1500722590,,,,,,,Kavango West,Kapako
way/1500722592,,,,,,,Kavango West,Kapako
way/1500722591,,,,,,,Kavango West,Kapako
way/1500722597,,,,,,,Kavango West,Kapako
way/1500722587,,,,,,,Kavango West,Kapako
way/1500722583,,,,,,,Kavango West,Kapako
way/1500722582,,,,,,,Kavango West,Kapako
way/1500722581,,,,,,,Kavango West,Kapako
way/1500722584,,,,,,,Kavango West,Kapako
way/1500722598,,,,,,,Kavango West,Kapako
way/1500722600,,,,,,,Kavango West,Kapako
way/1500722601,,,,,,,Kavango West,Kapako
way/1500722604,,,,,,,Kavango West,Kapako
way/1500722603,,,,,,,Kavango West,Kapako
way/1500722605,,,,,,,Kavango West,Kapako
way/1500722602,,,,,,,Kavango West,Kapako
way/1501049090,,,,,,,Kavango West,Kapako
way/1501049093,,,,,,,Kavango West,Kapako
way/1501049092,,,,,,,Kavango West,Kapako
way/1501049091,,,,,,,Kavango West,Kapako
way/1501049087,,,,,,,Kavango West,Kapako
way/1501049088,,,,,,,Kavango West,Kapako
way/1501049086,,,,,,,Kavango West,Kapako
way/1501049089,,,,,,,Kavango West,Kapako
way/1501049098,,,,,,,Kavango West,Kapako
way/1501049099,,,,,,,Kavango West,Kapako
way/1501049108,,,,,,,Kavango West,Kapako
way/1501049097,,,,,,,Kavango West,Kapako
way/1501049109,,,,,,,Kavango West,Kapako
way/1501049096,,,,,,,Kavango West,Kapako
way/1501049095,,,,,,,Kavango West,Kapako
way/1501049094,,,,,,,Kavango West,Kapako
way/1501049110,,,,,,,Kavango West,Kapako
way/1501049111,,,,,,,Kavango West,Kapako
node/13742398012,Epingiro A.,,village,,,,Kavango West,Kapako
way/1501049105,,,,,,,Kavango West,Kapako
way/1501049106,,,,,,,Kavango West,Kapako
way/1501049107,,,,,,,Kavango West,Kapako
way/1501049100,,,,,,,Kavango West,Kapako
way/1500722740,,,,,,,Kavango West,Kapako
way/1500722739,,,,,,,Kavango West,Kapako
way/1500722735,,,,,,,Kavango West,Kapako
way/1500722737,,,,,,,Kavango West,Kapako
way/1500722736,,,,,,,Kavango West,Kapako
way/1500722734,,,,,,,Kavango West,Kapako
way/1500722731,,,,,,,Kavango West,Kapako
way/1500722733,,,,,,,Kavango West,Kapako
way/1500722732,,,,,,,Kavango West,Kapako
way/1500722728,,,,,,,Kavango West,Kapako
way/1500722730,,,,,,,Kavango West,Kapako
way/1500722729,,,,,,,Kavango West,Kapako
way/1500722726,,,,,,,Kavango West,Kapako
way/1500722725,,,,,,,Kavango West,Kapako
way/1500722724,,,,,,,Kavango West,Kapako
way/1500722723,,,,,,,Kavango West,Kapako
way/1500722720,,,,,,,Kavango West,Kapako
way/1500722721,,,,,,,Kavango West,Kapako
way/1500722722,,,,,,,Kavango West,Kapako
way/1500722727,,,,,,,Kavango West,Kapako
way/1500722717,,,,,,,Kavango West,Kapako
way/1500722718,,,,,,,Kavango West,Kapako
way/1500722716,,,,,,,Kavango West,Kapako
way/1500722715,,,,,,,Kavango West,Kapako
way/1500722708,,,,,,,Kavango West,Kapako
way/1500722707,,,,,,,Kavango West,Kapako
way/1500722712,,,,,,,Kavango West,Kapako
way/1500722713,,,,,,,Kavango West,Kapako
way/1500722714,,,,,,,Kavango West,Kapako
way/1500722719,,,,,,,Kavango West,Kapako
way/1500722709,,,,,,,Kavango West,Kapako
way/1500722710,,,,,,,Kavango West,Kapako
way/1500722711,,,,,,,Kavango West,Kapako
way/1500722706,,,,,,,Kavango West,Kapako
way/1500722704,,,,,,,Kavango West,Kapako
way/1500722705,,,,,,,Kavango West,Kapako
way/1500722702,,,,,,,Kavango West,Kapako
way/1500722698,,,,,,,Kavango West,Kapako
way/1500722703,,,,,,,Kavango West,Kapako
way/1500722697,,,,,,,Kavango West,Kapako
way/1500722668,,,,,,,Kavango West,Kapako
way/1500722665,,,,,,,Kavango West,Kapako
way/1500722664,,,,,,,Kavango West,Kapako
way/1500722695,,,,,,,Kavango West,Kapako
way/1500722667,,,,,,,Kavango West,Kapako
way/1500722666,,,,,,,Kavango West,Kapako
way/1500722696,,,,,,,Kavango West,Kapako
way/1500722699,,,,,,,Kavango West,Kapako
way/1500722700,,,,,,,Kavango West,Kapako
way/1500722701,,,,,,,Kavango West,Kapako
way/1500850232,,,,,,,Kavango West,Kapako
way/1500722656,,,,,,,Kavango West,Kapako
way/1500722647,,,,,,,Kavango West,Kapako
way/1500722645,,,,,,,Kavango West,Kapako
way/1500722646,,,,,,,Kavango West,Kapako
way/1500722683,,,,,,,Kavango West,Kapako
way/1500722682,,,,,,,Kavango West,Kapako
way/1500722681,,,,,,,Kavango West,Kapako
way/1500722679,,,,,,,Kavango West,Kapako
way/1500722680,,,,,,,Kavango West,Kapako
way/1500722685,,,,,,,Kavango West,Kapako
way/1500722684,,,,,,,Kavango West,Kapako
way/1500722686,,,,,,,Kavango West,Kapako
way/1500722688,,,,,,,Kavango West,Kapako
way/1500722691,,,,,,,Kavango West,Kapako
way/1500722692,,,,,,,Kavango West,Kapako
way/1500722690,,,,,,,Kavango West,Kapako
way/1500722689,,,,,,,Kavango West,Kapako
way/1500722654,,,,,,,Kavango West,Kapako
way/1500722655,,,,,,,Kavango West,Kapako
way/1500722653,,,,,,,Kavango West,Kapako
way/1500722652,,,,,,,Kavango West,Kapako
way/1500722694,,,,,,,Kavango West,Kapako
way/1500722693,,,,,,,Kavango West,Kapako
way/1500722662,,,,,,,Kavango West,Kapako
way/1500722661,,,,,,,Kavango West,Kapako
way/1500722658,,,,,,,Kavango West,Kapako
way/1500722657,,,,,,,Kavango West,Kapako
way/1500722659,,,,,,,Kavango West,Kapako
way/1500722660,,,,,,,Kavango West,Kapako
way/1500722687,,,,,,,Kavango West,Kapako
way/1500722672,,,,,,,Kavango West,Kapako
way/1500722642,,,,,,,Kavango West,Kapako
way/1500722641,,,,,,,Kavango West,Kapako
way/1500722640,,,,,,,Kavango West,Kapako
way/1500722639,,,,,,,Kavango West,Kapako
way/1500722671,,,,,,,Kavango West,Kapako
way/1500722670,,,,,,,Kavango West,Kapako
way/1500722638,,,,,,,Kavango West,Kapako
way/1500722637,,,,,,,Kavango West,Kapako
way/1500722636,,,,,,,Kavango West,Kapako
way/1500722663,,,,,,,Kavango West,Kapako
way/1500722632,,,,,,,Kavango West,Kapako
way/1500722633,,,,,,,Kavango West,Kapako
way/1500722635,,,,,,,Kavango West,Kapako
way/1500722629,,,,,,,Kavango West,Kapako
way/1500722628,,,,,,,Kavango West,Kapako
way/1500722625,,,,,,,Kavango West,Kapako
way/1500722624,,,,,,,Kavango West,Kapako
way/1500722622,,,,,,,Kavango West,Kapako
way/1500722623,,,,,,,Kavango West,Kapako
way/1500722619,,,,,,,Kavango West,Kapako
way/1500722616,,,,,,,Kavango West,Kapako
way/1500722611,,,,,,,Kavango West,Kapako
way/1500722612,,,,,,,Kavango West,Kapako
way/1500722610,,,,,,,Kavango West,Kapako
way/1500722608,,,,,,,Kavango West,Kapako
way/1500722613,,,,,,,Kavango West,Kapako
way/1500722618,,,,,,,Kavango West,Kapako
way/1500722620,,,,,,,Kavango West,Kapako
way/1500722621,,,,,,,Kavango West,Kapako
way/1500722626,,,,,,,Kavango West,Kapako
way/1500722643,,,,,,,Kavango West,Kapako
way/1500722669,,,,,,,Kavango West,Kapako
way/1500722673,,,,,,,Kavango West,Kapako
way/1500722627,,,,,,,Kavango West,Kapako
way/1500722674,,,,,,,Kavango West,Kapako
way/1500722675,,,,,,,Kavango West,Kapako
way/1500722676,,,,,,,Kavango West,Kapako
way/1500722644,,,,,,,Kavango West,Kapako
way/1500850204,,,,,,,Kavango West,Kapako
way/1500850205,,,,,,,Kavango West,Kapako
way/1500850201,,,,,,,Kavango West,Kapako
way/1500722609,,,,,,,Kavango West,Kapako
way/1500722607,,,,,,,Kavango West,Kapako
way/1500722606,,,,,,,Kavango West,Kapako
way/1500850200,,,,,,,Kavango West,Kapako
way/1500722599,,,,,,,Kavango West,Kapako
way/1500722596,,,,,,,Kavango West,Kapako
way/1500850203,,,,,,,Kavango West,Kapako
way/1500722595,,,,,,,Kavango West,Kapako
way/1500722593,,,,,,,Kavango West,Kapako
way/1500722594,,,,,,,Kavango West,Kapako
way/1500722589,,,,,,,Kavango West,Kapako
way/1500722588,,,,,,,Kavango West,Kapako
way/1500722555,,,,,,,Kavango West,Kapako
way/1500722557,,,,,,,Kavango West,Kapako
way/1500722558,,,,,,,Kavango West,Kapako
way/1501490921,,,,,,,Kavango West,Kapako
way/1501490922,,,,,,,Kavango West,Kapako
node/13746034112,Sivaradi 1,,village,,,,Kavango West,Kapako
way/1500722556,,,,,,,Kavango West,Kapako
way/1501490920,,,,,,,Kavango West,Kapako
way/1500722554,,,,,,,Kavango West,Kapako
way/1500722553,,,,,,,Kavango West,Kapako
way/1500722552,,,,,,,Kavango West,Kapako
way/1500722551,,,,,,,Kavango West,Kapako
way/1500722550,,,,,,,Kavango West,Kapako
way/1500722549,,,,,,,Kavango West,Kapako
way/1500722541,,,,,,,Kavango West,Kapako
way/1500787050,,,,,,,Kavango West,Kapako
way/1500787051,,,,,,,Kavango West,Kapako
way/1500787052,,,,,,,Kavango West,Kapako
way/1501490858,,,,,,,Kavango West,Kapako
way/1500787048,,,,,,,Kavango West,Kapako
node/13746034111,Tuhafeni,,village,,,,Kavango West,Kapako
way/1500787049,,,,,,,Kavango West,Kapako
way/1500722560,,,,,,,Kavango West,Kapako
way/1500722561,,,,,,,Kavango West,Kapako
way/1500722559,,,,,,,Kavango West,Kapako
way/1494386992,,,isolated_dwelling,,,,Kavango West,Kapako
way/1500722509,,,,,,,Kavango West,Kapako
way/1501490847,,,,,,,Kavango West,Kapako
way/1500722507,,,,,,,Kavango West,Kapako
way/1318512861,,,,,,,Kavango West,Kapako
way/1500722508,,,,,,,Kavango West,Kapako
way/1500722506,,,,,,,Kavango West,Kapako
way/1500752069,,,,,,,Kavango West,Kapako
way/1318519464,,,,,,,Kavango West,Kapako
way/1500752070,,,,,,,Kavango West,Kapako
way/1500722504,,,,,,,Kavango West,Kapako
way/1500722503,,,,,,,Kavango West,Kapako
way/1500722505,,,,,,,Kavango West,Kapako
way/1500752067,,,,,,,Kavango West,Kapako
way/1500752068,,,,,,,Kavango West,Kapako
way/1500752065,,,,,,,Kavango West,Kapako
way/1318519463,,,,,,,Kavango West,Kapako
way/1500752066,,,,,,,Kavango West,Kapako
way/1500752061,,,,,,,Kavango West,Kapako
way/1500752060,,,,,,,Kavango West,Kapako
way/1456891396,,,,,,,Kavango West,Kapako
way/1501490853,,,,,,,Kavango West,Kapako
way/1501490857,,,,,,,Kavango West,Kapako
way/1501490854,,,,,,,Kavango West,Kapako
way/1501490855,,,,,,,Kavango West,Kapako
way/1500787133,,,,,,,Kavango West,Kapako
node/13742398122,Tsawatma,,village,,,,Kavango West,Kapako
way/1500787119,,,,,,,Kavango West,Kapako
way/1500787054,,,,,,,Kavango West,Kapako
way/1500787131,,,,,,,Kavango West,Kapako
way/1497060432,,,isolated_dwelling,,,,Kavango West,Kapako
way/1501049124,,,,,,,Kavango West,Kapako
way/1501049125,,,,,,,Kavango West,Kapako
way/1501049117,,,,,,,Kavango West,Kapako
way/1501049120,,,,,,,Kavango West,Kapako
way/1501049122,,,,,,,Kavango West,Kapako
way/1501049121,,,,,,,Kavango West,Kapako
way/1501049118,,,,,,,Kavango West,Kapako
way/1501049119,,,,,,,Kavango West,Kapako
way/1501049116,,,,,,,Kavango West,Kapako
way/1501049113,,,,,,,Kavango West,Kapako
way/1501049112,,,,,,,Kavango West,Kapako
way/1501049115,,,,,,,Kavango West,Kapako
way/1501049114,,,,,,,Kavango West,Kapako
node/13742398121,Mamono,,village,,,,Kavango West,Kapako
way/1501049131,,,,,,,Kavango West,Kapako
way/1501049132,,,,,,,Kavango West,Kapako
way/1501129203,,,,,,,Kavango West,Kapako
way/1501129187,,,,,,,Kavango West,Kapako
way/1501129188,,,,,,,Kavango West,Kapako
way/1501049139,,,,,,,Kavango West,Kapako
way/1338665876,,,,,,,Kavango West,Kapako
way/1338665877,,,,,,,Kavango West,Kapako
node/13742398147,Sidira,,village,,,,Kavango West,Kapako
way/1501049141,,,,,,,Kavango West,Kapako
way/1501049140,,,,,,,Kavango West,Kapako
way/1501049137,,,,,,,Kavango West,Kapako
way/1501129184,,,,,,,Kavango West,Kapako
node/13742398129,Wizeni,,village,,,,Kavango West,Kapako
way/1500787062,,,,,,,Kavango West,Kapako
way/1500787061,,,,,,,Kavango West,Kapako
way/1501049134,,,,,,,Kavango West,Kapako
way/1501049135,,,,,,,Kavango West,Kapako
node/13742398146,Dogoro,,village,,,,Kavango West,Kapako
way/1338665867,,,,,,,Kavango West,Kapako
way/1338665863,,,,,,,Kavango West,Kapako
way/1500751811,,,,,,,Kavango West,Kahenge
way/1500751822,,,,,,,Kavango West,Kahenge
way/1500751815,,,,,,,Kavango West,Kahenge
way/1500751813,,,,,,,Kavango West,Kahenge
way/1500751812,,,,,,,Kavango West,Kahenge
way/1500751816,,,,,,,Kavango West,Kahenge
way/1500751817,,,,,,,Kavango West,Kahenge
way/1500751821,,,,,,,Kavango West,Kahenge
way/1500751824,,,,,,,Kavango West,Kahenge
way/1500751826,,,,,,,Kavango West,Kahenge
way/1500751827,,,,,,,Kavango West,Kahenge
way/1500751828,,,,,,,Kavango West,Kahenge
way/1500751829,,,,,,,Kavango West,Kahenge
way/1500751830,,,,,,,Kavango West,Kahenge
way/1500751831,,,,,,,Kavango West,Kahenge
way/1500751835,,,,,,,Kavango West,Kahenge
way/1500751832,,,,,,,Kavango West,Kahenge
way/1500751823,,,,,,,Kavango West,Kahenge
way/1500751837,,,,,,,Kavango West,Kahenge
way/1500751833,,,,,,,Kavango West,Kahenge
way/1500751834,,,,,,,Kavango West,Kahenge
way/1500751836,,,,,,,Kavango West,Kahenge
way/1500751838,,,,,,,Kavango West,Kahenge
way/1500751839,,,,,,,Kavango West,Kahenge
way/1500751840,,,,,,,Kavango West,Kahenge
way/1318512865,,,,,,,Kavango West,Kapako
way/1217522522,,,,,,,Kavango West,Kapako
way/315040816,,,,,,,Kavango West,Kapako
way/1500751846,,,,,,,Kavango West,Kapako
way/1500751847,,,,,,,Kavango West,Kapako
way/1500751857,,,,,,,Kavango West,Kapako
way/1500751856,,,,,,,Kavango West,Kapako
way/1500751859,,,,,,,Kavango West,Kapako
way/1500751858,,,,,,,Kavango West,Kapako
way/1500751933,,,,,,,Kavango West,Kapako
way/1500751932,,,,,,,Kavango West,Kapako
way/1500751931,,,,,,,Kavango West,Kapako
way/1500751852,,,,,,,Kavango West,Kapako
way/1500751854,,,,,,,Kavango West,Kapako
way/1500751853,,,,,,,Kavango West,Kapako
way/1318512863,,,,,,,Kavango West,Kapako
way/1500751855,,,,,,,Kavango West,Kapako
way/1500751851,,,,,,,Kavango West,Kapako
way/1500751848,,,,,,,Kavango West,Kapako
way/1500751849,,,,,,,Kavango West,Kapako
way/1217522519,,,,,,,Kavango West,Kapako
way/1500751850,,,,,,,Kavango West,Kapako
way/1500751929,,,,,,,Kavango West,Kapako
way/1500751930,,,,,,,Kavango West,Kapako
way/1500751934,,,,,,,Kavango West,Kapako
way/1500751936,,,,,,,Kavango West,Kapako
way/1500751935,,,,,,,Kavango West,Kapako
way/1500751937,,,,,,,Kavango West,Kapako
way/1500751939,,,,,,,Kavango West,Kapako
way/1500751940,,,,,,,Kavango West,Kapako
way/1500751941,,,,,,,Kavango West,Kapako
way/1500751860,,,,,,,Kavango West,Kapako
way/1500751862,,,,,,,Kavango West,Kapako
way/1500751861,,,,,,,Kavango West,Kapako
way/1500751943,,,,,,,Kavango West,Kapako
way/1500751944,,,,,,,Kavango West,Kapako
way/1500751945,,,,,,,Kavango West,Kapako
way/1500751951,,,,,,,Kavango West,Kapako
way/1500751946,,,,,,,Kavango West,Kapako
way/1500751947,,,,,,,Kavango West,Kapako
way/1500751942,,,,,,,Kavango West,Kapako
way/1500751949,,,,,,,Kavango West,Kapako
way/1500751948,,,,,,,Kavango West,Kapako
way/1500751950,,,,,,,Kavango West,Kapako
way/1500751972,,,,,,,Kavango West,Kapako
way/1500751974,,,,,,,Kavango West,Kapako
way/1500751973,,,,,,,Kavango West,Kapako
way/1500751978,,,,,,,Kavango West,Kapako
way/1500751979,,,,,,,Kavango West,Kapako
way/1500751981,,,,,,,Kavango West,Kapako
way/1500751983,,,,,,,Kavango West,Kapako
way/1500751982,,,,,,,Kavango West,Kapako
way/1500752000,,,,,,,Kavango West,Kapako
way/1500751997,,,,,,,Kavango West,Kapako
way/1500752001,,,,,,,Kavango West,Kapako
way/1500752003,,,,,,,Kavango West,Kapako
way/1500752002,,,,,,,Kavango West,Kapako
way/1500752005,,,,,,,Kavango West,Kapako
way/1500751984,,,,,,,Kavango West,Kapako
way/1500751985,,,,,,,Kavango West,Kapako
way/1500751986,,,,,,,Kavango West,Kapako
way/1500751990,,,,,,,Kavango West,Kapako
way/1500751991,,,,,,,Kavango West,Kapako
way/1500751993,,,,,,,Kavango West,Kapako
way/1500751992,,,,,,,Kavango West,Kapako
way/1500751994,,,,,,,Kavango West,Kapako
way/1500751995,,,,,,,Kavango West,Kapako
way/1500751987,,,,,,,Kavango West,Kapako
way/1500752034,,,,,,,Kavango West,Kapako
way/1500752033,,,,,,,Kavango West,Kapako
way/1500752035,,,,,,,Kavango West,Kapako
way/1500752036,,,,,,,Kavango West,Kapako
way/1500752038,,,,,,,Kavango West,Kapako
way/1500752037,,,,,,,Kavango West,Kapako
way/1500752039,,,,,,,Kavango West,Kapako
way/1500752023,,,,,,,Kavango West,Kapako
way/1500752032,,,,,,,Kavango West,Kapako
way/1500752031,,,,,,,Kavango West,Kapako
way/1500752029,,,,,,,Kavango West,Kapako
way/1500752030,,,,,,,Kavango West,Kapako
way/1500752027,,,,,,,Kavango West,Kapako
way/1500752028,,,,,,,Kavango West,Kapako
way/1500752022,,,,,,,Kavango West,Kapako
way/1500752021,,,,,,,Kavango West,Kapako
way/1500752016,,,,,,,Kavango West,Kapako
way/1500752020,,,,,,,Kavango West,Kapako
way/1500752019,,,,,,,Kavango West,Kapako
way/1500752018,,,,,,,Kavango West,Kapako
way/1500752017,,,,,,,Kavango West,Kapako
way/1500752010,,,,,,,Kavango West,Kapako
way/1500752007,,,,,,,Kavango West,Kapako
way/1500752009,,,,,,,Kavango West,Kapako
way/1500752015,,,,,,,Kavango West,Kapako
way/1500752014,,,,,,,Kavango West,Kapako
way/1500752013,,,,,,,Kavango West,Kapako
way/1500752011,,,,,,,Kavango West,Kapako
way/1500752012,,,,,,,Kavango West,Kapako
way/1500752008,,,,,,,Kavango West,Kapako
way/1500752006,,,,,,,Kavango West,Kapako
way/1500752004,,,,,,,Kavango West,Kapako
way/1500751920,,,,,,,Kavango West,Kapako
way/1500751919,,,,,,,Kavango West,Kapako
way/1500751916,,,,,,,Kavango West,Kapako
way/1500751914,,,,,,,Kavango West,Kapako
way/1500751915,,,,,,,Kavango West,Kapako
way/1500751904,,,,,,,Kavango West,Kapako
way/1500751905,,,,,,,Kavango West,Kapako
way/1500751897,,,,,,,Kavango West,Kapako
way/1500751906,,,,,,,Kavango West,Kapako
way/1500751918,,,,,,,Kavango West,Kapako
way/1500751917,,,,,,,Kavango West,Kapako
way/1500751923,,,,,,,Kavango West,Kapako
way/1500751925,,,,,,,Kavango West,Kapako
way/1500751924,,,,,,,Kavango West,Kapako
way/1500751922,,,,,,,Kavango West,Kapako
way/1500751921,,,,,,,Kavango West,Kapako
way/1500751926,,,,,,,Kavango West,Kapako
way/1500751927,,,,,,,Kavango West,Kapako
way/1500751928,,,,,,,Kavango West,Kapako
way/1500751999,,,,,,,Kavango West,Kapako
way/1500751980,,,,,,,Kavango West,Kapako
way/1500751977,,,,,,,Kavango West,Kapako
way/1500751966,,,,,,,Kavango West,Kapako
way/1500751965,,,,,,,Kavango West,Kapako
way/1500751976,,,,,,,Kavango West,Kapako
way/1500751975,,,,,,,Kavango West,Kapako
way/1500751969,,,,,,,Kavango West,Kapako
way/1500751971,,,,,,,Kavango West,Kapako
way/1500751970,,,,,,,Kavango West,Kapako
way/1500751961,,,,,,,Kavango West,Kapako
way/1500751960,,,,,,,Kavango West,Kapako
way/1500751967,,,,,,,Kavango West,Kapako
way/1500751968,,,,,,,Kavango West,Kapako
way/1500751963,,,,,,,Kavango West,Kapako
way/1500751957,,,,,,,Kavango West,Kapako
way/1500751962,,,,,,,Kavango West,Kapako
way/1500751959,,,,,,,Kavango West,Kapako
way/1500751953,,,,,,,Kavango West,Kapako
way/1500751954,,,,,,,Kavango West,Kapako
way/1500751955,,,,,,,Kavango West,Kapako
way/1500751881,,,,,,,Kavango West,Kapako
way/1500751882,,,,,,,Kavango West,Kapako
way/1500751885,,,,,,,Kavango West,Kapako
way/1500751884,,,,,,,Kavango West,Kapako
way/1500751964,,,,,,,Kavango West,Kapako
way/1500751883,,,,,,,Kavango West,Kapako
way/1500751889,,,,,,,Kavango West,Kapako
way/1500751887,,,,,,,Kavango West,Kapako
way/1500751886,,,,,,,Kavango West,Kapako
way/1500751878,,,,,,,Kavango West,Kapako
way/1500751879,,,,,,,Kavango West,Kapako
way/1500751880,,,,,,,Kavango West,Kapako
way/1500751877,,,,,,,Kavango West,Kapako
way/1500751876,,,,,,,Kavango West,Kapako
way/1500751873,,,,,,,Kavango West,Kapako
way/1500751872,,,,,,,Kavango West,Kapako
way/1500751952,,,,,,,Kavango West,Kapako
way/1500751870,,,,,,,Kavango West,Kapako
way/1500751871,,,,,,,Kavango West,Kapako
way/1500751869,,,,,,,Kavango West,Kapako
way/1500751874,,,,,,,Kavango West,Kapako
way/1500751875,,,,,,,Kavango West,Kapako
way/1500751895,,,,,,,Kavango West,Kapako
way/1500751896,,,,,,,Kavango West,Kapako
way/1500751902,,,,,,,Kavango West,Kapako
way/1500751903,,,,,,,Kavango West,Kapako
way/1500751901,,,,,,,Kavango West,Kapako
way/1500751894,,,,,,,Kavango West,Kapako
way/1500751900,,,,,,,Kavango West,Kapako
way/1500751899,,,,,,,Kavango West,Kapako
way/1500751898,,,,,,,Kavango West,Kapako
way/1217522495,,,,,,,Kavango West,Kapako
way/1500787140,,,,,,,Kavango West,Kapako
way/1500752024,,,,,,,Kavango West,Kapako
way/1500752026,,,,,,,Kavango West,Kapako
way/1500752025,,,,,,,Kavango West,Kapako
way/1500752041,,,,,,,Kavango West,Kapako
way/1500752040,,,,,,,Kavango West,Kapako
way/1500752042,,,,,,,Kavango West,Kapako
way/1500752043,,,,,,,Kavango West,Kapako
way/1500752044,,,,,,,Kavango West,Kapako
way/1500787141,,,,,,,Kavango West,Kapako
way/1500752054,,,,,,,Kavango West,Kapako
way/1500752053,,,,,,,Kavango West,Kapako
way/1500752055,,,,,,,Kavango West,Kapako
way/1500752052,,,,,,,Kavango West,Kapako
way/1500752051,,,,,,,Kavango West,Kapako
way/1500752046,,,,,,,Kavango West,Kapako
way/1500752045,,,,,,,Kavango West,Kapako
way/1500751996,,,,,,,Kavango West,Kapako
way/1500752050,,,,,,,Kavango West,Kapako
way/1500752049,,,,,,,Kavango West,Kapako
way/1500752047,,,,,,,Kavango West,Kapako
way/1500752048,,,,,,,Kavango West,Kapako
way/1500752056,,,,,,,Kavango West,Kapako
way/1500752058,,,,,,,Kavango West,Kapako
way/1500752057,,,,,,,Kavango West,Kapako
way/1500752059,,,,,,,Kavango West,Kapako
way/1500787139,,,,,,,Kavango West,Kapako
way/1500787142,Kasava Refugee Camp,,,,,,Kavango West,Kapako
way/1500787136,,,,,,,Kavango West,Kapako
way/1500787137,,,,,,,Kavango West,Kapako
way/1500787138,,,,,,,Kavango West,Kapako
way/1500787145,,,,,,,Kavango West,Kahenge
way/1500751820,,,,,,,Kavango West,Kahenge
way/1500751819,,,,,,,Kavango West,Kahenge
way/1500751818,,,,,,,Kavango West,Kahenge
way/1500751810,,,,,,,Kavango West,Kahenge
way/1500751809,,,,,,,Kavango West,Kahenge
way/1500751786,,,,,,,Kavango West,Kahenge
way/1500751787,,,,,,,Kavango West,Kahenge
way/1500751788,,,,,,,Kavango West,Kahenge
way/1500751789,,,,,,,Kavango West,Kahenge
way/1500751793,,,,,,,Kavango West,Kahenge
way/1500751790,,,,,,,Kavango West,Kahenge
way/1500751791,,,,,,,Kavango West,Kahenge
way/1500751792,,,,,,,Kavango West,Kahenge
way/1500751805,,,,,,,Kavango West,Kahenge
way/1500751808,,,,,,,Kavango West,Kahenge
way/1318512868,,,,,,,Kavango West,Kahenge
way/1500751806,,,,,,,Kavango West,Kahenge
way/1500751807,,,,,,,Kavango West,Kahenge
way/1500751636,,,,,,,Kavango West,Kahenge
way/1500751629,,,,,,,Kavango West,Kahenge
way/1500751630,,,,,,,Kavango West,Kahenge
way/1500751627,,,,,,,Kavango West,Kahenge
way/1500751628,,,,,,,Kavango West,Kahenge
way/1500751795,,,,,,,Kavango West,Kahenge
way/1500751794,,,,,,,Kavango West,Kahenge
way/1318512867,,,,,,,Kavango West,Kahenge
way/1500751783,,,,,,,Kavango West,Kahenge
way/1500751785,,,,,,,Kavango West,Kahenge
way/1500751784,,,,,,,Kavango West,Kahenge
way/1500751778,,,,,,,Kavango West,Kahenge
way/1500751779,,,,,,,Kavango West,Kahenge
way/1500751781,,,,,,,Kavango West,Kahenge
way/1500751750,,,,,,,Kavango West,Kahenge
way/1500751749,,,,,,,Kavango West,Kahenge
way/1500751782,,,,,,,Kavango West,Kahenge
way/1500751631,,,,,,,Kavango West,Kahenge
way/1500751632,,,,,,,Kavango West,Kahenge
way/1500751635,,,,,,,Kavango West,Kahenge
way/1500751634,,,,,,,Kavango West,Kahenge
way/1500751637,,,,,,,Kavango West,Kahenge
way/1500751638,,,,,,,Kavango West,Kahenge
way/1500751633,,,,,,,Kavango West,Kahenge
way/1500751639,,,,,,,Kavango West,Kahenge
way/1500751640,,,,,,,Kavango West,Kahenge
way/1500751747,,,,,,,Kavango West,Kahenge
way/1500751748,,,,,,,Kavango West,Kahenge
way/1500751751,,,,,,,Kavango West,Kahenge
way/1500751746,,,,,,,Kavango West,Kahenge
way/1500751745,,,,,,,Kavango West,Kahenge
way/1500751744,,,,,,,Kavango West,Kahenge
way/1500751694,,,,,,,Kavango West,Kahenge
way/1500751718,,,,,,,Kavango West,Kahenge
way/1500751716,,,,,,,Kavango West,Kahenge
way/1500751753,,,,,,,Kavango West,Kahenge
way/1500751717,,,,,,,Kavango West,Kahenge
way/1500751755,,,,,,,Kavango West,Kahenge
way/1500751756,,,,,,,Kavango West,Kahenge
way/1500751754,,,,,,,Kavango West,Kahenge
way/1500751780,,,,,,,Kavango West,Kahenge
way/1500751776,,,,,,,Kavango West,Kahenge
way/1500751775,,,,,,,Kavango West,Kahenge
way/1500751757,,,,,,,Kavango West,Kahenge
way/1500751758,,,,,,,Kavango West,Kahenge
way/1500751765,,,,,,,Kavango West,Kahenge
way/1500751771,,,,,,,Kavango West,Kahenge
way/1500751770,,,,,,,Kavango West,Kahenge
way/1500751772,,,,,,,Kavango West,Kahenge
way/1500751773,,,,,,,Kavango West,Kahenge
way/1500751774,,,,,,,Kavango West,Kahenge
way/1500751759,,,,,,,Kavango West,Kahenge
way/1500751777,,,,,,,Kavango West,Kahenge
way/1500751766,,,,,,,Kavango West,Kahenge
way/1500751768,,,,,,,Kavango West,Kahenge
way/1500751769,,,,,,,Kavango West,Kahenge
way/1500751767,,,,,,,Kavango West,Kahenge
way/1500751763,,,,,,,Kavango West,Kahenge
way/1500751764,,,,,,,Kavango West,Kahenge
way/1500751760,,,,,,,Kavango West,Kahenge
way/1500751761,,,,,,,Kavango West,Kahenge
way/1500751713,,,,,,,Kavango West,Kahenge
way/1500751762,,,,,,,Kavango West,Kahenge
way/1500751714,,,,,,,Kavango West,Kahenge
way/1500751700,,,,,,,Kavango West,Kahenge
way/1500751701,,,,,,,Kavango West,Kahenge
way/1500751681,,,,,,,Kavango West,Kahenge
way/1500751720,,,,,,,Kavango West,Kahenge
way/1500751719,,,,,,,Kavango West,Kahenge
way/1500751698,,,,,,,Kavango West,Kahenge
way/1500751697,,,,,,,Kavango West,Kahenge
way/1500751703,,,,,,,Kavango West,Kahenge
way/1500751704,,,,,,,Kavango West,Kahenge
way/1500751699,,,,,,,Kavango West,Kahenge
way/1500751691,,,,,,,Kavango West,Kahenge
way/1500751705,,,,,,,Kavango West,Kahenge
way/1500751712,,,,,,,Kavango West,Kahenge
way/1500751706,,,,,,,Kavango West,Kahenge
way/1500751711,,,,,,,Kavango West,Kahenge
way/1500751707,,,,,,,Kavango West,Kahenge
way/1500751708,,,,,,,Kavango West,Kahenge
way/1500751710,,,,,,,Kavango West,Kahenge
way/1500751709,,,,,,,Kavango West,Kahenge
way/1500751690,,,,,,,Kavango West,Kahenge
way/1500751689,,,,,,,Kavango West,Kahenge
way/1500751715,,,,,,,Kavango West,Kahenge
way/1500751688,,,,,,,Kavango West,Kahenge
way/1500751695,,,,,,,Kavango West,Kahenge
way/1500751692,,,,,,,Kavango West,Kahenge
way/1500751696,,,,,,,Kavango West,Kahenge
way/1500751721,,,,,,,Kavango West,Kahenge
way/1500751722,,,,,,,Kavango West,Kahenge
way/1500751693,,,,,,,Kavango West,Kahenge
way/1500751686,,,,,,,Kavango West,Kahenge
way/1500751736,,,,,,,Kavango West,Kahenge
way/1500751687,,,,,,,Kavango West,Kahenge
way/1500751723,,,,,,,Kavango West,Kahenge
way/1500751730,,,,,,,Kavango West,Kahenge
way/1500751731,,,,,,,Kavango West,Kahenge
way/1500751737,,,,,,,Kavango West,Kahenge
way/1500751734,,,,,,,Kavango West,Kahenge
way/1500751735,,,,,,,Kavango West,Kahenge
way/1500751685,,,,,,,Kavango West,Kahenge
way/1500751725,,,,,,,Kavango West,Kahenge
way/1500751729,,,,,,,Kavango West,Kahenge
way/1500751728,,,,,,,Kavango West,Kahenge
way/1500751726,,,,,,,Kavango West,Kahenge
way/1500751724,,,,,,,Kavango West,Kahenge
way/1500751727,,,,,,,Kavango West,Kahenge
way/1500751683,,,,,,,Kavango West,Kahenge
way/1500751684,,,,,,,Kavango West,Kahenge
way/1500751682,,,,,,,Kavango West,Kahenge
way/1500751680,,,,,,,Kavango West,Kahenge
way/1500751661,,,,,,,Kavango West,Kahenge
way/1500751678,,,,,,,Kavango West,Kahenge
way/1500751679,,,,,,,Kavango West,Kahenge
way/1500751738,,,,,,,Kavango West,Kahenge
way/1500751740,,,,,,,Kavango West,Kahenge
way/1500751743,,,,,,,Kavango West,Kahenge
way/1500751739,,,,,,,Kavango West,Kahenge
way/1500751741,,,,,,,Kavango West,Kahenge
way/1500751654,,,,,,,Kavango West,Kahenge
way/1500751655,,,,,,,Kavango West,Kahenge
way/1500751659,,,,,,,Kavango West,Kahenge
way/1500751662,,,,,,,Kavango West,Kahenge
way/1500751660,,,,,,,Kavango West,Kahenge
way/1500751652,,,,,,,Kavango West,Kahenge
way/1500751657,,,,,,,Kavango West,Kahenge
way/1500751656,,,,,,,Kavango West,Kahenge
way/1500751653,,,,,,,Kavango West,Kahenge
way/1500751641,,,,,,,Kavango West,Kahenge
way/1500751643,,,,,,,Kavango West,Kahenge
way/1500751651,,,,,,,Kavango West,Kahenge
way/1500751645,,,,,,,Kavango West,Kahenge
way/1500751644,,,,,,,Kavango West,Kahenge
way/1500751642,,,,,,,Kavango West,Kahenge
way/1500751650,,,,,,,Kavango West,Kahenge
way/1500751649,,,,,,,Kavango West,Kahenge
way/1500751647,,,,,,,Kavango West,Kahenge
way/1500751646,,,,,,,Kavango West,Kahenge
way/1500751648,,,,,,,Kavango West,Kahenge
way/1500787153,,,,,,,Kavango West,Kahenge
way/1329121440,,,,,,,Kavango West,Kahenge
way/1500787154,,,,,,,Kavango West,Kahenge
way/1500787157,,,,,,,Kavango West,Kahenge
way/1500787158,,,,,,,Kavango West,Kahenge
way/1500787159,,,,,,,Kavango West,Kahenge
node/3211242911,Satotwa,,village,,,,Kavango West,Kahenge
way/1500787151,,,,,,,Kavango West,Kahenge
way/1500787152,,,,,,,Kavango West,Kahenge
way/1456652018,,,,,,,Kavango West,Kahenge
way/1456652020,,,,,,,Kavango West,Kahenge
way/1500787161,,,,,,,Kavango West,Kahenge
way/1500787160,,,,,,,Kavango West,Kahenge
way/1500787162,,,,,,,Kavango West,Kahenge
way/1456652032,,,,,,,Kavango West,Kahenge
way/1456652034,,,,,,,Kavango West,Kahenge
way/1456652033,,,,,,,Kavango West,Kahenge
way/1500787155,,,,,,,Kavango West,Kahenge
way/1500787156,,,,,,,Kavango West,Kahenge
node/2365756142,Mburu-uru,,village,,,,Kavango West,Kahenge
node/2355277678,Tondoro,,village,,,,Kavango West,Kahenge
node/2365748699,Marema,,hamlet,,,,Kavango West,Kahenge
node/2355277674,Nankudu,,village,,,,Kavango West,Kahenge
way/570526681,Kahenge,,,,,,Kavango West,Kahenge
relation/19723494,,,,,,,Kavango West,Mpungu
way/1442935629,Nkurenkuru Mission,,,,,,Kavango West,Mpungu
way/1442935630,,,,,,,Kavango West,Mpungu
node/1362628219,Nkurenkuru,,town,618,,,Kavango West,Mpungu
way/226414818,,,,,,,Kavango West,Mpungu
way/1049691867,Kakuro,,,,,,Kavango West,Mpungu
way/226414819,,,,,,,Kavango West,Mpungu
way/1442924842,,,,,,,Kavango West,Mpungu
way/296889497,,,,,,,Kavango East,Mukwe
node/5485064694,Bagani,,village,2000,,,Kavango East,Mukwe
way/523260557,Mutjiku,,,,,,Kavango East,Mukwe
way/318301626,,,,,,,Kavango East,Mukwe
way/318381645,,,,,,,Kavango East,Mukwe
way/318299960,,,,,,,Kavango East,Mukwe
way/808443226,,,,,,,Kavango East,Mukwe
way/318306504,,,,,,,Kavango East,Mukwe
way/318306505,,,,,,,Kavango East,Mukwe
way/318394852,,,,,,,Kavango East,Mukwe
way/318287246,,,,,,,Kavango East,Mukwe
way/318287247,,,,,,,Kavango East,Mukwe
node/532157357,Divundu,,town,5430,,,Kavango East,Mukwe
way/318018536,,,,,,,Kavango East,Mukwe
way/318276961,,,,,,,Kavango East,Mukwe
way/318276960,,,,,,,Kavango East,Mukwe
way/318276963,,,,,,,Kavango East,Mukwe
way/907494710,,,,,,,Kavango East,Mukwe
way/318024258,,,,,,,Kavango East,Mukwe
way/318024254,,,,,,,Kavango East,Mukwe
way/318024256,,,,,,,Kavango East,Mukwe
way/318024251,,,,,,,Kavango East,Mukwe
way/318024257,,,,,,,Kavango East,Mukwe
way/318024263,,,,,,,Kavango East,Mukwe
way/318024262,,,,,,,Kavango East,Mukwe
way/907494711,,,,,,,Kavango East,Mukwe
way/318024260,,,,,,,Kavango East,Mukwe
way/318024261,,,,,,,Kavango East,Mukwe
way/318024255,,,,,,,Kavango East,Mukwe
way/318024252,,,,,,,Kavango East,Mukwe
way/318024253,,,,,,,Kavango East,Mukwe
way/318120312,,,,,,,Kavango East,Mukwe
way/318024259,,,,,,,Kavango East,Mukwe
way/1244079628,,,,,,,Kavango East,Mukwe
node/5316560022,Kanorombwe,,village,,,,Kavango East,Mukwe
node/5316560021,Ndongo,,village,,,,Kavango East,Mukwe
way/1244067638,,,,,,,Kavango East,Mukwe
way/360397956,,,,,,,Kavango East,Mukwe
node/11575216642,Kamutjonga,,village,,,,Kavango East,Mukwe
way/362732123,Rangercamp,,,,,,Kavango East,Mukwe
way/525130902,,,,,,,Kavango East,Mukwe
way/565759615,Tapautha,,,,,,Kavango East,Mukwe
way/707917746,Dimwagha,,,,,,Kavango East,Mukwe
node/9258533970,Kangundja,,hamlet,,,,Kavango East,Mukwe
way/1244228024,Shamaturu,,,,,,Kavango East,Mukwe
node/9258533976,Divayi,,village,,,,Kavango East,Mukwe
node/9258533977,Dithimba,,village,,,,Kavango East,Mukwe
node/9258533975,Shakashi,,hamlet,,,,Kavango East,Mukwe
node/9258533974,Mukongotji,,hamlet,,,,Kavango East,Mukwe
node/9258533973,Shayirungu,,hamlet,,,,Kavango East,Mukwe
way/1245124118,Havo,,,,,,Kavango East,Mukwe
node/9258533972,Muthinduko,,village,,,,Kavango East,Mukwe
way/1244228023,,,,,,,Kavango East,Mukwe
node/9258533969,Kavitji,,hamlet,,,,Kavango East,Mukwe
way/318299961,,,,,,,Kavango East,Mukwe
node/5317879348,Andara,,village,,,,Kavango East,Mukwe
node/5317938288,Diyana,,village,,,,Kavango East,Mukwe
way/570534742,,,,,,,Kavango East,Mukwe
node/5317961027,Kangongo,,village,,,,Kavango East,Mukwe
node/5317961097,Tjova,,village,,,,Kavango East,Mukwe
node/6372840215,Kambimba,,hamlet,,,,Kavango East,Mukwe
node/6372840216,Korokosha,,hamlet,,,,Kavango East,Mukwe
way/1244622541,Cwa,,,,,,Kavango East,Ndiyona
way/296888401,Cakuma,,,,,,Kavango East,Ndiyona
node/5319619310,Shinyungwe,,village,,,,Kavango East,Ndiyona
node/5319627647,Livuyu,,village,,,,Kavango East,Ndiyona
node/5317961100,Korokoko,,village,,,,Kavango East,Ndiyona
node/5317961099,Mukuvi,,village,,,,Kavango East,Ndiyona
way/522699765,Ndiyona,,,,,,Kavango East,Ndiyona
node/5319617293,Namu,,hamlet,,,,Kavango East,Mashare
node/3567047780,Koro,,hamlet,,,,Kavango East,Mashare
way/1006724544,,,,,,,Kavango East,Ndiyona
way/1006724547,,,,,,,Kavango East,Ndiyona
way/1006724546,,,,,,,Kavango East,Ndiyona
way/1006724543,,,,,,,Kavango East,Ndiyona
way/1006724545,,,,,,,Kavango East,Ndiyona
way/1006724555,,,,,,,Kavango East,Ndiyona
way/1006724557,,,,,,,Kavango East,Ndiyona
way/1006724556,,,,,,,Kavango East,Ndiyona
way/1006724554,,,,,,,Kavango East,Ndiyona
way/1006724553,,,,,,,Kavango East,Ndiyona
way/1006724551,,,,,,,Kavango East,Ndiyona
way/1006724552,,,,,,,Kavango East,Ndiyona
way/1006724550,,,,,,,Kavango East,Ndiyona
way/1006724548,,,,,,,Kavango East,Ndiyona
way/1006724549,,,,,,,Kavango East,Ndiyona
way/1006724537,,,,,,,Kavango East,Ndiyona
way/1006724542,,,,,,,Kavango East,Ndiyona
way/1006724540,,,,,,,Kavango East,Ndiyona
way/1006724541,,,,,,,Kavango East,Ndiyona
way/1006724538,,,,,,,Kavango East,Ndiyona
way/1006724539,,,,,,,Kavango East,Ndiyona
way/1006264630,,,,,,,Kavango East,Ndiyona
way/1006724536,,,,,,,Kavango East,Ndiyona
way/1006724535,,,,,,,Kavango East,Ndiyona
way/1006724532,,,,,,,Kavango East,Ndiyona
way/1006724531,,,,,,,Kavango East,Ndiyona
way/1006724533,,,,,,,Kavango East,Ndiyona
way/1006724534,,,,,,,Kavango East,Ndiyona
way/1006264724,,,,,,,Kavango East,Ndiyona
way/1006264722,,,,,,,Kavango East,Ndiyona
way/1006264634,,,,,,,Kavango East,Ndiyona
way/1006264632,,,,,,,Kavango East,Ndiyona
way/1006724530,,,,,,,Kavango East,Ndiyona
way/1006264633,,,,,,,Kavango East,Ndiyona
way/1006264635,,,,,,,Kavango East,Ndiyona
node/9284080162,Tara-Tara,,hamlet,,,,Kavango East,Mashare
way/1006264721,,,,,,,Kavango East,Ndiyona
way/1002280100,,,,,,,Kavango East,Mashare
way/1002280095,,,,,,,Kavango East,Mashare
way/1002280057,,,,,,,Kavango East,Ndiyona
way/1002280070,,,,,,,Kavango East,Ndiyona
way/667097983,Khaudum Rangers Station,,,,,,Kavango East,Ndiyona
way/666585964,,,,,,,Kavango East,Ndiyona
node/6371072348,Ncame,,hamlet,,,,Kavango East,Ndiyona
way/657706372,,,,,,,Kavango East,Ndiyona
way/657706377,,,,,,,Kavango East,Ndiyona
way/380299576,Kandjara,,,,,,Kavango East,Ndiyona
way/380299575,,,,,,,Kavango East,Ndiyona
node/6371072349,Shipakapaku,,hamlet,,,,Kavango East,Ndiyona
node/9258533980,Shambahe,,hamlet,,,,Kavango East,Ndiyona
way/296887893,,,,,,,Kavango East,Ndiyona
node/9258533979,Dosa,,hamlet,,,,Kavango East,Ndiyona
node/6371072350,Dumushi,,hamlet,,,,Kavango East,Ndiyona
way/380299577,,,,,,,Kavango East,Ndiyona
way/296888505,Shamburu,,,,,,Kavango East,Ndiyona
way/296886797,Livayi,,,,,,Kavango East,Ndiyona
node/11569571528,,,hamlet,,,,Kavango East,Mukwe
way/380283464,,,,,,,Kavango East,Ndiyona
way/380283454,,,,,,,Kavango East,Ndiyona
way/1002280043,,,,,,,Kavango East,Mashare
way/1002280105,,,,,,,Kavango East,Mashare
way/1002280111,,,,,,,Kavango East,Mashare
way/422836557,Tco|ana,,,,,,Otjozondjupa,Tsumkwe
way/435948101,,,,,,,Otjozondjupa,Tsumkwe
way/435948044,≠'Otcaqkxai,,village,,,,Otjozondjupa,Tsumkwe
node/4292864010,≠'Otcaqkxai,,village,,,,Otjozondjupa,Tsumkwe
way/666505144,,,,,,,Otjozondjupa,Tsumkwe
way/670080556,Ranger Station,,,,,,Kavango East,Ndiyona
way/955975959,,,,,,,Zambezi,Linyanti
way/955495300,,,,,,,Zambezi,Linyanti
way/955495299,,,,,,,Zambezi,Linyanti
node/8847681263,Sauzuo,,hamlet,,,,Zambezi,Linyanti
way/955495298,,,,,,,Zambezi,Linyanti
way/955495297,Sauzuo Combined School,,,,,,Zambezi,Linyanti
way/955495302,,,,,,,Zambezi,Linyanti
way/955495301,,,,,,,Zambezi,Linyanti
node/8843352561,Nongozi,,hamlet,,,,Zambezi,Linyanti
way/955431782,,,,,,,Zambezi,Linyanti
way/955497432,,,,,,,Zambezi,Linyanti
way/955497430,,,,,,,Zambezi,Linyanti
way/955497431,,,,,,,Zambezi,Linyanti
way/955431783,,,,,,,Zambezi,Linyanti
node/2283080000,Sangwali,,village,,,,Zambezi,Linyanti
way/955811343,,,,,,,Zambezi,Linyanti
way/955495295,,,,,,,Zambezi,Linyanti
way/955495296,,,,,,,Zambezi,Linyanti
node/7206361738,Lyanshulu,,hamlet,,,,Zambezi,Linyanti
way/771923760,,,,,,,Zambezi,Linyanti
way/955809799,,,,,,,Zambezi,Linyanti
way/955495294,,,,,,,Zambezi,Linyanti
node/7206362097,,,isolated_dwelling,,,,Zambezi,Linyanti
node/311390770,Nakatwa,,village,,,,Zambezi,Linyanti
way/621781723,,,,,,,Zambezi,Linyanti
way/822556462,,,,,,,Zambezi,Linyanti
way/955584619,baytown square,,,,,,Zambezi,Linyanti
way/463880526,Kangongo,,,,,,Zambezi,Linyanti
way/955584618,Lizauli,,,,,,Zambezi,Linyanti
node/9685399788,Kalomo,,hamlet,,,,Zambezi,Linyanti
way/955912723,Sachona,,village,,,,Zambezi,Linyanti
way/955584745,,,,,,,Zambezi,Linyanti
way/955584616,,,,,,,Zambezi,Linyanti
way/955584617,,,,,,,Zambezi,Linyanti
way/952799419,,,,,,,Zambezi,Linyanti
way/1303844095,,,,,,,Zambezi,Linyanti
way/1303844096,,,,,,,Zambezi,Linyanti
way/1303844091,,,,,,,Zambezi,Linyanti
way/1303844094,,,,,,,Zambezi,Linyanti
way/1303844079,,,,,,,Zambezi,Linyanti
way/1303844077,,,,,,,Zambezi,Linyanti
way/1303844078,,,,,,,Zambezi,Linyanti
way/1303844080,,,,,,,Zambezi,Linyanti
way/1303844081,,,,,,,Zambezi,Linyanti
way/1303844072,,,,,,,Zambezi,Linyanti
way/1303844073,,,,,,,Zambezi,Linyanti
way/1303844075,,,,,,,Zambezi,Linyanti
way/1303844083,,,,,,,Zambezi,Linyanti
way/1303844082,,,,,,,Zambezi,Linyanti
node/9545922257,Lubuta,,village,,,,Zambezi,Linyanti
way/1303844076,,,,,,,Zambezi,Linyanti
way/1303844084,,,,,,,Zambezi,Linyanti
way/1303844085,,,,,,,Zambezi,Linyanti
way/1303844090,,,,,,,Zambezi,Linyanti
way/1303844089,,,,,,,Zambezi,Linyanti
way/1303844074,,,,,,,Zambezi,Linyanti
way/1303844064,,,,,,,Zambezi,Linyanti
way/1303844063,,,,,,,Zambezi,Linyanti
way/1303844065,,,,,,,Zambezi,Linyanti
way/1303844062,,,,,,,Zambezi,Linyanti
way/1303844061,,,,,,,Zambezi,Linyanti
way/1303844066,,,,,,,Zambezi,Linyanti
way/1303844068,,,,,,,Zambezi,Linyanti
way/1303844067,,,,,,,Zambezi,Linyanti
way/1303844069,,,,,,,Zambezi,Linyanti
way/1303844070,,,,,,,Zambezi,Linyanti
way/1303844071,,,,,,,Zambezi,Linyanti
way/1303844060,,,,,,,Zambezi,Linyanti
way/957036240,Mabanga,,,,,,Zambezi,Linyanti
way/957036242,,,,,,,Zambezi,Kongola
way/1032007493,,,,,,,Zambezi,Kongola
way/1032007494,,,,,,,Zambezi,Kongola
way/1032007495,,,,,,,Zambezi,Kongola
relation/16606494,Mbomande,,,,,,Zambezi,Kongola
way/1032007485,,,,,,,Zambezi,Kongola
way/1032007486,Lusabe,,,,,,Zambezi,Kongola
way/1032007497,Kalubi,,,,,,Zambezi,Kongola
way/1032007496,,,,,,,Zambezi,Kongola
way/1032007498,Malengalenga,,,,,,Zambezi,Kongola
way/577854859,Lisehelo,,,,,,Zambezi,Linyanti
node/262148819,Kongola,,village,,,,Zambezi,Kongola
way/955581161,,,,,,,Zambezi,Kongola
way/1032007478,Liyoyelo,,,,,,Zambezi,Kongola
way/822556466,,,,,,,Zambezi,Linyanti
way/822556468,,,,,,,Zambezi,Linyanti
way/618282870,,,,,,,Zambezi,Linyanti
way/955581453,,,,,,,Zambezi,Linyanti
way/619092819,,,,,,,Zambezi,Linyanti
way/618282872,,,,,,,Zambezi,Linyanti
way/822556467,,,,,,,Zambezi,Linyanti
way/618711570,,,,,,,Zambezi,Linyanti
way/618711568,,,,,,,Zambezi,Linyanti
way/618711567,,,,,,,Zambezi,Linyanti
way/618711571,,,,,,,Zambezi,Linyanti
way/618711569,,,,,,,Zambezi,Linyanti
way/931365866,,,,,,,Zambezi,Linyanti
way/822556465,,,,,,,Zambezi,Linyanti
way/822556464,,,,,,,Zambezi,Linyanti
way/619930411,,,,,,,Zambezi,Kongola
way/955580490,Staff Houses,,village,,,,Zambezi,Kongola
way/974813475,,,,,,,Zambezi,Kongola
node/3195543776,Omega III,,hamlet,,,,Zambezi,Kongola
way/577853232,,,,,,,Zambezi,Kongola
node/4973153922,Masambo,,hamlet,,,,Zambezi,Kongola
way/621439896,,,,,,,Zambezi,Kongola
way/621439898,,,,,,,Zambezi,Kongola
way/621439897,,,,,,,Zambezi,Kongola
node/4973891079,Kacenje,,hamlet,,,,Zambezi,Kongola
node/3195543775,Chetto,,hamlet,,,,Zambezi,Kongola
way/331862392,,,,,,,Kavango East,Mukwe
node/3195543777,Omega,,village,,,,Kavango East,Mukwe
way/1032007484,,,,,,,Zambezi,Kongola
way/1032007483,,,,,,,Zambezi,Kongola
way/1032007474,,,,,,,Zambezi,Kongola
relation/16606495,Ngo,,,,,,Zambezi,Kongola
way/1032007476,Sikaunga,,,,,,Zambezi,Kongola
way/1386014894,,,,,,,Zambezi,Kongola
way/1032007479,,,,,,,Zambezi,Kongola
way/1386014893,,,,,,,Zambezi,Kongola
way/1032007480,Makasa,,,,,,Zambezi,Kongola
relation/13874717,Sambe,,,,,,Zambezi,Kongola
way/1032007468,,,,,,,Zambezi,Kongola
way/1032007466,,,,,,,Zambezi,Kongola
way/1032007462,,,,,,,Zambezi,Kongola
way/1032007463,,,,,,,Zambezi,Kongola
way/1032007464,Muchimbami,,,,,,Zambezi,Kongola
way/1032007465,,,,,,,Zambezi,Kongola
way/1032007467,,,,,,,Zambezi,Kongola
way/1032007469,,,,,,,Zambezi,Kongola
way/1032007470,Mawizyu,,,,,,Zambezi,Kongola
way/1032007471,,,,,,,Zambezi,Kongola
way/1032007472,,,,,,,Zambezi,Kongola
way/249062361,,,,,,,Zambezi,Kongola
way/1032007459,,,,,,,Zambezi,Kongola
way/1032007458,,,,,,,Zambezi,Kongola
way/1032007460,,,,,,,Zambezi,Kongola
way/1032007461,,,,,,,Zambezi,Kongola
way/1032007454,,,,,,,Zambezi,Kongola
way/1032007455,,,,,,,Zambezi,Kongola
way/1032007453,Lisabelo,,,,,,Zambezi,Kongola
way/1032007446,,,,,,,Zambezi,Kongola
way/1032007444,,,,,,,Zambezi,Kongola
way/1032007445,,,,,,,Zambezi,Kongola
way/1032007449,,,,,,,Zambezi,Kongola
way/1032007447,,,,,,,Zambezi,Kongola
way/1032007448,,,,,,,Zambezi,Kongola
way/1032007451,,,,,,,Zambezi,Kongola
way/1032007452,Muchimbami,,,,,,Zambezi,Kongola
way/1032007443,,,,,,,Zambezi,Kongola
node/9510573831,Izwi,,isolated_dwelling,,,,Zambezi,Kongola
way/531790507,,,,,,,Zambezi,Kongola
way/531790510,,,,,,,Zambezi,Kongola
way/315471522,Nampengu,,,,,,Zambezi,Kongola
node/5321445918,Sikubi,,hamlet,,,,Zambezi,Kongola
node/5321421842,Mutombwe,,hamlet,,,,Zambezi,Sibbinda
node/3215893784,,,hamlet,,,,Zambezi,Sibbinda
node/3216015552,,,hamlet,,,,Zambezi,Kongola
node/3215893761,,,hamlet,,,,Zambezi,Sibbinda
node/3215893485,Sibuyu,,hamlet,,,,Zambezi,Sibbinda
node/3215893790,,,hamlet,,,,Zambezi,Sibbinda
node/5321446974,Sachinga,,hamlet,,,,Zambezi,Sibbinda
way/1469604670,,,,,,,Zambezi,Kongola
way/1469604671,,,,,,,Zambezi,Sibbinda
node/3194374977,Kasheshe,,village,,,,Zambezi,Sibbinda
way/384994668,Bito,,village,,,,Zambezi,Sibbinda
way/1469604667,,,,,,,Zambezi,Kongola
node/3194374976,,,village,,,,Zambezi,Kongola
way/1469604668,,,,,,,Zambezi,Kongola
way/1469604669,,,,,,,Zambezi,Kongola
way/1471763440,,,,,,,Zambezi,Sibbinda
way/1471763439,,,,,,,Zambezi,Sibbinda
node/3216076200,Mpacha,,hamlet,,,,Zambezi,Sibbinda
way/1471763438,,,,,,,Zambezi,Sibbinda
way/1471763437,,,,,,,Zambezi,Sibbinda
node/3216024852,,,hamlet,,,,Zambezi,Katima Mulilo Rural
way/1471763449,,,,,,,Zambezi,Katima Mulilo Rural
way/1471763448,,,,,,,Zambezi,Katima Mulilo Rural
way/1471763446,,,,,,,Zambezi,Katima Mulilo Rural
node/3216076222,,,hamlet,,,,Zambezi,Katima Mulilo Rural
way/1471763447,,,,,,,Zambezi,Katima Mulilo Rural
way/1471763441,,,,,,,Zambezi,Katima Mulilo Rural
node/3216076363,,,hamlet,,,,Zambezi,Katima Mulilo Rural
node/3216076447,Mubiza,,village,,,,Zambezi,Katima Mulilo Rural
relation/8492921,Kalimbeza,,,,,,Zambezi,Kabbe
way/613403282,,,,,,,Zambezi,Kabbe
way/570536000,,,,,,,Zambezi,Kabbe
node/3216076192,Lisikili,,village,,,,Zambezi,Kabbe
way/612860939,,,,,,,Zambezi,Kabbe
way/612860938,,,,,,,Zambezi,Kabbe
node/3948675724,Renduka,,hamlet,,,,Zambezi,Katima Mulilo Rural
node/3216076220,,,hamlet,,,,Zambezi,Katima Mulilo Rural
node/3216076253,,,hamlet,,,,Zambezi,Katima Mulilo Rural
way/315493179,Mafuta,,village,,,,Zambezi,Katima Mulilo Rural
node/3216076165,,,hamlet,,,,Zambezi,Katima Mulilo Rural
node/3216076223,Mukisa,,hamlet,,,,Zambezi,Katima Mulilo Rural
way/1304608802,,,,,,,Zambezi,Katima Mulilo Urban
way/1304608803,,,,,,,Zambezi,Katima Mulilo Urban
relation/17888899,Kazauli,,,,,,Zambezi,Katima Mulilo Urban
way/612196617,,,,,,,Zambezi,Kabbe
way/612196148,Sukuta,,,,,,Zambezi,Kabbe
way/612855249,,,,,,,Zambezi,Kabbe
way/612855251,,,,,,,Zambezi,Kabbe
way/612855250,,,,,,,Zambezi,Kabbe
way/612852904,,,,,,,Zambezi,Kabbe
way/612852902,,,,,,,Zambezi,Kabbe
relation/8530789,,,,,,,Zambezi,Kabbe
way/612852901,,,,,,,Zambezi,Kabbe
relation/8530787,,,,,,,Zambezi,Kabbe
node/5289059996,Namalumbi,,hamlet,,,,Zambezi,Katima Mulilo Rural
way/612852903,,,,,,,Zambezi,Kabbe
way/612860936,,,,,,,Zambezi,Kabbe
way/612860937,,,,,,,Zambezi,Kabbe
way/613674837,,,,,,,Zambezi,Kabbe
way/613674838,,,,,,,Zambezi,Kabbe
way/613619896,,,,,,,Zambezi,Kabbe
way/613648138,,,,,,,Zambezi,Kabbe
way/613648137,,,,,,,Zambezi,Kabbe
way/612472443,,,,,,,Zambezi,Kabbe
way/612468278,,,,,,,Zambezi,Kabbe
way/612817300,,,,,,,Zambezi,Kabbe
way/613623386,,,,,,,Zambezi,Kabbe
way/613623353,,,,,,,Zambezi,Kabbe
way/613623356,,,,,,,Zambezi,Kabbe
way/613620015,,,,,,,Zambezi,Kabbe
relation/8487598,,,,,,,Zambezi,Kabbe
relation/20201842,,,,,,,,
way/194605892,,,,,,,Zambezi,Katima Mulilo Urban
way/1244765054,,,,,,,Zambezi,Katima Mulilo Urban
way/194605873,,,,,,,Zambezi,Katima Mulilo Urban
relation/11760605,,,,,,,Zambezi,Katima Mulilo Urban
way/194605889,,,,,,,Zambezi,Katima Mulilo Urban
node/331410669,Katima Mulilo,,city,28362,,,Zambezi,Katima Mulilo Urban
way/249403000,Ngweze,,,,,,Zambezi,Katima Mulilo Urban
way/218250460,New Cowboy,,,,,,Zambezi,Katima Mulilo Urban
way/218392077,,,,,,,Zambezi,Katima Mulilo Urban
way/194605872,,,,,,,Zambezi,Katima Mulilo Urban
way/194605874,,,,,,,Zambezi,Katima Mulilo Urban
way/1304550598,,,,,,,Zambezi,Katima Mulilo Urban
way/194605879,Choto,,,,,,Zambezi,Katima Mulilo Urban
way/1053971310,Kabuku Village,,,,,,Zambezi,Katima Mulilo Urban
way/194605878,,,,,,,Zambezi,Katima Mulilo Urban
way/1053971311,,,,,,,Zambezi,Katima Mulilo Urban
way/1245119963,,,,,,,Zambezi,Katima Mulilo Urban
way/194605885,,,,,,,Zambezi,Katima Mulilo Urban
way/858595965,,,,,,,Zambezi,Katima Mulilo Urban
way/194605888,,,,,,,Zambezi,Katima Mulilo Urban
node/3216024835,,,hamlet,,,,Zambezi,Katima Mulilo Rural
relation/20201655,Katima,,,,,,,
way/1267126009,,,,,,,Zambezi,Kabbe
way/1267126008,,,,,,,Zambezi,Kabbe
way/1180665952,,,,,,,Zambezi,Kabbe
way/316532698,,,,,,,Zambezi,Kabbe
relation/8528304,,,,,,,Zambezi,Kabbe
way/316531195,,,,,,,Zambezi,Kabbe
way/316532701,,,,,,,Zambezi,Kabbe
way/316532700,,,,,,,Zambezi,Kabbe
way/316545745,,,,,,,Zambezi,Kabbe
way/316545747,,,,,,,Zambezi,Kabbe
way/616211471,,,,,,,Zambezi,Kabbe
node/9370443733,Nanombe,,isolated_dwelling,,,,Zambezi,Kabbe
way/616211464,,,,,,,Zambezi,Kabbe
way/316545748,,,,,,,Zambezi,Kabbe
node/5289060012,Malindi,,hamlet,,,,Zambezi,Kabbe
way/316545735,,,,,,,Zambezi,Kabbe
way/616665376,,,,,,,Zambezi,Kabbe
way/616062971,,,,,,,Zambezi,Kabbe
way/616065381,,,,,,,Zambezi,Kabbe
way/616065374,Old Isize,,,,,,Zambezi,Kabbe
way/616065376,,,,,,,Zambezi,Kabbe
node/5287268214,Sifuha,,village,,,,Zambezi,Kabbe
way/612200711,,,,,,,Zambezi,Kabbe
way/612200710,Kalundu,,,,,,Zambezi,Kabbe
relation/8492500,Isize,,,,,,Zambezi,Kabbe
way/615805655,,,,,,,Zambezi,Kabbe
way/613403285,,,,,,,Zambezi,Kabbe
way/613403284,,,,,,,Zambezi,Kabbe
way/613403286,,,,,,,Zambezi,Kabbe
way/613841122,,,,,,,Zambezi,Kabbe
way/613841127,,,,,,,Zambezi,Kabbe
way/615723075,,,,,,,Zambezi,Kabbe
way/615690105,,,,,,,Zambezi,Kabbe
way/615723090,,,,,,,Zambezi,Kabbe
way/617734822,,,,,,,Zambezi,Kabbe
way/615766111,,,,,,,Zambezi,Kabbe
way/615766108,,,,,,,Zambezi,Kabbe
way/615686878,,,,,,,Zambezi,Kabbe
way/615714723,,,,,,,Zambezi,Kabbe
relation/8518827,,,,,,,Zambezi,Kabbe
way/615686879,,,,,,,Zambezi,Katima Mulilo Rural
node/13957631259,Mwengamo,,hamlet,,,,Zambezi,Katima Mulilo Rural
way/615686880,,,,,,,Zambezi,Katima Mulilo Rural
way/346942606,,,,,,,Zambezi,Katima Mulilo Rural
way/346942618,,,,,,,Zambezi,Katima Mulilo Rural
way/346942610,,,,,,,Zambezi,Katima Mulilo Rural
way/315493182,,,,,,,Zambezi,Katima Mulilo Rural
node/3948675506,Mulion,,hamlet,,,,Zambezi,Katima Mulilo Rural
way/346942616,,,,,,,Zambezi,Katima Mulilo Rural
node/3948675501,Bukalo,,village,500,,,Zambezi,Katima Mulilo Rural
way/346942614,,,,,,,Zambezi,Kabbe
way/346942608,,,,,,,Zambezi,Kabbe
way/984377039,,,,,,,Zambezi,Kabbe
way/1315346581,,,,,,,Zambezi,Kabbe
way/615892399,,,,,,,Zambezi,Kabbe
way/1218726286,,,,,,,Zambezi,Kabbe
node/3216076238,Kabbe,,village,,,,Zambezi,Kabbe
way/1218726287,,,,,,,Zambezi,Kabbe
way/1218726288,,,,,,,Zambezi,Kabbe
way/1218808593,,,,,,,Zambezi,Kabbe
way/617735781,,,,,,,Zambezi,Kabbe
way/617116843,,,,,,,Zambezi,Kabbe
way/617736422,,,,,,,Zambezi,Kabbe
way/316532704,,,,,,,Zambezi,Kabbe
way/1242488908,,,,,,,Zambezi,Kabbe
way/616666980,,,,,,,Zambezi,Kabbe
node/1813845678,Luhonono,,village,,,,Zambezi,Kabbe
way/617736421,,,,,,,Zambezi,Kabbe
way/316542870,,,,,,,Zambezi,Kabbe
way/1242488911,,,,,,,Zambezi,Kabbe
way/1242488910,,,,,,,Zambezi,Kabbe
way/316542860,,,,,,,Zambezi,Kabbe
way/1242488909,,,,,,,Zambezi,Kabbe
way/316542881,,,,,,,Zambezi,Kabbe
way/617116834,,,,,,,Zambezi,Kabbe
way/316531155,,,,,,,Zambezi,Kabbe
way/316531168,,,,,,,Zambezi,Kabbe
relation/8523638,Nsundwa,,,,,,Zambezi,Kabbe
way/616096118,,,,,,,Zambezi,Kabbe
way/616096116,,,,,,,Zambezi,Kabbe
way/316531196,,,,,,,Zambezi,Kabbe
way/616096142,,,,,,,Zambezi,Kabbe
way/616096144,,,,,,,Zambezi,Kabbe
way/1242488937,,,,,,,Zambezi,Kabbe
way/1242488938,,,,,,,Zambezi,Kabbe
way/1242488939,,,,,,,Zambezi,Kabbe
way/316542879,,,,,,,Zambezi,Kabbe
way/1242488912,,,,,,,Zambezi,Kabbe
relation/8528309,Namiyundu,,,,,,Zambezi,Kabbe
way/1242488899,,,,,,,Zambezi,Kabbe
way/1242488902,,,,,,,Zambezi,Kabbe
way/1242488901,,,,,,,Zambezi,Kabbe
way/1242488903,,,,,,,Zambezi,Kabbe
way/1242488904,,,,,,,Zambezi,Kabbe
way/1242488905,,,,,,,Zambezi,Kabbe
way/1242488906,,,,,,,Zambezi,Kabbe
way/1242488907,,,,,,,Zambezi,Kabbe
way/1242488894,,,,,,,Zambezi,Kabbe
way/1242488896,,,,,,,Zambezi,Kabbe
way/1242488897,,,,,,,Zambezi,Kabbe
way/1242488862,,,,,,,Zambezi,Kabbe
way/1242488863,,,,,,,Zambezi,Kabbe
way/617331284,,,,,,,Zambezi,Kabbe
way/1242488930,,,,,,,Zambezi,Kabbe
way/1242488915,,,,,,,Zambezi,Kabbe
way/1242488914,,,,,,,Zambezi,Kabbe
way/1242488929,,,,,,,Zambezi,Kabbe
way/1242488928,,,,,,,Zambezi,Kabbe
way/1242488932,,,,,,,Zambezi,Kabbe
way/1242488927,,,,,,,Zambezi,Kabbe
way/1242807374,,,,,,,Zambezi,Kabbe
way/1242807373,,,,,,,Zambezi,Kabbe
way/316531141,,,,,,,Zambezi,Kabbe
way/617921889,,,,,,,Zambezi,Kabbe
way/617921890,,,,,,,Zambezi,Kabbe
way/617921891,,,,,,,Zambezi,Kabbe
way/1242807369,,,,,,,Zambezi,Kabbe
way/617921894,,,,,,,Zambezi,Kabbe
way/316531180,,,,,,,Zambezi,Kabbe
way/1242807361,,,,,,,Zambezi,Kabbe
way/316531160,,,,,,,Zambezi,Kabbe
way/1242807375,,,,,,,Zambezi,Kabbe
way/316531198,,,,,,,Zambezi,Kabbe
way/1242488934,,,,,,,Zambezi,Kabbe
way/1242488933,,,,,,,Zambezi,Kabbe
way/1242488931,,,,,,,Zambezi,Kabbe
way/1242488936,,,,,,,Zambezi,Kabbe
way/1242488935,,,,,,,Zambezi,Kabbe
way/316531164,,,,,,,Zambezi,Kabbe
way/1242807329,,,,,,,Zambezi,Kabbe
way/1242807344,,,,,,,Zambezi,Kabbe
way/1242807362,,,,,,,Zambezi,Kabbe
way/1242807346,,,,,,,Zambezi,Kabbe
way/316542874,,,,,,,Zambezi,Kabbe
way/1242807345,,,,,,,Zambezi,Kabbe
way/1242807343,,,,,,,Zambezi,Kabbe
way/1242807341,,,,,,,Zambezi,Kabbe
way/316542854,,,,,,,Zambezi,Kabbe
way/1242807342,,,,,,,Zambezi,Kabbe
way/1242807340,,,,,,,Zambezi,Kabbe
way/1242807338,,,,,,,Zambezi,Kabbe
way/1242807337,,,,,,,Zambezi,Kabbe
way/410653238,,,,,,,Zambezi,Kabbe
way/410653240,,,,,,,Zambezi,Kabbe
way/410653239,,,,,,,Zambezi,Kabbe
way/410653244,,,,,,,Zambezi,Kabbe
way/1242807349,,,,,,,Zambezi,Kabbe
way/410653243,,,,,,,Zambezi,Kabbe
way/410653245,,,,,,,Zambezi,Kabbe
way/1242807348,,,,,,,Zambezi,Kabbe
way/1242807347,,,,,,,Zambezi,Kabbe
way/1242807350,,,,,,,Zambezi,Kabbe
way/1242807339,,,,,,,Zambezi,Kabbe
way/316531172,,,,,,,Zambezi,Kabbe
way/1242807328,,,,,,,Zambezi,Kabbe
way/1242807315,,,,,,,Zambezi,Kabbe
way/1242807327,,,,,,,Zambezi,Kabbe
way/1242807376,,,,,,,Zambezi,Kabbe
way/1242488926,,,,,,,Zambezi,Kabbe
way/1242488923,,,,,,,Zambezi,Kabbe
way/1242488925,,,,,,,Zambezi,Kabbe
way/1242488924,,,,,,,Zambezi,Kabbe
way/1242807371,,,,,,,Zambezi,Kabbe
way/1242807372,,,,,,,Zambezi,Kabbe
way/1242807379,,,,,,,Zambezi,Kabbe
way/1242807378,,,,,,,Zambezi,Kabbe
way/1242807380,,,,,,,Zambezi,Kabbe
way/1242807377,,,,,,,Zambezi,Kabbe
way/1242488864,,,,,,,Zambezi,Kabbe
way/1242807370,,,,,,,Zambezi,Kabbe
relation/8529023,,,,,,,Zambezi,Kabbe
way/1242807381,,,,,,,Zambezi,Kabbe
way/616668867,,,,,,,Zambezi,Kabbe
way/1242807392,,,,,,,Zambezi,Kabbe
way/1242488840,,,,,,,Zambezi,Kabbe
way/1242488839,,,,,,,Zambezi,Kabbe
way/1242807363,,,,,,,Zambezi,Kabbe
way/1242807352,,,,,,,Zambezi,Kabbe
node/11550129326,Ikota,,isolated_dwelling,,,,Zambezi,Kabbe
way/1242807353,,,,,,,Zambezi,Kabbe
way/1242807351,,,,,,,Zambezi,Kabbe
way/1242807326,,,,,,,Zambezi,Kabbe
way/1242807325,,,,,,,Zambezi,Kabbe
node/11550129327,Kasaya,,hamlet,,,,Zambezi,Kabbe
way/1242807323,,,,,,,Zambezi,Kabbe
way/1242807324,,,,,,,Zambezi,Kabbe
way/1242807314,,,,,,,Zambezi,Kabbe
way/1242807313,,,,,,,Zambezi,Kabbe
way/1242807312,,,,,,,Zambezi,Kabbe
way/1242807316,,,,,,,Zambezi,Kabbe
way/1242807336,,,,,,,Zambezi,Kabbe
node/11550129323,Kabungo,,hamlet,,,,Zambezi,Kabbe
way/1242807354,,,,,,,Zambezi,Kabbe
way/1242807355,,,,,,,Zambezi,Kabbe
way/1242807334,,,,,,,Zambezi,Kabbe
way/1242807322,,,,,,,Zambezi,Kabbe
way/1242807311,,,,,,,Zambezi,Kabbe
way/1242807310,,,,,,,Zambezi,Kabbe
way/1242807319,,,,,,,Zambezi,Kabbe
way/1242807321,,,,,,,Zambezi,Kabbe
way/1242807317,,,,,,,Zambezi,Kabbe
way/1242807318,,,,,,,Zambezi,Kabbe
way/1242807331,,,,,,,Zambezi,Kabbe
way/1242807332,,,,,,,Zambezi,Kabbe
way/1242807330,,,,,,,Zambezi,Kabbe
way/1242807335,,,,,,,Zambezi,Kabbe
way/1242807333,,,,,,,Zambezi,Kabbe
way/1242807359,,,,,,,Zambezi,Kabbe
way/411820336,,,,,,,,
way/1242807367,,,,,,,,
way/346060667,,,,,,,,
way/1242807387,,,,,,,Zambezi,Kabbe
way/1242807386,,,,,,,Zambezi,Kabbe
way/1242807366,,,,,,,Zambezi,Kabbe
way/1242807365,,,,,,,Zambezi,Kabbe
way/1242807360,,,,,,,Zambezi,Kabbe
way/1242807364,,,,,,,Zambezi,Kabbe
node/11550129324,Mazizi,,hamlet,,,,Zambezi,Kabbe
way/1242807368,,,,,,,Zambezi,Kabbe
node/11550129325,Kayanga,,hamlet,,,,Zambezi,Kabbe
way/1242807383,,,,,,,Zambezi,Kabbe
way/1242807382,,,,,,,Zambezi,Kabbe
way/1242807385,,,,,,,Zambezi,Kabbe
way/1242807384,,,,,,,Zambezi,Kabbe
way/1242807391,,,,,,,Zambezi,Kabbe
way/1242807389,,,,,,,,
way/1242807388,,,,,,,,
way/1242807390,,,,,,,,
way/1242488857,,,,,,,Zambezi,Kabbe
way/1242488856,,,,,,,Zambezi,Kabbe
way/1242488855,,,,,,,Zambezi,Kabbe
way/1242488854,,,,,,,Zambezi,Kabbe
way/1242488852,,,,,,,Zambezi,Kabbe
way/1242488853,,,,,,,Zambezi,Kabbe
way/1242488851,,,,,,,Zambezi,Kabbe
way/1242488850,,,,,,,Zambezi,Kabbe
way/1242488849,,,,,,,Zambezi,Kabbe
way/1242488848,,,,,,,Zambezi,Kabbe
way/1242488858,,,,,,,Zambezi,Kabbe
way/1242488844,,,,,,,Zambezi,Kabbe
way/1242488843,,,,,,,Zambezi,Kabbe
way/1242488842,,,,,,,Zambezi,Kabbe
way/1242488841,,,,,,,Zambezi,Kabbe
way/1242488846,,,,,,,Zambezi,Kabbe
way/1242488845,,,,,,,Zambezi,Kabbe
way/614938815,,,,,,,Zambezi,Kabbe
way/1242488860,,,,,,,Zambezi,Kabbe
way/1242488859,,,,,,,Zambezi,Kabbe
way/316543597,,,,,,,Zambezi,Kabbe
way/1242488866,,,,,,,Zambezi,Kabbe
way/1242488867,,,,,,,Zambezi,Kabbe
way/1242488865,,,,,,,Zambezi,Kabbe
way/1242488917,,,,,,,Zambezi,Kabbe
way/1242488921,,,,,,,Zambezi,Kabbe
way/1242488918,,,,,,,Zambezi,Kabbe
way/1242488919,,,,,,,Zambezi,Kabbe
way/1242488920,,,,,,,Zambezi,Kabbe
way/1242488922,,,,,,,Zambezi,Kabbe
way/1242488916,,,,,,,Zambezi,Kabbe
way/1242488913,,,,,,,Zambezi,Kabbe
way/1242488870,,,,,,,Zambezi,Kabbe
way/1242488880,,,,,,,Zambezi,Kabbe
way/1242488879,,,,,,,Zambezi,Kabbe
way/1242488872,,,,,,,Zambezi,Kabbe
way/1242488871,,,,,,,Zambezi,Kabbe
way/1242488883,,,,,,,Zambezi,Kabbe
way/345751292,,,,,,,Zambezi,Kabbe
way/1242488884,,,,,,,Zambezi,Kabbe
way/1242488873,,,,,,,Zambezi,Kabbe
way/1242488882,,,,,,,Zambezi,Kabbe
way/1242488881,,,,,,,Zambezi,Kabbe
way/1242488874,,,,,,,Zambezi,Kabbe
way/1242488889,,,,,,,Zambezi,Kabbe
way/1242488888,,,,,,,Zambezi,Kabbe
way/1242488885,,,,,,,Zambezi,Kabbe
way/1242488887,,,,,,,Zambezi,Kabbe
way/1242488886,,,,,,,Zambezi,Kabbe
way/1242488890,,,,,,,Zambezi,Kabbe
way/1242488891,,,,,,,Zambezi,Kabbe
way/1242488892,,,,,,,Zambezi,Kabbe
way/1242488893,,,,,,,Zambezi,Kabbe
way/1242488895,,,,,,,Zambezi,Kabbe
way/1242807283,,,,,,,,
way/1242807284,,,,,,,,
way/1242807358,,,,,,,,
way/1242807357,,,,,,,,
way/411820335,,,,,,,,
way/1242807356,,,,,,,,
way/1242807320,,,,,,,Zambezi,Kabbe
node/1936375734,,,hamlet,,,,Zambezi,Kabbe
way/1242807309,,,,,,,Zambezi,Kabbe
node/1936375912,,,hamlet,,,,Zambezi,Kabbe
way/474862786,,,,,,,Zambezi,Kabbe
node/1936375902,,,hamlet,,,,Zambezi,Kabbe
way/474862783,,,,,,,Zambezi,Kabbe
way/1242807299,,,,,,,,
way/1242807292,,,,,,,,
way/1242807285,,,,,,,,
way/1242807288,,,,,,,,
way/1242807290,,,,,,,,
way/1242807289,,,,,,,,
way/1242807291,,,,,,,,
way/1242807286,,,,,,,,
way/1242807287,,,,,,,,
node/5515605693,Mambova,,village,,,,,
way/311566511,,,,,,,,
way/474859470,,,,,,,Zambezi,Kabbe
node/3362239429,,,hamlet,,,,Zambezi,Kabbe
way/474858706,,,,,,,Zambezi,Kabbe
way/183280537,Old Kazungula,,,,,,,
node/3362239430,,,hamlet,,,,Zambezi,Kabbe
way/474858712,,,,,,,Zambezi,Kabbe
node/3362239428,,,hamlet,,,,Zambezi,Kabbe
way/474860216,,,,,,,Zambezi,Kabbe
way/474860215,,,,,,,Zambezi,Kabbe
node/3367906924,,,hamlet,,,,Zambezi,Kabbe
node/5422200925,,,hamlet,,,,Zambezi,Kabbe
way/194605886,,,,,,,Zambezi,Kabbe
way/194605890,,,,,,,Zambezi,Kabbe
way/194605880,,,,,,,Zambezi,Kabbe
node/1936375690,,,hamlet,,,,Zambezi,Kabbe
way/474860217,,,,,,,Zambezi,Kabbe
way/1242807297,,,,,,,,
way/1242807298,,,,,,,,
node/4140482192,,,hamlet,,,,,
way/1242807302,,,,,,,,
way/1242807301,,,,,,,,
way/474861242,,,,,,,Zambezi,Kabbe
node/1936375617,,,hamlet,,,,Zambezi,Kabbe
way/474861240,,,,,,,Zambezi,Kabbe
way/1242807300,,,,,,,,
node/3370944527,,,hamlet,,,,Zambezi,Kabbe
way/474862807,,,,,,,Zambezi,Kabbe
way/474860214,,,,,,,Zambezi,Kabbe
way/474860213,,,,,,,Zambezi,Kabbe
way/474860218,,,,,,,Zambezi,Kabbe
node/1936375820,,,hamlet,,,,Zambezi,Kabbe
way/464794176,,,,,,,Zambezi,Kabbe
way/1194109321,,,,,,,,
way/1242807294,,,,,,,Zambezi,Kabbe
way/1242807293,,,,,,,Zambezi,Kabbe
way/1242807295,,,,,,,Zambezi,Kabbe
way/474862818,,,,,,,Zambezi,Kabbe
node/1936375796,,,hamlet,,,,Zambezi,Kabbe
way/474862812,,,,,,,Zambezi,Kabbe
node/3370944562,,,hamlet,,,,Zambezi,Kabbe
way/474862810,,,,,,,Zambezi,Kabbe
node/1936375653,,,hamlet,,,,Zambezi,Kabbe
way/474862805,,,,,,,Zambezi,Kabbe
way/474862799,,,,,,,Zambezi,Kabbe
node/1936375821,,,hamlet,,,,Zambezi,Kabbe
way/474862796,,,,,,,Zambezi,Kabbe
node/1936375694,,,hamlet,,,,Zambezi,Kabbe
node/1936375750,,,hamlet,,,,Zambezi,Kabbe
way/474862794,,,,,,,Zambezi,Kabbe
way/1242807304,,,,,,,Zambezi,Kabbe
way/474862780,,,,,,,Zambezi,Kabbe
node/1936375622,,,hamlet,,,,Zambezi,Kabbe
way/474862788,,,,,,,Zambezi,Kabbe
way/474862791,,,,,,,Zambezi,Kabbe
way/1242807303,,,,,,,Zambezi,Kabbe
way/1242807305,,,,,,,Zambezi,Kabbe
way/1242807306,,,,,,,Zambezi,Kabbe
way/1242807308,,,,,,,Zambezi,Kabbe
way/1242807307,,,,,,,Zambezi,Kabbe
way/1242807296,,,,,,,Zambezi,Kabbe
way/617924218,,,,,,,Zambezi,Kabbe
node/11550129328,Someli,,hamlet,,,,Zambezi,Kabbe
way/1242807276,,,,,,,Zambezi,Kabbe
way/192440219,,,,,,,,
way/413710592,,,,,,,,
way/1242807275,,,,,,,Zambezi,Kabbe
way/464967796,,,,,,,Zambezi,Kabbe
way/464967793,,,,,,,Zambezi,Kabbe
way/617924224,,,,,,,Zambezi,Kabbe
way/617924222,,,,,,,Zambezi,Kabbe
way/1242807264,,,,,,,Zambezi,Kabbe
way/1242807263,,,,,,,Zambezi,Kabbe
way/1242807273,,,,,,,Zambezi,Kabbe
way/1242807274,,,,,,,Zambezi,Kabbe
way/617924225,,,,,,,Zambezi,Kabbe
node/11550129333,Kasika,,village,,,,Zambezi,Kabbe
way/1242807271,,,,,,,Zambezi,Kabbe
way/1242807272,,,,,,,Zambezi,Kabbe
way/1242807269,,,,,,,Zambezi,Kabbe
way/617925750,,,,,,,Zambezi,Kabbe
node/11550129330,Sabelo,,hamlet,,,,Zambezi,Kabbe
way/1242807270,,,,,,,Zambezi,Kabbe
way/617925752,,,,,,,Zambezi,Kabbe
way/617925756,,,,,,,Zambezi,Kabbe
node/11550129332,Kasikili,,hamlet,,,,Zambezi,Kabbe
way/617925755,,,,,,,Zambezi,Kabbe
way/617925758,,,,,,,Zambezi,Kabbe
way/617925767,,,,,,,Zambezi,Kabbe
way/464967792,,,,,,,Zambezi,Kabbe
way/464967795,,,,,,,Zambezi,Kabbe
way/464967794,,,,,,,Zambezi,Kabbe
way/1242807262,,,,,,,Zambezi,Kabbe
way/1242807261,,,,,,,Zambezi,Kabbe
way/346936749,,,,,,,Zambezi,Kabbe
node/11550129329,Zaza,,hamlet,,,,Zambezi,Kabbe
node/11550129331,Kasenu,,hamlet,,,,Zambezi,Kabbe
way/346936746,,,,,,,Zambezi,Kabbe
relation/14235706,Mbalisinte,,,,,,Zambezi,Kabbe
way/316542865,,,,,,,Zambezi,Kabbe
way/316542857,,,,,,,Zambezi,Kabbe
way/1242807278,,,,,,,Zambezi,Kabbe
way/1242807277,,,,,,,Zambezi,Kabbe
way/1242807265,,,,,,,Zambezi,Kabbe
way/1242807266,,,,,,,Zambezi,Kabbe
way/1064265495,,,,,,,Zambezi,Kabbe
way/1242807267,,,,,,,Zambezi,Kabbe
way/1064265496,,,,,,,Zambezi,Kabbe
way/346936747,Ijambwe,,village,,,,Zambezi,Kabbe
way/346936748,,,,,,,Zambezi,Kabbe
way/1242807268,,,,,,,Zambezi,Kabbe
way/570526004,Ibbu,,village,,,,Zambezi,Katima Mulilo Rural
node/13957631254,Ibbu,,village,,,,Zambezi,Katima Mulilo Rural
node/13957631253,Mutikitila,,village,,,,Zambezi,Katima Mulilo Rural
way/305640588,,,,,,,Zambezi,Katima Mulilo Rural
way/464558430,,,,,,,Zambezi,Katima Mulilo Rural
way/463313004,,,,,,,Zambezi,Katima Mulilo Rural
way/463313003,,,,,,,Zambezi,Katima Mulilo Rural
way/460515411,,,,,,,,
way/460518430,,,,,,,,
way/460545281,,,,,,,Zambezi,Katima Mulilo Rural
way/460518422,,,,,,,,
way/460515410,,,,,,,,
node/12657904588,Angra-Juntas,,hamlet,,,,Karas,Naminus (Luderitz)
way/380281907,,,,,,,Karas,Naminus (Luderitz)
way/380281937,,,,,,,Karas,Naminus (Luderitz)
node/13619631984,Witputs Wes,,isolated_dwelling,,,,Karas,Naminus (Luderitz)
node/3181162796,,,hamlet,,,,Karas,Naminus (Luderitz)
node/3178934349,,,hamlet,,,,Karas,Naminus (Luderitz)
way/1068740212,,,,,,,Karas,Oranjemund
node/243660982,Rosh Pinah,,village,2835,,,Karas,Oranjemund
way/1068736797,Daberas Mine Hostel,,,,,,Karas,Oranjemund
way/369962039,,,,,,,,
node/3975319333,Sanddrift,,village,,,,,
node/3503063789,Arriesdrif,,isolated_dwelling,,,,Karas,Oranjemund
way/343469065,Arriesdrif,,hamlet,,,,Karas,Oranjemund
way/369962038,,,,,,,Karas,Oranjemund
way/403450504,Grootderm,,,,,,Karas,Oranjemund
way/403450505,,,hamlet,,,,Karas,Oranjemund
way/403450506,,,,,,,Karas,Oranjemund
node/262694682,Alexander Bay,Alexander Bay,village,,,,,
way/277177240,,,,,,,,
way/1183382800,,,,,,,Karas,Oranjemund
way/1183382801,,,,,,,Karas,Oranjemund
way/1183382805,,,,,,,Karas,Oranjemund
way/1183382802,,,,,,,Karas,Oranjemund
way/1183382803,,,,,,,Karas,Oranjemund
way/1183382804,,,,,,,Karas,Oranjemund
way/1183382807,,,,,,,Karas,Oranjemund
way/1183382808,,,,,,,Karas,Oranjemund
way/1183382806,,,,,,,Karas,Oranjemund
way/1183382756,,,,,,,Karas,Oranjemund
way/1183382809,,,,,,,Karas,Oranjemund
way/1183382810,,,,,,,Karas,Oranjemund
way/1183382755,,,,,,,Karas,Oranjemund
way/1183382754,,,,,,,Karas,Oranjemund
way/1183382750,,,,,,,Karas,Oranjemund
way/1183382751,,,,,,,Karas,Oranjemund
way/1183382752,,,,,,,Karas,Oranjemund
way/1183382753,,,,,,,Karas,Oranjemund
way/1183382745,,,,,,,Karas,Oranjemund
way/1183382746,,,,,,,Karas,Oranjemund
way/1183382744,,,,,,,Karas,Oranjemund
way/1183382747,,,,,,,Karas,Oranjemund
way/1183382842,,,,,,,Karas,Oranjemund
way/1183382843,,,,,,,Karas,Oranjemund
way/1183382844,,,,,,,Karas,Oranjemund
way/1183382846,,,,,,,Karas,Oranjemund
way/1183382817,,,,,,,Karas,Oranjemund
way/1183382818,,,,,,,Karas,Oranjemund
way/1183382819,,,,,,,Karas,Oranjemund
way/1183382820,,,,,,,Karas,Oranjemund
way/1183382821,,,,,,,Karas,Oranjemund
way/1183382822,,,,,,,Karas,Oranjemund
way/1183382825,,,,,,,Karas,Oranjemund
way/1183382826,,,,,,,Karas,Oranjemund
way/1183382827,,,,,,,Karas,Oranjemund
way/1183382828,,,,,,,Karas,Oranjemund
way/1183382848,,,,,,,Karas,Oranjemund
way/1183382830,,,,,,,Karas,Oranjemund
way/1183382829,,,,,,,Karas,Oranjemund
way/1183382847,,,,,,,Karas,Oranjemund
way/1183382831,,,,,,,Karas,Oranjemund
way/1183382811,,,,,,,Karas,Oranjemund
way/1183382850,,,,,,,Karas,Oranjemund
way/1183382849,,,,,,,Karas,Oranjemund
way/1183382812,,,,,,,Karas,Oranjemund
way/1183382813,,,,,,,Karas,Oranjemund
way/1183382814,,,,,,,Karas,Oranjemund
way/1183382815,,,,,,,Karas,Oranjemund
way/1183382816,,,,,,,Karas,Oranjemund
way/1183382851,,,,,,,Karas,Oranjemund
way/1183382832,,,,,,,Karas,Oranjemund
way/1183382852,,,,,,,Karas,Oranjemund
way/1183382772,,,,,,,Karas,Oranjemund
way/1183382771,,,,,,,Karas,Oranjemund
way/1183382769,,,,,,,Karas,Oranjemund
way/1183382770,,,,,,,Karas,Oranjemund
way/1183382773,,,,,,,Karas,Oranjemund
way/1183382774,,,,,,,Karas,Oranjemund
way/1183382775,,,,,,,Karas,Oranjemund
node/243788224,Oranjemund,,village,3908,,,Karas,Oranjemund
way/1183382824,,,,,,,Karas,Oranjemund
way/1183382761,,,,,,,Karas,Oranjemund
way/1183382780,,,,,,,Karas,Oranjemund
way/1183382779,,,,,,,Karas,Oranjemund
way/1183382777,,,,,,,Karas,Oranjemund
way/1183382778,,,,,,,Karas,Oranjemund
way/1183382789,,,,,,,Karas,Oranjemund
way/1183382790,,,,,,,Karas,Oranjemund
way/1183382781,,,,,,,Karas,Oranjemund
way/1183382823,,,,,,,Karas,Oranjemund
way/1183382758,,,,,,,Karas,Oranjemund
way/1183382757,,,,,,,Karas,Oranjemund
way/1183382759,,,,,,,Karas,Oranjemund
way/1183382791,,,,,,,Karas,Oranjemund
way/1183382792,,,,,,,Karas,Oranjemund
way/1183382793,,,,,,,Karas,Oranjemund
way/1183382794,,,,,,,Karas,Oranjemund
way/1183382795,,,,,,,Karas,Oranjemund
way/1183382796,,,,,,,Karas,Oranjemund
way/1183382797,,,,,,,Karas,Oranjemund
way/1183382798,,,,,,,Karas,Oranjemund
way/1183382799,,,,,,,Karas,Oranjemund
way/1183382782,,,,,,,Karas,Oranjemund
way/1183382783,,,,,,,Karas,Oranjemund
way/1183382784,,,,,,,Karas,Oranjemund
way/1183382785,,,,,,,Karas,Oranjemund
way/1183382786,,,,,,,Karas,Oranjemund
way/1183382787,,,,,,,Karas,Oranjemund
way/1183382788,,,,,,,Karas,Oranjemund
way/1183382776,,,,,,,Karas,Oranjemund
way/1183382767,,,,,,,Karas,Oranjemund
way/1183382766,,,,,,,Karas,Oranjemund
way/1183382765,,,,,,,Karas,Oranjemund
way/1183382764,,,,,,,Karas,Oranjemund
way/1183382762,,,,,,,Karas,Oranjemund
way/1183382742,,,,,,,Karas,Oranjemund
way/1183382768,,,,,,,Karas,Oranjemund
way/1183382763,,,,,,,Karas,Oranjemund
way/1183382743,,,,,,,Karas,Oranjemund
way/380281928,,,,,,,Karas,Oranjemund
way/1183382833,,,,,,,Karas,Oranjemund
way/1183382834,,,,,,,Karas,Oranjemund
way/1183382877,,,,,,,Karas,Oranjemund
way/1183382878,,,,,,,Karas,Oranjemund
way/1183382880,,,,,,,Karas,Oranjemund
way/1183382876,,,,,,,Karas,Oranjemund
way/1183382875,,,,,,,Karas,Oranjemund
way/1183382873,,,,,,,Karas,Oranjemund
way/1183382872,,,,,,,Karas,Oranjemund
way/1183382866,,,,,,,Karas,Oranjemund
way/1183382874,,,,,,,Karas,Oranjemund
way/1183382881,,,,,,,Karas,Oranjemund
way/1183382885,,,,,,,Karas,Oranjemund
way/1183382884,,,,,,,Karas,Oranjemund
way/1183382883,,,,,,,Karas,Oranjemund
way/1183382882,,,,,,,Karas,Oranjemund
way/1183382864,,,,,,,Karas,Oranjemund
way/1183382879,,,,,,,Karas,Oranjemund
way/1183382865,,,,,,,Karas,Oranjemund
way/1183382861,,,,,,,Karas,Oranjemund
way/1183382862,,,,,,,Karas,Oranjemund
way/1183382863,,,,,,,Karas,Oranjemund
way/1183382860,,,,,,,Karas,Oranjemund
way/1183382853,,,,,,,Karas,Oranjemund
way/1183382857,,,,,,,Karas,Oranjemund
way/1183382859,,,,,,,Karas,Oranjemund
way/1183382858,,,,,,,Karas,Oranjemund
way/1183382856,,,,,,,Karas,Oranjemund
way/1183382855,,,,,,,Karas,Oranjemund
way/1183382854,,,,,,,Karas,Oranjemund
way/1183382836,,,,,,,Karas,Oranjemund
way/1183382835,,,,,,,Karas,Oranjemund
way/1183382837,,,,,,,Karas,Oranjemund
way/1183382838,,,,,,,Karas,Oranjemund
way/1183382840,,,,,,,Karas,Oranjemund
way/1183382839,,,,,,,Karas,Oranjemund
way/1183382841,,,,,,,Karas,Oranjemund
way/201952258,,,,,,,Karas,Karasburg
way/388346624,Informal Settlement,,,,,,Karas,Karasburg
node/2034782874,Aussenkehr,,village,,,,Karas,Karasburg
way/485432822,,,,,,,Karas,Karasburg
way/485432899,,,,,,,,
way/485432894,,,,,,,,
node/3526738150,,,isolated_dwelling,,,,,
way/1256777289,,,,,,,,
way/1077624913,,,,,,,Karas,Karasburg
way/1077624920,,,,,,,Karas,Karasburg
way/1077624917,,,,,,,Karas,Karasburg
node/243652939,Noordoewer,,village,,,,Karas,Karasburg
way/1077624922,,,,,,,Karas,Karasburg
way/1077624931,,,,,,,Karas,Karasburg
node/3175725954,,,hamlet,,,,Karas,Karasburg
node/4224114589,Haib,,hamlet,,,,Karas,Karasburg
node/3166721374,,,hamlet,,,,Karas,Karasburg
node/13629585471,Deelvlei,,isolated_dwelling,,,,Karas,Karasburg
node/3218044565,Uitskot,,hamlet,,,,Karas,Karasburg
node/5279337620,,,isolated_dwelling,,,,Karas,Karasburg
node/243784427,Grünau,,village,,,,Karas,Karasburg
way/191883938,,,hamlet,,,,Karas,Karasburg
node/13629585390,Vaalputs,,isolated_dwelling,,,,Karas,Karasburg
way/192906836,,,,,,,Karas,Keetmanshoop Rural
node/1375657185,Klein Karas,,isolated_dwelling,,,,Karas,Keetmanshoop Rural
node/1375662579,Hobas Camp,,hamlet,,,,Karas,Karasburg
way/237456636,,,,,,,Karas,Karasburg
node/2477745743,ǀAi-ǀAis,,village,,,,Karas,Karasburg
way/311836765,,,,,,,Karas,Karasburg
node/2477850078,Oena Mine,,village,,,,,
way/240015757,,,,,,,,
node/13619631941,Abos,,isolated_dwelling,,,,Karas,Berseba
node/13718701567,Feldschuhhorn West,,isolated_dwelling,,,,Karas,Berseba
way/1346771455,,,,,,,Karas,Berseba
node/5271835168,Kosis,,hamlet,,,,Karas,Berseba
node/13718701590,Agasab,,hamlet,,,,Karas,Berseba
node/3181191460,Soutkuil,,hamlet,,,,Karas,Berseba
node/13620391338,Augurabis,,isolated_dwelling,,,,Karas,Keetmanshoop Rural
node/4949450677,Chamieites,,hamlet,,,,Karas,Keetmanshoop Rural
node/13620391343,Holoog,,hamlet,,,,Karas,Keetmanshoop Rural
node/13629585402,Goedemoed,,isolated_dwelling,,,,Karas,Keetmanshoop Rural
node/3175687675,,,hamlet,,,,Karas,Keetmanshoop Rural
node/13629585403,Rooiberg,,isolated_dwelling,,,,Karas,Keetmanshoop Rural
node/1384301901,Seeheim,,isolated_dwelling,,,,Karas,Keetmanshoop Rural
node/3554474936,,,isolated_dwelling,,,,Karas,Keetmanshoop Rural
node/13719242135,Droogputs,,isolated_dwelling,,,,Karas,Keetmanshoop Rural
node/3115277640,Snyfontein,,hamlet,,,,Karas,Berseba
way/817898419,Westdene,,suburb,,,,Karas,Keetmanshoop Urban
way/192907811,,,,,,,Karas,Keetmanshoop Urban
way/948405526,Ileni,,,,,,Karas,Keetmanshoop Urban
way/122981064,Tseiblaagte,,suburb,,,,Karas,Keetmanshoop Urban
way/817916035,,,,,,,Karas,Keetmanshoop Urban
node/82260251,Keetmanshoop,,town,20977,,,Karas,Keetmanshoop Urban
way/1173999662,,,,,,,Karas,Keetmanshoop Urban
way/1173787226,,,,,,,Karas,Keetmanshoop Urban
way/122981784,Noordhoek,,suburb,,,,Karas,Keetmanshoop Urban
way/306482315,Krönlein,,suburb,,,,Karas,Keetmanshoop Urban
node/5271838851,Tsawisis,,hamlet,,,,Karas,Berseba
node/13904651516,Wortel,,hamlet,,,,Karas,Berseba
node/13904681368,Blouputs,,hamlet,,,,Karas,Berseba
node/5485169747,Blouwes,,village,300,,,Karas,Berseba
way/570523353,,,,,,,Karas,Berseba
node/13904680892,Kameel Rivier,,hamlet,,,,Karas,Keetmanshoop Rural
node/13904681077,Bloemhof,,hamlet,,,,Karas,Keetmanshoop Rural
node/13904681366,Blaukehl South,,hamlet,,,,Karas,Berseba
node/13904681367,Blaukehl North,,hamlet,,,,Karas,Berseba
node/11530267181,Bloedvlei,,hamlet,,,,Karas,Berseba
node/13904681370,Weltevrede,,hamlet,,,,Karas,Berseba
node/13904681371,Vergenoeg,,hamlet,,,,Karas,Berseba
node/13904680864,Nuwekalk,,hamlet,,,,Karas,Berseba
node/13904651517,Aub-Gaus,,hamlet,,,,Karas,Berseba
node/261601238,Tses,,village,1000,,,Karas,Berseba
way/124333922,,,,,,,Karas,Berseba
way/731941261,,,,,,,Karas,Berseba
way/731941260,,,,,,,Karas,Berseba
node/13719242212,Tsaraxa-aibes,,isolated_dwelling,,,,Karas,Berseba
node/13904680865,Kuikanabis,,hamlet,,,,Karas,Berseba
node/13904680866,Haruchas,,hamlet,,,,Karas,Berseba
node/11530269051,Wasser,,hamlet,,,,Karas,Berseba
node/13904680886,Poortjie,,hamlet,,,,Karas,Berseba
node/13719242211,Goms,,isolated_dwelling,,,,Karas,Berseba
way/229469589,,,,,,,Karas,Berseba
way/229469586,,,,,,,Karas,Berseba
node/261561473,Berseba,,village,,,,Karas,Berseba
way/229469598,,,,,,,Karas,Berseba
way/229469594,,,,,,,Karas,Berseba
node/13718701725,Nanerob,,hamlet,,,,Karas,Berseba
node/13718701672,At-Aisis,,hamlet,,,,Karas,Berseba
node/13718701671,Naruaums,,hamlet,,,,Karas,Berseba
node/13718701726,Huitsib,,hamlet,,,,Karas,Berseba
node/13718701934,Gavaams,,hamlet,,,,Karas,Berseba
node/3181280953,,,hamlet,,,,Karas,Berseba
node/13718701591,Noibrom,,hamlet,,,,Karas,Berseba
node/13718701618,Nuwe Florsheim,,hamlet,,,,Karas,Berseba
node/13718701507,Klein Schwarzkuppe,,hamlet,,,,Karas,Berseba
way/525378285,,,,,,,Karas,Berseba
node/243779114,Bethanie,,village,3900,,,Karas,Berseba
way/525378280,,,,,,,Karas,Berseba
node/13718701520,Groot Schwarzkuppe,,hamlet,,,,Karas,Berseba
node/3181675417,,,hamlet,,,,Karas,Berseba
way/310724277,,,,,,,Karas,Berseba
node/3161811381,,,hamlet,,,,Karas,Berseba
way/34878111,Helmeringhausen,,isolated_dwelling,,,,Karas,Berseba
way/244745740,,,,,,,Karas,Naminus (Luderitz)
way/442255958,,,,,,,Karas,Naminus (Luderitz)
node/2038178818,Aus,,village,,,,Karas,Naminus (Luderitz)
relation/15893036,,,,,,,Karas,Naminus (Luderitz)
way/384030247,Farm Plateau,,,,,,Karas,Naminus (Luderitz)
node/3181693484,Plateau,,hamlet,,,,Karas,Naminus (Luderitz)
way/442222049,,,isolated_dwelling,,,,Karas,Naminus (Luderitz)
node/3181675191,,,hamlet,,,,Karas,Berseba
node/2042165457,Guibis,,hamlet,,,,Karas,Berseba
node/13619621776,Kokerboomkloof,,isolated_dwelling,,,,Karas,Naminus (Luderitz)
way/407714102,,,,,,,Karas,Naminus (Luderitz)
way/407714101,,,,,,,Karas,Naminus (Luderitz)
node/12183500402,Pomona,,hamlet,,,,Karas,Naminus (Luderitz)
way/407714104,,,,,,,Karas,Naminus (Luderitz)
way/330442703,,,,,,,Karas,Naminus (Luderitz)
way/330442705,,,,,,,Karas,Naminus (Luderitz)
way/1416899733,,,,,,,Karas,Naminus (Luderitz)
way/1416899732,,,,,,,Karas,Naminus (Luderitz)
way/1416899734,,,,,,,Karas,Naminus (Luderitz)
way/244451155,Area 7,,,,,,Karas,Naminus (Luderitz)
way/894502362,SDFN,,,,,,Karas,Naminus (Luderitz)
way/1175021349,,,,,,,Karas,Naminus (Luderitz)
way/897650266,,,,,,,Karas,Naminus (Luderitz)
way/97231609,Nautilus Extension 1,,,,,,Karas,Naminus (Luderitz)
way/897967507,,,,,,,Karas,Naminus (Luderitz)
way/360433103,,,,,,,Hardap,Gibeon
way/102191568,,,,,,,Hardap,Gibeon
way/102191572,,,,,,,Hardap,Gibeon
node/4289452797,Sesriem,,hamlet,,,,Hardap,Gibeon
way/278223030,,,,,,,Hardap,Gibeon
way/297689337,,,,,,,Hardap,Gibeon
node/2697454854,Keerweder,,hamlet,,,,Hardap,Gibeon
node/3178626688,,,hamlet,,,,Hardap,Gibeon
node/3178595550,,,hamlet,,,,Hardap,Gibeon
node/3183381363,,,hamlet,,,,Hardap,Gibeon
node/3183381123,,,hamlet,,,,Hardap,Gibeon
node/3957282825,Amajuba,,hamlet,,,,Hardap,Gibeon
node/13011327831,Lekkerwater (Goede Hoop 135),,isolated_dwelling,,,,Hardap,Gibeon
node/3190343849,Ounois (Resettlement),,hamlet,,,,Hardap,Rehoboth Rural
node/3188213318,,,hamlet,,,,Hardap,Rehoboth Rural
node/3183455547,,,hamlet,,,,Hardap,Gibeon
node/3183455676,,,hamlet,,,,Hardap,Gibeon
way/278221296,,,,,,,Hardap,Gibeon
node/408999371,Betta,,hamlet,,,,Hardap,Gibeon
way/442168500,Spes Bona,,hamlet,,,,Hardap,Gibeon
way/550634154,Swakara,,hamlet,,,,Hardap,Gibeon
way/310724275,,,,,,,Karas,Berseba
way/310724269,,,,,,,Karas,Berseba
way/690932758,,,,,,,Hardap,Gibeon
way/690932760,,,,,,,Hardap,Gibeon
way/690932759,,,,,,,Hardap,Gibeon
way/690932795,,,,,,,Hardap,Gibeon
way/690932792,,,,,,,Hardap,Gibeon
way/690932793,,,,,,,Hardap,Gibeon
way/690932773,,,,,,,Hardap,Gibeon
way/690932778,,,,,,,Hardap,Gibeon
way/690932785,,,,,,,Hardap,Gibeon
node/5271839493,,,hamlet,,,,Hardap,Gibeon
node/5271839479,,,isolated_dwelling,,,,Hardap,Gibeon
node/5271839400,Aneis,,isolated_dwelling,,,,Hardap,Gibeon
node/5271839326,,,isolated_dwelling,,,,Hardap,Gibeon
way/216509687,,,,,,,Karas,Berseba
node/2424717770,Kutenhoas,,village,,,,Karas,Berseba
way/234899100,,,,,,,Karas,Berseba
way/234896316,,,,,,,Karas,Berseba
way/234896323,,,,,,,Karas,Berseba
way/234896321,,,,,,,Karas,Berseba
way/229469591,,,,,,,Karas,Berseba
way/229469596,,,,,,,Karas,Berseba
node/2430600689,Gainachas,,village,,,,Karas,Berseba
node/5271839476,Oros,,isolated_dwelling,,,,Karas,Berseba
node/13572305319,Gavetamas,,isolated_dwelling,,,,Karas,Berseba
node/5271839667,,,hamlet,,,,Hardap,Gibeon
way/972834206,,,,,,,Hardap,Gibeon
node/13572305320,Aretitis,,hamlet,,,,Karas,Berseba
node/5269952777,,,isolated_dwelling,,,,Karas,Berseba
node/5269953196,,,village,,,,Karas,Berseba
node/13572305333,Zaris,,hamlet,,,,Karas,Berseba
node/13572305332,Groot Daberas,,hamlet,,,,Karas,Berseba
node/13572305331,Dorn-Daberas,,hamlet,,,,Karas,Berseba
node/2967088562,Mispa,,hamlet,,,,Hardap,Gibeon
way/449844908,,,,,,,Hardap,Gibeon
node/7637898706,Amper Bo,,hamlet,,,,Hardap,Gibeon
node/13555944541,Arbeidsgenot,,hamlet,,,,Karas,Berseba
node/2967068493,Oskop,,hamlet,,,,Hardap,Gibeon
node/3159312694,,,hamlet,,,,Hardap,Gibeon
way/310510942,,,,,,,Hardap,Gibeon
way/310510939,,,,,,,Hardap,Gibeon
way/310510938,,,,,,,Hardap,Gibeon
way/310510941,,,,,,,Hardap,Gibeon
node/3159312695,,,hamlet,,,,Hardap,Gibeon
node/13555944232,Kameelhaar Nord,,hamlet,,,,Hardap,Gibeon
node/5269950899,,,hamlet,,,,Hardap,Gibeon
node/2282923557,Asab,,isolated_dwelling,,,,Hardap,Gibeon
way/219088263,,,,,,,Hardap,Gibeon
way/124328862,,,,,,,Hardap,Gibeon
node/2572839825,Gibeon,,village,,,,Hardap,Gibeon
way/310509940,,,,,,,Hardap,Mariental Rural
node/13555939913,Glencoe,,hamlet,,,,Hardap,Gibeon
node/3190526308,,,hamlet,,,,Hardap,Gibeon
node/3161510819,,,hamlet,,,,Hardap,Gibeon
node/3161530567,,,hamlet,,,,Hardap,Gibeon
way/310690970,,,,,,,Hardap,Gibeon
node/3161511081,,,hamlet,,,,Hardap,Gibeon
node/3190573217,Witbooisvlei,,hamlet,,,,Hardap,Mariental Rural
node/3161511070,,,hamlet,,,,Hardap,Mariental Rural
way/310507155,,,,,,,Hardap,Mariental Rural
way/310505196,,,,,,,Hardap,Mariental Rural
way/310504726,,,,,,,Hardap,Mariental Rural
way/310506305,,,,,,,Hardap,Mariental Rural
way/310506304,,,,,,,Hardap,Mariental Rural
way/1107083005,Ou Stampriet,,,,,,Hardap,Mariental Rural
way/308953341,,,,,,,Hardap,Mariental Rural
node/243746215,Stampriet,,village,,,,Hardap,Mariental Rural
way/308953315,,,,,,,Hardap,Mariental Rural
node/3159617862,,,hamlet,,,,Hardap,Mariental Rural
way/916914444,,,,,,,Hardap,Mariental Rural
way/916914445,,,,,,,Hardap,Mariental Rural
way/1096829223,,,,,,,Hardap,Mariental Urban
way/24207621,,,,,,,Hardap,Mariental Rural
way/24207623,,,,,,,Hardap,Mariental Rural
way/24207260,,,,,,,Hardap,Mariental Urban
way/1238117927,,,,,,,Hardap,Mariental Urban
way/24207169,,,,,,,Hardap,Mariental Urban
node/5669837284,Mariental,,town,12478,,,Hardap,Mariental Urban
way/1085106311,,,,,,,Hardap,Mariental Urban
way/1085106261,,,,,,,Hardap,Mariental Urban
way/1264582899,,,,,,,Hardap,Mariental Urban
way/1085106314,,,,,,,Hardap,Mariental Urban
way/1085106264,,,,,,,Hardap,Mariental Urban
node/3162968095,Uibes,,village,,,,Hardap,Gibeon
way/216187006,,,,,,,Hardap,Gibeon
node/3162965449,,,hamlet,,,,Hardap,Gibeon
way/1354037042,,,,,,,Hardap,Gibeon
node/3162968326,,,hamlet,,,,Hardap,Gibeon
way/1354037043,,,,,,,Hardap,Gibeon
way/1229870792,,,,,,,Hardap,Gibeon
way/1227021928,,,,,,,Hardap,Gibeon
way/88640891,Andrewville,,,,,,Hardap,Gibeon
way/1227021929,,,,,,,Hardap,Gibeon
node/243709809,Maltahöhe,,village,,,,Hardap,Gibeon
way/911751507,,,,,,,Hardap,Rehoboth Rural
node/3188044063,Schlip,,village,,,,Hardap,Rehoboth Rural
way/312884167,,,,,,,Hardap,Rehoboth Rural
way/911759889,,,,,,,Hardap,Rehoboth Rural
way/312884170,Karanas Resettlement,,,,,,Hardap,Rehoboth Rural
node/10181682925,Witkop (resettlement),,hamlet,,,,Hardap,Rehoboth Rural
way/1463890206,,,,,,,Hardap,Rehoboth Rural
node/2578070352,Kauchas,,hamlet,,,,Hardap,Rehoboth Rural
way/911718079,,,,,,,Hardap,Rehoboth Rural
node/3188044084,,,hamlet,,,,Hardap,Rehoboth Rural
node/10181622898,Tsumis,,hamlet,,,,Hardap,Rehoboth Rural
node/10181683087,Nakaeis (resettlement),,hamlet,,,,Hardap,Rehoboth Rural
node/10181683010,Naris (resettlement),,hamlet,,,,Hardap,Rehoboth Rural
way/916844470,,,,,,,Hardap,Rehoboth Rural
node/8515544951,Tsumis Park,,village,,,,Hardap,Rehoboth Rural
way/916844469,,,,,,,Hardap,Rehoboth Rural
node/3189218356,,,hamlet,,,,Hardap,Mariental Rural
way/916587269,,,,,,,Hardap,Rehoboth Rural
way/916587249,,,,,,,Hardap,Rehoboth Rural
node/8513019378,Duineveld,,village,,,,Hardap,Rehoboth Rural
way/916587326,,,,,,,Hardap,Rehoboth Rural
node/3188044076,,,hamlet,,,,Hardap,Rehoboth Rural
way/192893496,,,,,,,Hardap,Rehoboth Rural
node/243710917,Kalkrand,,village,,,,Hardap,Rehoboth Rural
node/3186051284,,,hamlet,,,,Hardap,Mariental Rural
way/525204377,,,,,,,Hardap,Mariental Rural
node/8993456586,Hoachanas,,village,3500,,,Hardap,Mariental Rural
node/3188466375,,,hamlet,,,,Hardap,Mariental Rural
node/243763678,Uhlenhorst,,village,,,,Hardap,Mariental Rural
node/3186051301,,,hamlet,,,,Hardap,Mariental Rural
node/3186051415,,,hamlet,,,,Hardap,Mariental Rural
node/3186051277,,,hamlet,,,,Hardap,Mariental Rural
node/3186051405,,,hamlet,,,,Khomas,Windhoek Rural
node/3190054885,,,hamlet,,,,Khomas,Windhoek Rural
node/4919210249,,,hamlet,,,,Khomas,Windhoek Rural
node/4918093127,Ebenhaezer,,hamlet,,,,Omaheke,Aminius
way/1539514575,,,,,,,Khomas,Windhoek Rural
node/243765947,Nina,,hamlet,,,,Khomas,Windhoek Rural
node/6435089655,,,hamlet,,,,Omaheke,Gobabis
node/13935612764,Brack Oos,,hamlet,,,,Khomas,Windhoek Rural
node/13936620577,Hamis,,hamlet,,,,Khomas,Windhoek Rural
way/911515582,,,,,,,Khomas,Windhoek Rural
node/13936620555,Stinkwater,,hamlet,,,,Khomas,Windhoek Rural
way/911515529,,,,,,,Khomas,Windhoek Rural
way/911515589,,,,,,,Khomas,Windhoek Rural
way/911515533,,,,,,,Khomas,Windhoek Rural
way/977848530,,,,,,,Khomas,Windhoek Rural
way/911515600,,,,,,,Khomas,Windhoek Rural
way/977848529,Stinkwater,,,,,,Khomas,Windhoek Rural
way/911515522,,,,,,,Khomas,Windhoek Rural
way/651500891,,,,,,,Khomas,Windhoek Rural
node/6109594703,Dordabis,,hamlet,,,,Khomas,Windhoek Rural
way/651500893,,,,,,,Khomas,Windhoek Rural
way/1074667158,,,,,,,Khomas,Windhoek Rural
node/13936620574,Ibenstein,,hamlet,,,,Khomas,Windhoek Rural
node/13936620573,Hatsamas West,,hamlet,,,,Khomas,Windhoek Rural
way/1314600380,,,,,,,Khomas,Windhoek Rural
way/1314600381,,,,,,,Khomas,Windhoek Rural
way/1314668378,Richard vanwyk,,,,,,Khomas,Windhoek Rural
node/6822048979,,,hamlet,,,,Khomas,Windhoek Rural
node/6822048910,,,hamlet,,,,Khomas,Windhoek Rural
way/731747895,Sampan Resettlement,,,,,,Hardap,Rehoboth Urban East
way/729012650,Usib,,,,,,Hardap,Rehoboth Urban East
way/729185293,Sakomses Resettlement,,,,,,Hardap,Rehoboth Urban East
way/313037280,Rehoboth Station,,,,,,Khomas,Windhoek Rural
way/916844471,Ghobab,,,,,,Hardap,Rehoboth Rural
node/6213236003,,,hamlet,,,,Hardap,Rehoboth Urban East
node/89142290,Rehoboth,,town,,,,Hardap,Rehoboth Urban East
way/1012049009,,,,,,,Hardap,Rehoboth Urban West
way/1012049008,,,,,,,Hardap,Rehoboth Urban West
way/1012049007,,,,,,,Hardap,Rehoboth Urban West
way/1012049005,,,,,,,Hardap,Rehoboth Urban West
way/1159463196,,,,,,,Hardap,Rehoboth Urban East
way/1159463198,,,,,,,Hardap,Rehoboth Urban East
way/1159465253,,,,,,,Hardap,Rehoboth Urban East
way/1159465246,,,,,,,Hardap,Rehoboth Urban East
way/1159465243,,,,,,,Hardap,Rehoboth Urban East
way/1159465250,,,,,,,Hardap,Rehoboth Urban East
way/1159465244,,,,,,,Hardap,Rehoboth Urban East
way/1159465245,,,,,,,Hardap,Rehoboth Urban East
way/1159465846,,,,,,,Hardap,Rehoboth Urban East
way/1159465848,,,,,,,Hardap,Rehoboth Urban East
way/1159465847,,,,,,,Hardap,Rehoboth Urban East
way/1159465840,,,,,,,Hardap,Rehoboth Urban East
way/1159465836,,,,,,,Hardap,Rehoboth Urban East
way/1159465838,,,,,,,Hardap,Rehoboth Urban East
way/1159465839,,,,,,,Hardap,Rehoboth Urban East
way/1159465852,,,,,,,Hardap,Rehoboth Urban East
way/1159465837,,,,,,,Hardap,Rehoboth Urban East
way/1159465845,,,,,,,Hardap,Rehoboth Urban East
way/1159465851,,,,,,,Hardap,Rehoboth Urban East
way/1159465850,,,,,,,Hardap,Rehoboth Urban East
way/1159465841,,,,,,,Hardap,Rehoboth Urban East
way/1159465842,,,,,,,Hardap,Rehoboth Urban East
way/1159465843,,,,,,,Hardap,Rehoboth Urban East
way/1159465254,,,,,,,Hardap,Rehoboth Urban East
way/1159465849,,,,,,,Hardap,Rehoboth Urban East
way/1159465853,,,,,,,Hardap,Rehoboth Urban East
way/1159465844,,,,,,,Hardap,Rehoboth Urban East
way/1159465249,,,,,,,Hardap,Rehoboth Urban East
way/1159465251,,,,,,,Hardap,Rehoboth Urban East
way/1159465247,,,,,,,Hardap,Rehoboth Urban East
way/1159465248,,,,,,,Hardap,Rehoboth Urban East
way/1169009536,,,,,,,Hardap,Rehoboth Urban East
way/1169009534,,,,,,,Hardap,Rehoboth Urban East
way/1169009533,,,,,,,Hardap,Rehoboth Urban East
way/1159463197,,,,,,,Hardap,Rehoboth Urban East
way/1159463195,,,,,,,Hardap,Rehoboth Urban East
way/1169009535,,,,,,,Hardap,Rehoboth Urban East
way/1168984636,VSV/B4A/011,,,,,,Hardap,Rehoboth Urban East
way/1168984637,VSV/B4A/011A,,,,,,Hardap,Rehoboth Urban East
way/1168984627,VSV/B4A/022,,,,,,Hardap,Rehoboth Urban East
way/1168984630,VSV/B4A/021,,,,,,Hardap,Rehoboth Urban East
way/1168984628,VSV/B4A/023,,,,,,Hardap,Rehoboth Urban East
way/1168984629,VSV/B4A/028,,,,,,Hardap,Rehoboth Urban East
way/1168985377,,,,,,,Hardap,Rehoboth Urban East
way/1168984635,VSV/B4A/016,,,,,,Hardap,Rehoboth Urban East
way/1168984633,VSV/B4A/015,,,,,,Hardap,Rehoboth Urban East
way/1168984632,VSV/B4/100,,,,,,Hardap,Rehoboth Urban East
way/1168984631,VSV/B4A/014,,,,,,Hardap,Rehoboth Urban East
way/1168984634,VSV/B4/099,,,,,,Hardap,Rehoboth Urban East
way/1169011748,,,,,,,Hardap,Rehoboth Urban East
way/1169012753,,,,,,,Hardap,Rehoboth Urban East
way/1169011581,,,,,,,Hardap,Rehoboth Urban East
way/1169011580,,,,,,,Hardap,Rehoboth Urban East
way/1169011582,,,,,,,Hardap,Rehoboth Urban East
way/1164447811,BHK/B9/085,,,,,,Hardap,Rehoboth Urban East
way/1169011914,BHK/B7A/013,,,,,,Hardap,Rehoboth Urban East
way/1169011915,BHK/B7A/012,,,,,,Hardap,Rehoboth Urban East
way/1164463831,BHK/B7A/009,,,,,,Hardap,Rehoboth Urban East
way/1164463832,BHK/B7A/008,,,,,,Hardap,Rehoboth Urban East
way/1164463833,BHK/B7A/007,,,,,,Hardap,Rehoboth Urban East
way/1164463823,BHK/B7A/056,,,,,,Hardap,Rehoboth Urban East
way/1169012924,,,,,,,Hardap,Rehoboth Urban East
way/1164463821,BHK/B74A/054,,,,,,Hardap,Rehoboth Urban East
way/1164463845,BHK/B7/108,,,,,,Hardap,Rehoboth Urban East
way/1164463848,BHK/B7/109,,,,,,Hardap,Rehoboth Urban East
way/1164463828,BHK/B7A/052,,,,,,Hardap,Rehoboth Urban East
way/1164463834,BHK/B7/112,,,,,,Hardap,Rehoboth Urban East
way/1164463835,BHK/B7/098,,,,,,Hardap,Rehoboth Urban East
way/1164463851,BHK/B7/100,,,,,,Hardap,Rehoboth Urban East
way/1164463850,BHK/B7/111,,,,,,Hardap,Rehoboth Urban East
way/1164463849,BHK/B7/110,,,,,,Hardap,Rehoboth Urban East
way/1164463852,BHK/B7/102,,,,,,Hardap,Rehoboth Urban East
way/1164463847,BHK/B7/104,,,,,,Hardap,Rehoboth Urban East
way/1164463841,BHK/B7/103,,,,,,Hardap,Rehoboth Urban East
way/1164463840,BHK/B7/101,,,,,,Hardap,Rehoboth Urban East
way/1164463842,BHK/B7/103,,,,,,Hardap,Rehoboth Urban East
way/1164454810,BHK/B7/067,,,,,,Hardap,Rehoboth Urban East
way/1164454809,BHK/B7/099,,,,,,Hardap,Rehoboth Urban East
way/1164454807,BHK/B7/097,,,,,,Hardap,Rehoboth Urban East
way/1164454808,BHK/B7/099A,,,,,,Hardap,Rehoboth Urban East
way/1164463836,BHK/B7/096,,,,,,Hardap,Rehoboth Urban East
way/1164463837,BHK/B7/094,,,,,,Hardap,Rehoboth Urban East
way/1164463838,BHK/B7/113,,,,,,Hardap,Rehoboth Urban East
way/1164463839,BHK/B7/114,,,,,,Hardap,Rehoboth Urban East
way/1161742140,BHK/B7A/005,,,,,,Hardap,Rehoboth Urban East
way/1169011913,BHK/B7A/012,,,,,,Hardap,Rehoboth Urban East
way/1169011917,BHK/B7A/001,,,,,,Hardap,Rehoboth Urban East
way/1169011918,BHK/B7A/022,,,,,,Hardap,Rehoboth Urban East
way/1169011916,BHK/B7A/021,,,,,,Hardap,Rehoboth Urban East
way/1169011922,BHK/B7A/015,,,,,,Hardap,Rehoboth Urban East
way/1169011921,BHK/B7A/027,,,,,,Hardap,Rehoboth Urban East
way/1169011919,BHK/B7A/020,,,,,,Hardap,Rehoboth Urban East
way/1169011920,BHK/B7A/019,,,,,,Hardap,Rehoboth Urban East
way/1169012086,BHK/B6/054,,,,,,Hardap,Rehoboth Urban East
way/1159468337,BHK/B1/081,,,,,,Hardap,Rehoboth Urban East
way/1169012122,BHK/B1/077,,,,,,Hardap,Rehoboth Urban East
way/1169012121,BHK/B1/075,,,,,,Hardap,Rehoboth Urban East
way/1169012120,BHK/B1/076,,,,,,Hardap,Rehoboth Urban East
way/1169018357,,,,,,,Hardap,Rehoboth Urban East
way/1164454804,BHK/B7/093,,,,,,Hardap,Rehoboth Urban East
way/1164454811,BHK/B7/091,,,,,,Hardap,Rehoboth Urban East
way/1164454801,BHK/B7/076,,,,,,Hardap,Rehoboth Urban East
way/1164454812,BHK/B7/089A,,,,,,Hardap,Rehoboth Urban East
way/1169017507,BHK/B7/089,,,,,,Hardap,Rehoboth Urban East
way/1164454786,BHK/B7/079,,,,,,Hardap,Rehoboth Urban East
way/1164454784,BHK/B7/006,,,,,,Hardap,Rehoboth Urban East
way/1164454785,BHK/B7/011,,,,,,Hardap,Rehoboth Urban East
way/1164454795,BHK/B7/021,,,,,,Hardap,Rehoboth Urban East
way/1164454794,BHK/B7/019,,,,,,Hardap,Rehoboth Urban East
way/1164454793,BHK/B7/017,,,,,,Hardap,Rehoboth Urban East
way/1164454790,BHK/B7/015,,,,,,Hardap,Rehoboth Urban East
way/1164454787,BHK/B7/077,,,,,,Hardap,Rehoboth Urban East
way/1164454789,BHK/B7/075,,,,,,Hardap,Rehoboth Urban East
way/1164454791,BHK/B7/073A,,,,,,Hardap,Rehoboth Urban East
way/1164454802,BHK/B7/074,,,,,,Hardap,Rehoboth Urban East
way/1164454805,BHK/B7/093,,,,,,Hardap,Rehoboth Urban East
way/1164454803,BHK/B7/071,,,,,,Hardap,Rehoboth Urban East
way/1164454806,BHK/B7/069,,,,,,Hardap,Rehoboth Urban East
way/1164454792,BHK/B7/073,,,,,,Hardap,Rehoboth Urban East
way/1164454797,BHK/B7/072,,,,,,Hardap,Rehoboth Urban East
way/1164454796,BHK/B7/023,,,,,,Hardap,Rehoboth Urban East
way/1164454798,BHK/B7/070,,,,,,Hardap,Rehoboth Urban East
way/1164454800,BHK/B7/068,,,,,,Hardap,Rehoboth Urban East
way/1164454799,BHK/B7/026,,,,,,Hardap,Rehoboth Urban East
way/1164451788,BHK/B7/028,,,,,,Hardap,Rehoboth Urban East
way/1164451789,BHK/B7/030,,,,,,Hardap,Rehoboth Urban East
way/1164451792,BHK/B7/027,,,,,,Hardap,Rehoboth Urban East
way/1164451800,BHK/B7/024,,,,,,Hardap,Rehoboth Urban East
way/1164451801,BHK/B7/025,,,,,,Hardap,Rehoboth Urban East
way/1164451793,BHK/B7/029,,,,,,Hardap,Rehoboth Urban East
way/1164451794,BHK/B7/031,,,,,,Hardap,Rehoboth Urban East
way/1164451795,BHK/B7/033,,,,,,Hardap,Rehoboth Urban East
way/1159462531,BHK/B8/22A,,,,,,Hardap,Rehoboth Urban East
way/1159462532,BHK/B8/25A,,,,,,Hardap,Rehoboth Urban East
way/1159462530,BHK/B8/023,,,,,,Hardap,Rehoboth Urban East
way/1159462538,BHK/B8/019,,,,,,Hardap,Rehoboth Urban East
way/1159462539,BHK/B8/021,,,,,,Hardap,Rehoboth Urban East
way/1169014258,BHK/B8/016,,,,,,Hardap,Rehoboth Urban East
way/1169014259,BHK/B8/027,,,,,,Hardap,Rehoboth Urban East
way/1159462533,BHK/B8/020,,,,,,Hardap,Rehoboth Urban East
way/1169014260,BHK/B8/025,,,,,,Hardap,Rehoboth Urban East
way/1159462547,BHK/B8/012,,,,,,Hardap,Rehoboth Urban East
way/1169014257,BHK/B8/014,,,,,,Hardap,Rehoboth Urban East
way/1159462548,BHK/B7/107,,,,,,Hardap,Rehoboth Urban East
way/1164451799,BHK/B7/036,,,,,,Hardap,Rehoboth Urban East
way/1164451798,BHK/B7/035,,,,,,Hardap,Rehoboth Urban East
way/1159461982,,,,,,,Hardap,Rehoboth Urban East
way/1164454948,BHK/B7/040,,,,,,Hardap,Rehoboth Urban East
way/1164454950,BHK/B7/039,,,,,,Hardap,Rehoboth Urban East
way/1164454951,BHK/B7/037,,,,,,Hardap,Rehoboth Urban East
way/1164454949,BHK/B7/055,,,,,,Hardap,Rehoboth Urban East
way/1164454947,BHK/B7/041,,,,,,Hardap,Rehoboth Urban East
way/1164454946,BHK/B7/054,,,,,,Hardap,Rehoboth Urban East
way/1169016210,BHK/B7/056,,,,,,Hardap,Rehoboth Urban East
way/1164451797,BHK/B7/034,,,,,,Hardap,Rehoboth Urban East
way/1164451796,BHK/B7/034 (NUMERATION MISTAKE),,,,,,Hardap,Rehoboth Urban East
way/1164451791,BHK/B7/032,,,,,,Hardap,Rehoboth Urban East
way/1169016211,BHK/B7/060,,,,,,Hardap,Rehoboth Urban East
way/1164451790,BHK/B7/062,,,,,,Hardap,Rehoboth Urban East
way/1164451787,BHK/B7/064,,,,,,Hardap,Rehoboth Urban East
way/1164463843,BHK/B7/065,,,,,,Hardap,Rehoboth Urban East
way/1164456291,BHK/B7/104,,,,,,Hardap,Rehoboth Urban East
way/1164456292,BHK/B7/109,,,,,,Hardap,Rehoboth Urban East
way/1164454953,BHK/B7/048,,,,,,Hardap,Rehoboth Urban East
way/1164454952,BHK/B7/047,,,,,,Hardap,Rehoboth Urban East
way/1169016221,BHK/B7/049,,,,,,Hardap,Rehoboth Urban East
way/1164456290,BHK/B7/106,,,,,,Hardap,Rehoboth Urban East
way/1164454941,BHK/B7/044,,,,,,Hardap,Rehoboth Urban East
way/1164454940,BHK/B7/051,,,,,,Hardap,Rehoboth Urban East
way/1164454938,BHK/B7/046,,,,,,Hardap,Rehoboth Urban East
way/1164463846,BHK/B7106,,,,,,Hardap,Rehoboth Urban East
way/1164463844,BHK/B7/047,,,,,,Hardap,Rehoboth Urban East
way/1164454939,BHK/B7/045,,,,,,Hardap,Rehoboth Urban East
way/1169016217,BHK/B8/006,,,,,,Hardap,Rehoboth Urban East
way/1164454942,BHK/B7/043,,,,,,Hardap,Rehoboth Urban East
way/1164454944,BHK/B7/052,,,,,,Hardap,Rehoboth Urban East
way/1164454945,BHK/B7/053,,,,,,Hardap,Rehoboth Urban East
way/1169016219,BHK/B7/042,,,,,,Hardap,Rehoboth Urban East
way/1164454943,BHK/B7/043A,,,,,,Hardap,Rehoboth Urban East
way/1169016213,BHK/B8/008,,,,,,Hardap,Rehoboth Urban East
way/1169016212,BHK/B8/009,,,,,,Hardap,Rehoboth Urban East
way/1169016220,BHK/B8/009A,,,,,,Hardap,Rehoboth Urban East
way/1169016214,BHK/B8/030,,,,,,Hardap,Rehoboth Urban East
way/1169016215,BHK/B8/007,,,,,,Hardap,Rehoboth Urban East
way/1169016216,BHK/B8/031,,,,,,Hardap,Rehoboth Urban East
way/1169016218,BHK/B8/032,,,,,,Hardap,Rehoboth Urban East
way/1169013865,BHK/B8/007,,,,,,Hardap,Rehoboth Urban East
way/1159464885,BHK/B8/008,,,,,,Hardap,Rehoboth Urban East
way/1159464884,BHK/B8A/009,,,,,,Hardap,Rehoboth Urban East
way/1159464881,BHK/B8A/010,,,,,,Hardap,Rehoboth Urban East
way/1159464880,BHK/B8/097,,,,,,Hardap,Rehoboth Urban East
way/1159464878,BHK/B8/093,,,,,,Hardap,Rehoboth Urban East
way/1159464879,BHK/B8A/015,,,,,,Hardap,Rehoboth Urban East
way/1159464877,BHK/B8A/017,,,,,,Hardap,Rehoboth Urban East
way/1159464896,BHK/B8/014,,,,,,Hardap,Rehoboth Urban East
way/1159464882,BHK/B8/014,,,,,,Hardap,Rehoboth Urban East
way/1159464883,BHK/B8/011,,,,,,Hardap,Rehoboth Urban East
way/1159464897,BHK/B8/012,,,,,,Hardap,Rehoboth Urban East
way/1159464895,,,,,,,Hardap,Rehoboth Urban East
way/1159467696,BHK/B10/089,,,,,,Hardap,Rehoboth Urban East
way/1159467692,BHK/B10/091,,,,,,Hardap,Rehoboth Urban East
way/1159467697,BHK/B10/079,,,,,,Hardap,Rehoboth Urban East
way/1159467691,BHK/B10/078A,,,,,,Hardap,Rehoboth Urban East
way/1169012852,BHK/B10/080,,,,,,Hardap,Rehoboth Urban East
way/1159467690,BHK/B10/081,,,,,,Hardap,Rehoboth Urban East
way/1159467689,BHK/B10/083,,,,,,Hardap,Rehoboth Urban East
way/1159464890,,,,,,,Hardap,Rehoboth Urban East
way/1159464894,,,,,,,Hardap,Rehoboth Urban East
way/1159464893,,,,,,,Hardap,Rehoboth Urban East
way/1159464892,,,,,,,Hardap,Rehoboth Urban East
way/1159464891,,,,,,,Hardap,Rehoboth Urban East
way/1159464889,,,,,,,Hardap,Rehoboth Urban East
way/1159464888,,,,,,,Hardap,Rehoboth Urban East
way/1159464886,,,,,,,Hardap,Rehoboth Urban East
way/1159464887,,,,,,,Hardap,Rehoboth Urban East
way/1159467694,BHK/B10/095,,,,,,Hardap,Rehoboth Urban East
way/1159467695,BHK/B10/096,,,,,,Hardap,Rehoboth Urban East
way/1169012851,BHK/B10/093,,,,,,Hardap,Rehoboth Urban East
way/1159467693,BHK/B10/092,,,,,,Hardap,Rehoboth Urban East
node/3189607859,,,hamlet,,,,Hardap,Rehoboth Urban East
way/731747901,Koedokop Resettlement (1),,,,,,Hardap,Rehoboth Urban West
way/921818631,Koedoekop Camp,,,,,,Hardap,Rehoboth Urban West
way/731747896,Koedokop Resettlement (2),,,,,,Hardap,Rehoboth Urban West
node/3189609024,,,hamlet,,,,Hardap,Rehoboth Urban West
node/3189634616,,,hamlet,,,,Khomas,Windhoek Rural
way/914374737,,,,,,,Khomas,Windhoek Rural
way/914374731,,,,,,,Khomas,Windhoek Rural
node/4922598383,Brigadoon,,hamlet,,,,Khomas,Windhoek Rural
way/911146832,,,,,,,Khomas,Windhoek Rural
node/4927046529,Krumneck,,hamlet,,,,Khomas,Windhoek Rural
node/3189635234,,,hamlet,,,,Khomas,Windhoek Rural
node/3189635353,Oamites,,village,,,,Khomas,Windhoek Rural
way/665859513,,,,,,,Khomas,Windhoek Rural
node/6822048993,,,hamlet,,,,Khomas,Windhoek Rural
node/6822048981,,,hamlet,,,,Khomas,Windhoek Rural
way/313040035,,,,,,,Khomas,Windhoek Rural
way/914470385,,,,,,,Khomas,Windhoek Rural
way/717779422,,,,,,,Khomas,Windhoek Rural
way/313040050,,,,,,,Khomas,Windhoek Rural
way/912002009,,,,,,,Khomas,Windhoek Rural
way/313040023,,,,,,,Khomas,Windhoek Rural
way/911969785,,,,,,,Khomas,Windhoek Rural
node/2486348246,Crinium Lake Estate,,hamlet,,,,Khomas,Windhoek Rural
node/2486348243,MountainView Estate,,hamlet,,,,Khomas,Windhoek Rural
way/1271221606,Ongwena Townhouses,,,,,,Khomas,Windhoek Rural
way/88820733,Omeya Golf & Residential Oasis,,suburb,,,,Khomas,Windhoek Rural
way/713718268,,,,,,,Khomas,Windhoek Rural
way/224242013,Batsa Townhouses,,,,,,Khomas,Windhoek Rural
way/224231941,OMITO Townhouses,,,,,,Khomas,Windhoek Rural
way/718067422,,,,,,,Khomas,Windhoek Rural
node/4345433838,Tranquility Nature Estate,,hamlet,,,,Khomas,Windhoek Rural
way/436666418,,,,,,,Khomas,Windhoek Rural
way/313040021,,,,,,,Khomas,Windhoek Rural
node/3189634837,Harmony Mountain Village,,hamlet,,,,Khomas,Windhoek Rural
node/4345433837,Ziveli Village,,hamlet,,,,Khomas,Windhoek Rural
way/1305953472,,,,,,,Khomas,Windhoek Rural
way/484203889,,,,,,,Khomas,Windhoek East
way/484203888,,,,,,,Khomas,Windhoek West
way/484203885,,,,,,,Khomas,Windhoek West
relation/17913422,Regenstein,,,,,,Khomas,Windhoek Rural
way/913655071,,,,,,,Khomas,Windhoek West
way/913655079,,,,,,,Khomas,Windhoek West
way/913655053,,,,,,,Khomas,Windhoek West
way/913655070,,,,,,,Khomas,Windhoek West
way/1040243510,,,,,,,Khomas,Windhoek Rural
node/4289114058,,,hamlet,,,,Khomas,Windhoek Rural
node/4297406052,,,hamlet,,,,Khomas,Windhoek Rural
node/3439574944,,,hamlet,,,,Khomas,Windhoek Rural
node/4225930397,,,hamlet,,,,Khomas,Windhoek Rural
node/3439623379,Kos,,hamlet,,,,Khomas,Windhoek Rural
way/925597573,,,,,,,Khomas,Windhoek Rural
node/716688042,Gamsberg Research Station,,hamlet,,,,Khomas,Windhoek Rural
node/3440706399,,,hamlet,,,,Khomas,Windhoek Rural
node/4210855988,,,hamlet,,,,Khomas,Windhoek Rural
node/4356494060,,,hamlet,,,,Khomas,Windhoek Rural
node/3443306045,,,hamlet,,,,Khomas,Windhoek Rural
node/4306184255,,,hamlet,,,,Hardap,Rehoboth Rural
node/4392475098,,,hamlet,,,,Hardap,Rehoboth Rural
node/4370222370,Haalsrivier,,hamlet,,,,Hardap,Rehoboth Rural
node/4370222362,,,hamlet,,,,Khomas,Windhoek Rural
way/171900958,High Energy Stereoscopic System,,isolated_dwelling,,,,Khomas,Windhoek Rural
node/4005529207,,,hamlet,,,,Khomas,Windhoek Rural
node/4226934673,,,hamlet,,,,Khomas,Windhoek Rural
way/311314812,Naos,,,,,,Khomas,Windhoek Rural
node/4306957536,,,hamlet,,,,Hardap,Rehoboth Rural
way/1257428437,,,,,,,Hardap,Rehoboth Rural
node/4252985302,,,hamlet,,,,Khomas,Windhoek Rural
node/4252985415,,,hamlet,,,,Khomas,Windhoek Rural
way/313116032,,,,,,,Hardap,Rehoboth Rural
node/5332476193,Klein Aub,,village,,,,Hardap,Rehoboth Rural
way/1012053024,,,,,,,Hardap,Rehoboth Rural
node/9337073801,Nabaseb,,hamlet,,,,Hardap,Rehoboth Rural
node/4920405491,,,hamlet,,,,Hardap,Rehoboth Rural
node/2574212277,Rietoog,,village,,,,Hardap,Rehoboth Rural
way/661395133,,,,,,,Hardap,Rehoboth Rural
way/661395135,Sonop,,,,,,Hardap,Rehoboth Rural
node/3186040813,,,hamlet,,,,Khomas,Windhoek Rural
node/3186040833,,,hamlet,,,,Khomas,Windhoek Rural
node/4920169550,,,hamlet,,,,Hardap,Gibeon
node/6668766739,Solitaire,,hamlet,,,,Khomas,Windhoek Rural
node/3441430933,Camp Gecko,,hamlet,,,,Khomas,Windhoek Rural
node/4021088752,,,hamlet,,,,Khomas,Windhoek Rural
node/3440807545,,,hamlet,,,,Khomas,Windhoek Rural
node/3440807638,,,hamlet,,,,Khomas,Windhoek Rural
node/4920533659,,,hamlet,,,,Hardap,Rehoboth Rural
node/4920781788,,,hamlet,,,,Hardap,Rehoboth Rural
node/4920541483,,,hamlet,,,,Hardap,Rehoboth Rural
node/4263214627,,,hamlet,,,,Khomas,Windhoek Rural
node/243786013,Nauchas,,hamlet,,,,Khomas,Windhoek Rural
node/3441194624,,,hamlet,,,,Khomas,Windhoek Rural
node/3441288601,,,hamlet,,,,Khomas,Windhoek Rural
node/3441195224,,,hamlet,,,,Hardap,Rehoboth Rural
node/3993978154,,,hamlet,,,,Khomas,Windhoek Rural
node/2139864860,Swartkrans,,hamlet,,,,Khomas,Windhoek Rural
node/2832138439,,,hamlet,,,,Khomas,Windhoek Rural
node/2831993871,Koppies,,hamlet,,,,Khomas,Windhoek Rural
node/3994053382,,,hamlet,,,,Khomas,Windhoek Rural
node/2129071938,Witberg,,hamlet,,,,Khomas,Windhoek Rural
node/1745825911,Dagbreek,,hamlet,,,,Khomas,Windhoek Rural
node/1947780607,Dagbreek II,,hamlet,,,,Khomas,Windhoek Rural
node/3447208524,,,hamlet,,,,Khomas,Windhoek Rural
node/2835188744,,,hamlet,,,,Khomas,Windhoek Rural
node/4690252369,Rostock Ritz,,hamlet,,,,Khomas,Windhoek Rural
node/697449142,Oase,,hamlet,,,,Khomas,Windhoek Rural
way/506338626,,,,,,,Hardap,Gibeon
way/90525689,Namib Desert Lodge,,,,,,Hardap,Gibeon
node/3957282847,Middlepos,,isolated_dwelling,,,,Hardap,Gibeon
way/985467472,Topnaar Settlement Homeb,,isolated_dwelling,,,,Erongo,Walvis Bay Rural
way/985466426,Topnaar Settlement,,isolated_dwelling,,,,Erongo,Walvis Bay Rural
node/1745766938,Old Rostock Farmhouse,,hamlet,,,,Khomas,Windhoek Rural
node/4021482732,,,hamlet,,,,Khomas,Windhoek Rural
node/3439479074,,,hamlet,,,,Erongo,Karibib
node/13546421982,Komuanab,,hamlet,,,,Erongo,Karibib
node/3214284936,,,hamlet,,,,Erongo,Arandis
way/655675220,,,,,,,Erongo,Arandis
node/3650476972,Goanikontes,,hamlet,,,,Erongo,Arandis
node/4352806533,Birkenfels,,hamlet,,,,Erongo,Arandis
way/985175019,Topnaar Settlement,,isolated_dwelling,,,,Erongo,Walvis Bay Rural
node/12992842560,Swartbank,,hamlet,,,,Erongo,Walvis Bay Rural
way/985174842,Topnaar settlement,,isolated_dwelling,,,,Erongo,Walvis Bay Rural
node/12992842561,Klipneus,,hamlet,,,,Erongo,Walvis Bay Rural
node/12992842559,Edoseb,,hamlet,,,,Erongo,Walvis Bay Rural
node/9048324989,Utuseb,,hamlet,,,,Erongo,Walvis Bay Rural
node/12992842558,Urutas,,hamlet,,,,Erongo,Walvis Bay Rural
way/510549588,,,,,,,Erongo,Walvis Bay Rural
way/186124463,,,,,,,Erongo,Walvis Bay Rural
way/186124469,,,,,,,Erongo,Walvis Bay Rural
way/976586172,,,,,,,Erongo,Walvis Bay Rural
way/976586171,,,,,,,Erongo,Walvis Bay Rural
way/485640306,,,,,,,Erongo,Walvis Bay Urban
way/485640305,,,,,,,Erongo,Walvis Bay Urban
way/485640297,,,,,,,Erongo,Walvis Bay Urban
way/485640301,,,,,,,Erongo,Walvis Bay Urban
way/485640303,,,,,,,Erongo,Walvis Bay Urban
way/485398245,,,,,,,Erongo,Walvis Bay Urban
way/485398246,,,,,,,Erongo,Walvis Bay Urban
way/485638167,,,,,,,Erongo,Walvis Bay Urban
way/485638168,,,,,,,Erongo,Walvis Bay Urban
way/485638169,,,,,,,Erongo,Walvis Bay Urban
way/485638166,,,,,,,Erongo,Walvis Bay Urban
way/485640307,,,,,,,Erongo,Walvis Bay Urban
way/485638163,,,,,,,Erongo,Walvis Bay Urban
way/485638164,,,,,,,Erongo,Walvis Bay Urban
way/485396338,,,,,,,Erongo,Walvis Bay Urban
way/485396342,,,,,,,Erongo,Walvis Bay Urban
way/485395579,,,,,,,Erongo,Walvis Bay Urban
way/485396340,,,,,,,Erongo,Walvis Bay Urban
way/485395576,,,,,,,Erongo,Walvis Bay Urban
way/485395574,,,,,,,Erongo,Walvis Bay Urban
way/485641396,,,,,,,Erongo,Walvis Bay Urban
way/485395571,Meersig Extension I,,,,,,Erongo,Walvis Bay Urban
way/485395575,,,,,,,Erongo,Walvis Bay Urban
way/485640323,,,,,,,Erongo,Walvis Bay Urban
way/485636584,,,,,,,Erongo,Walvis Bay Urban
way/485640308,,,,,,,Erongo,Walvis Bay Urban
way/485636585,,,,,,,Erongo,Walvis Bay Urban
way/485395569,,,,,,,Erongo,Walvis Bay Rural
way/485398250,,,,,,,Erongo,Walvis Bay Urban
node/33364834,Walvis Bay,,city,62096,,,Erongo,Walvis Bay Urban
way/485638174,,,,,,,Erongo,Walvis Bay Urban
way/485635960,,,,,,,Erongo,Walvis Bay Urban
way/485398735,,,,,,,Erongo,Walvis Bay Urban
way/485635955,,,,,,,Erongo,Walvis Bay Urban
way/485635957,,,,,,,Erongo,Walvis Bay Urban
way/485635956,,,,,,,Erongo,Walvis Bay Urban
